dataset,predictor,traversal,pairing,K,dictionary_entries,pair_entropy,coverage,hits,pairs,encoded_bits,raw_bits,bpw,ratio,sha256
random,left,row,traversal,16,16,10.857532012934172,0.00048828125,1,2048,33205,28672,8.106689453125,1.1580984933035714,a06d2d3a5e18eca2e5d9b7e8d6dd5ee870a66826e221abb2ae71a06c4895ba8b
random,left,row,traversal,32,32,10.857532012934172,0.0029296875,6,2048,33412,28672,8.1572265625,1.1653180803571428,52e24b8dfe6b956892bea644c900097d93d43a06ed8f0c27da1e0c1ce981ee65
random,left,row,traversal,64,64,10.857532012934172,0.00439453125,9,2048,33903,28672,8.277099609375,1.1824428013392858,69200573649c1632299f982851c72a85520397aaff40e49806e2f079077642ed
random,left,row,traversal,128,128,10.857532012934172,0.00634765625,13,2048,34904,28672,8.521484375,1.2173549107142858,39e56a1d6bded905760bf4d52d9e1ba509ab827feadc810854a416c38b8caf3b
random,left,row,traversal,256,256,10.857532012934172,0.013671875,28,2048,36860,28672,8.9990234375,1.2855747767857142,cecb66327253b4a346dfdd635f231a3190581fbac647587eca634cc11a54a973
random,left,row,horizontal,16,16,10.857532012934172,0.00048828125,1,2048,33205,28672,8.106689453125,1.1580984933035714,cc22688f8bf5eb64af6e8747bec0433115b1538b57d733e6e0c3b9126cd25f05
random,left,row,horizontal,32,32,10.857532012934172,0.0029296875,6,2048,33412,28672,8.1572265625,1.1653180803571428,4b5b77e5c82192dc23671d278e62b1c43370941b911f7dd501952caf537d566e
random,left,row,horizontal,64,64,10.857532012934172,0.00439453125,9,2048,33903,28672,8.277099609375,1.1824428013392858,40abe8b5addcdef2045d9c6642bc92be80cefc982dd92f1542bc01ae7fb1af17
random,left,row,horizontal,128,128,10.857532012934172,0.00634765625,13,2048,34904,28672,8.521484375,1.2173549107142858,cb4fb25984f1c642b5d68e5e1c00ab68c87a8838285dbcabd7bf1731e777b6bf
random,left,row,horizontal,256,256,10.857532012934172,0.013671875,28,2048,36860,28672,8.9990234375,1.2855747767857142,c0ab99def3b9574b87a2b52b101bca002dc7fcaa85a6c4df38ba64260117ea4a
random,left,row,vertical,16,16,10.887197485347336,0.00048828125,1,2048,33205,28672,8.106689453125,1.1580984933035714,9d0c4d1b4387ffe941c1b5b753e29e6b1820ea3d0c15a258f4244c60a5b79462
random,left,row,vertical,32,32,10.887197485347336,0.001953125,4,2048,33432,28672,8.162109375,1.166015625,367a29e3ee91655705f790b9d6e733def38fd60a2cc03b373a1b61b0c2c06893
random,left,row,vertical,64,64,10.887197485347336,0.00390625,8,2048,33912,28672,8.279296875,1.1827566964285714,157994880e726cebad8e45274469684d5c2874733ce6fea13a9177d443a12de3
random,left,row,vertical,128,128,10.887197485347336,0.00927734375,19,2048,34856,28672,8.509765625,1.2156808035714286,c70ec86317540720f80994d27c2097ca300d5b88f38e32b77893ad9d0a579cdb
random,left,row,vertical,256,256,10.887197485347336,0.02001953125,41,2048,36769,28672,8.976806640625,1.2824009486607142,fc7a2a7f2b78e12d2926c09e83927830aeab8bfcd46ad42938bda43c7412ba6c
random,left,serp,traversal,16,16,10.876086700434172,0.0009765625,2,2048,33194,28672,8.10400390625,1.15771484375,5b5bc6326b8dfac6b259de901dcd7d35b7e340221d97bc7d56fc08837a3bcf27
random,left,serp,traversal,32,32,10.876086700434172,0.00146484375,3,2048,33442,28672,8.16455078125,1.1663643973214286,85cf7da27d42396e1dc19e3e18aa0f9d8688dcc1f4de92f53541196ea96f5a39
random,left,serp,traversal,64,64,10.876086700434172,0.00439453125,9,2048,33903,28672,8.277099609375,1.1824428013392858,66c5d7941b09a9236d1b96aff5d66eb659f14af9c7663d0a35dbdd33454c6f77
random,left,serp,traversal,128,128,10.876086700434172,0.0068359375,14,2048,34896,28672,8.51953125,1.2170758928571428,4fb80f3bb06743b34f8eb636dde2051c2cf1b0b4e183a4984464d978d5457b53
random,left,serp,traversal,256,256,10.876086700434172,0.0146484375,30,2048,36846,28672,8.99560546875,1.2850864955357142,6bed308540f97f50250483a294c9a01004116bd8d2df201e698920d33cf7dd81
random,left,serp,horizontal,16,16,10.867058270260502,0.0,0,2048,33216,28672,8.109375,1.1584821428571428,46a86b382969afc73d93c24bf3b09ab28f7ea4e6b6414c55cbaa90bf1016f6e5
random,left,serp,horizontal,32,32,10.867058270260502,0.001953125,4,2048,33432,28672,8.162109375,1.166015625,10e4f3d39dbb291566c3bafe56d0cfe20908b2771504ecfd756bf9aa42e98f97
random,left,serp,horizontal,64,64,10.867058270260502,0.00244140625,5,2048,33939,28672,8.285888671875,1.1836983816964286,2e0d2a5bdd61d290eb58b4a464b94d25cbb9c3d5206691e26c3e274892b6f964
random,left,serp,horizontal,128,128,10.867058270260502,0.0068359375,14,2048,34896,28672,8.51953125,1.2170758928571428,3987852ea44f9e2a7d866f4fadfbce0434f3e140d3239a84f69cd67e4db99a89
random,left,serp,horizontal,256,256,10.867058270260502,0.01318359375,27,2048,36867,28672,9.000732421875,1.2858189174107142,c87e628ad53624c56c2e87ec5fceaf254ad12488378ca94125e40a00b68b6c76
random,left,serp,vertical,16,16,10.878777020260502,0.00048828125,1,2048,33205,28672,8.106689453125,1.1580984933035714,55f2f04b6c761a8e09811e2f917da88fd924d8a7965f97743e05f46b310767ee
random,left,serp,vertical,32,32,10.878777020260502,0.00146484375,3,2048,33442,28672,8.16455078125,1.1663643973214286,4ea49c50ee872ce5a277030a212a0feed396220a7f55d891fd7f84ea7f2f8866
random,left,serp,vertical,64,64,10.878777020260502,0.0029296875,6,2048,33930,28672,8.28369140625,1.1833844866071428,219355c381438fe91c579d1f78173f021d1982904ae4d47638ac27976b05569d
random,left,serp,vertical,128,128,10.878777020260502,0.005859375,12,2048,34912,28672,8.5234375,1.2176339285714286,62faf65de9415eefb5ee05ba394a0e24159d10d17e9c00e60d62faf0e9da5eb3
random,left,serp,vertical,256,256,10.878777020260502,0.01513671875,31,2048,36839,28672,8.993896484375,1.2848423549107142,4949f941adbc5b90f831896bd269c616d796480cbb8e61ccdbde35cb3ae33304
random,left,col,traversal,16,16,10.884267797847336,0.00048828125,1,2048,33205,28672,8.106689453125,1.1580984933035714,344dd035c822312765772948d0b146420d522bbb620078a4f4e48e944addb16e
random,left,col,traversal,32,32,10.884267797847336,0.001953125,4,2048,33432,28672,8.162109375,1.166015625,6fe79f87e27c29a27485f60865adcb1e550bb562ae853880321cfdb1f2adb739
random,left,col,traversal,64,64,10.884267797847336,0.00390625,8,2048,33912,28672,8.279296875,1.1827566964285714,1e48d538f43bba425a2bac5763bb6df976b57663b7722ff24b9a15f953b8f54c
random,left,col,traversal,128,128,10.884267797847336,0.00830078125,17,2048,34872,28672,8.513671875,1.2162388392857142,41878c003233d46afa83d0adbbd1214e677f7a8d704c67c454ddfbdb283c7840
random,left,col,traversal,256,256,10.884267797847336,0.01708984375,35,2048,36811,28672,8.987060546875,1.2838657924107142,ad9099e82a714dedafd061de6f8ed8126fab9a4b8bc4e66d358a1762d51b0df0
random,left,col,horizontal,16,16,10.857900610347336,0.00048828125,1,2048,33205,28672,8.106689453125,1.1580984933035714,3d71c992f4f797eb7fd68658675583507e3e8dc5fb12069839bba769a9caddb1
random,left,col,horizontal,32,32,10.857900610347336,0.0029296875,6,2048,33412,28672,8.1572265625,1.1653180803571428,8851eba2b84fb33fe25a67d9a8a6e0265e233a03b07f258861097a1caa8465bb
random,left,col,horizontal,64,64,10.857900610347336,0.0048828125,10,2048,33894,28672,8.27490234375,1.18212890625,221d6003a5a2cb71d62c432bdb4b1c7dcf23c69f0160c4ceba3c349da119ba13
random,left,col,horizontal,128,128,10.857900610347336,0.00732421875,15,2048,34888,28672,8.517578125,1.216796875,d6eb2be7f7f1bf60d324f8cb2c3a0e746493985b29bb2378d9deb246d17cf8ad
random,left,col,horizontal,256,256,10.857900610347336,0.015625,32,2048,36832,28672,8.9921875,1.2845982142857142,8dc5631e1e0009017b550186be0707601a208ab592a457d272126cf88831d8f5
random,left,col,vertical,16,16,10.884267797847336,0.00048828125,1,2048,33205,28672,8.106689453125,1.1580984933035714,2e1a4c12b6faebbb71456040da46359f559d1a76a4d2e3d07733394ba9fbc520
random,left,col,vertical,32,32,10.884267797847336,0.001953125,4,2048,33432,28672,8.162109375,1.166015625,93f9849f2a410aae21bfb3b9f2359f91d485f9a6a0663948fd6fcbba78ed5f78
random,left,col,vertical,64,64,10.884267797847336,0.00390625,8,2048,33912,28672,8.279296875,1.1827566964285714,9695e961a5ffd5719e4bf16ee0835256a46167dde22cfaab6f4c4bc86fb418d9
random,left,col,vertical,128,128,10.884267797847336,0.00830078125,17,2048,34872,28672,8.513671875,1.2162388392857142,65be8ed51a0881757efabc319ee058b6dc5c8c0cb187b5cf39bed08f6b7fed6a
random,left,col,vertical,256,256,10.884267797847336,0.01708984375,35,2048,36811,28672,8.987060546875,1.2838657924107142,05b4417fae69798071266c2040ca9fbb8633af00ae2f74c09d647f36857bf34e
random,left,col_serp,traversal,16,16,10.895249353021006,0.00146484375,3,2048,33183,28672,8.101318359375,1.1573311941964286,dfb8ff7d1d5e776f5628bbf03bd754c830eafd2acdc0ae218c47a194ab362548
random,left,col_serp,traversal,32,32,10.895249353021006,0.00341796875,7,2048,33402,28672,8.15478515625,1.1649693080357142,57be4b1235f332eb78739fa06987398c7d812775a37118e4efff652075190951
random,left,col_serp,traversal,64,64,10.895249353021006,0.0048828125,10,2048,33894,28672,8.27490234375,1.18212890625,d415b4288de67c7f80b717f0b3f2d7841734c11abbce60db5f43ab3168d59e8f
random,left,col_serp,traversal,128,128,10.895249353021006,0.00927734375,19,2048,34856,28672,8.509765625,1.2156808035714286,fd12cc96eed1602e58cf80433d9bf15ccd49e69a42f88124759c47bba879dada
random,left,col_serp,traversal,256,256,10.895249353021006,0.01708984375,35,2048,36811,28672,8.987060546875,1.2838657924107142,64b049e3d21942c140f7eebf74593c3724ef07961dabc091fcc6c654db7ece5d
random,left,col_serp,horizontal,16,16,10.857900610347336,0.00048828125,1,2048,33205,28672,8.106689453125,1.1580984933035714,9a5e31e864f9c588ef89912c8f876485050b064696578ed344ac4d84f87a5c50
random,left,col_serp,horizontal,32,32,10.857900610347336,0.0029296875,6,2048,33412,28672,8.1572265625,1.1653180803571428,0ded11108b3e0a3aab27a3e71a468e7806f125cdd352a807aba1d5ee41c8eaa0
random,left,col_serp,horizontal,64,64,10.857900610347336,0.0048828125,10,2048,33894,28672,8.27490234375,1.18212890625,496d43946f5d243d25630c2c9a440760bb0aa993117aa8e60c53cd3984aa77f5
random,left,col_serp,horizontal,128,128,10.857900610347336,0.00732421875,15,2048,34888,28672,8.517578125,1.216796875,91fc1770de4e34dbf5d6bd83058f9ea439e0f40cfe8a4887055a10381f3a593d
random,left,col_serp,horizontal,256,256,10.857900610347336,0.015625,32,2048,36832,28672,8.9921875,1.2845982142857142,8cc6e1a598b09ece95c232583006c6fe3dbd5309b9dac2034dbd492f080e31ec
random,left,col_serp,vertical,16,16,10.884267797847336,0.00048828125,1,2048,33205,28672,8.106689453125,1.1580984933035714,3439959941c1ddb27e73974f7b4f176621483f88231679ed00b69dab9f34bfec
random,left,col_serp,vertical,32,32,10.884267797847336,0.001953125,4,2048,33432,28672,8.162109375,1.166015625,2cac63df61da77d8b32ddd0562de19f5b7888033c5d30803f370f722e96d7d50
random,left,col_serp,vertical,64,64,10.884267797847336,0.00390625,8,2048,33912,28672,8.279296875,1.1827566964285714,dc9f31d96f6913b4efa331e6e33c9dffabb3fb70341012ac81d23c46f082d0c8
random,left,col_serp,vertical,128,128,10.884267797847336,0.00830078125,17,2048,34872,28672,8.513671875,1.2162388392857142,56e1bd33222739ffba6872d4e781b09e2a5f6489e80b180fb4117cca59c779ef
random,left,col_serp,vertical,256,256,10.884267797847336,0.01708984375,35,2048,36811,28672,8.987060546875,1.2838657924107142,cef54c68132d5210e9de2d11f3cd39050b134bd2622de843f0b83d20b9bb65fc
random,up,row,traversal,16,16,10.869250762934172,0.00048828125,1,2048,33205,28672,8.106689453125,1.1580984933035714,e53dc6651b81ad094fdd3f8f9f86be63a6deb28498f97e455d003b7c0f995b57
random,up,row,traversal,32,32,10.869250762934172,0.0009765625,2,2048,33452,28672,8.1669921875,1.1667131696428572,d37cca46ed685c4542e7842f30637e1e4cec111790821dd9cd7dd259fb6dd96c
random,up,row,traversal,64,64,10.869250762934172,0.0029296875,6,2048,33930,28672,8.28369140625,1.1833844866071428,dcba7a21e3e7d70db2dc2e74ef96b855d8cbaa60ea3c948987698024b85e9087
random,up,row,traversal,128,128,10.869250762934172,0.00732421875,15,2048,34888,28672,8.517578125,1.216796875,404be23ea2128c28f6abde2009b6caf90fdbd6f7264a6066ac8670c260e57a48
random,up,row,traversal,256,256,10.869250762934172,0.01513671875,31,2048,36839,28672,8.993896484375,1.2848423549107142,ce75f16d65fafcf5cb0152e110ec1b3a3e93599d138b231b60e11764cadb2250
random,up,row,horizontal,16,16,10.869250762934172,0.00048828125,1,2048,33205,28672,8.106689453125,1.1580984933035714,130312c16e06b295ff455de8548b3d04bf5c52088c5317554f48fb6e8bb2f886
random,up,row,horizontal,32,32,10.869250762934172,0.0009765625,2,2048,33452,28672,8.1669921875,1.1667131696428572,4568acd60173b7f6b8c60f407269894dfd20271abb7fdb5f451a2b5a8ee83dd6
random,up,row,horizontal,64,64,10.869250762934172,0.0029296875,6,2048,33930,28672,8.28369140625,1.1833844866071428,e5e5d2d687fc8a122d552412bac5b845021ed8c76f2f0061e2ed4285eb9ff474
random,up,row,horizontal,128,128,10.869250762934172,0.00732421875,15,2048,34888,28672,8.517578125,1.216796875,1102d1f0ddea207c59a315626ea54c2263e90097a53d8d6d32ab1a7a57ff4014
random,up,row,horizontal,256,256,10.869250762934172,0.01513671875,31,2048,36839,28672,8.993896484375,1.2848423549107142,f54e78f23ef30ff6c2e0defb33c36c66e9da46b60bf6ca7623f52c22ac50bf34
random,up,row,vertical,16,16,10.871682623281508,0.0009765625,2,2048,33194,28672,8.10400390625,1.15771484375,73dc3abe0db3f4171b0628bb852b26ca6983e5b5c33aa12e795a45de17ce2d59
random,up,row,vertical,32,32,10.871682623281508,0.00244140625,5,2048,33422,28672,8.15966796875,1.1656668526785714,60f9d59fa4046686abdf0c8a77b6acaa259494e341aa3b248731f197ddbb8b1c
random,up,row,vertical,64,64,10.871682623281508,0.005859375,12,2048,33876,28672,8.2705078125,1.1815011160714286,99b319229a426eceadb028e12f088652609de147241d211ea8bdbc735ba023e3
random,up,row,vertical,128,128,10.871682623281508,0.00927734375,19,2048,34856,28672,8.509765625,1.2156808035714286,6129b22c8383ff5a9bcd8d463d0e011d4143d98fa27c5b847d2fcb87b9c5cc73
random,up,row,vertical,256,256,10.871682623281508,0.01806640625,37,2048,36797,28672,8.983642578125,1.2833775111607142,5c92aae09a26750ad80f93da310db7ae14aacf4bd53ee60514b348918f7ffacd
random,up,serp,traversal,16,16,10.871203887934172,0.00146484375,3,2048,33183,28672,8.101318359375,1.1573311941964286,676af21d97d9c86cef286e3614fd11da5be425a60b708cdfe2725845571969ed
random,up,serp,traversal,32,32,10.871203887934172,0.00146484375,3,2048,33442,28672,8.16455078125,1.1663643973214286,74eb9bc5d02d309c338754a6b4009820c2b8913ac1158c081c24a9d7a97b2e1d
random,up,serp,traversal,64,64,10.871203887934172,0.00341796875,7,2048,33921,28672,8.281494140625,1.1830705915178572,5e26525ab79d5cd915e9647b4853651a93a26cb4a0fae04587bc9b7062ceb0d5
random,up,serp,traversal,128,128,10.871203887934172,0.005859375,12,2048,34912,28672,8.5234375,1.2176339285714286,6e63503629b9b9f3d2b9ad68d3081d9dfd7e2e16f51c3ad3df01846afe8afec1
random,up,serp,traversal,256,256,10.871203887934172,0.013671875,28,2048,36860,28672,8.9990234375,1.2855747767857142,5f5c86deaec3912cad040deb1937e29c2d2d2ded7ef2129cc3a896ba1e159301
random,up,serp,horizontal,16,16,10.869250762934172,0.00048828125,1,2048,33205,28672,8.106689453125,1.1580984933035714,3c79eb9b96c5d3d4c338cfd36ec7d513f550e176d342bcf477c428073930c5d7
random,up,serp,horizontal,32,32,10.869250762934172,0.0009765625,2,2048,33452,28672,8.1669921875,1.1667131696428572,fe4f62cf2190629a8dda630a6925aa13784722af3f8f78d7f5d4190e6a313838
random,up,serp,horizontal,64,64,10.869250762934172,0.0029296875,6,2048,33930,28672,8.28369140625,1.1833844866071428,33b430072ddd856ac610f6bd17df7ec397fcc73e03584d9772d586b1c644b7c2
random,up,serp,horizontal,128,128,10.869250762934172,0.00732421875,15,2048,34888,28672,8.517578125,1.216796875,de20729481b67842f2b3a3eb24dda353ebfd6f7a09887037ab5806bb6c3962db
random,up,serp,horizontal,256,256,10.869250762934172,0.01513671875,31,2048,36839,28672,8.993896484375,1.2848423549107142,4267acc764d01a211b7b8bb31719413af0a62bba623f267935457cac638b433a
random,up,serp,vertical,16,16,10.871682623281508,0.0009765625,2,2048,33194,28672,8.10400390625,1.15771484375,a2d12e02916aa8d279585baa6fb24dc9529e172aad15cec80e569e784abebf7a
random,up,serp,vertical,32,32,10.871682623281508,0.00244140625,5,2048,33422,28672,8.15966796875,1.1656668526785714,212efb92ce7724a8ad00d009b066cab59ec7c68c37ee07be436c94d85b65d46d
random,up,serp,vertical,64,64,10.871682623281508,0.005859375,12,2048,33876,28672,8.2705078125,1.1815011160714286,5726f7a989fcce52bc3c7c0f8f09dbfd4591ba012d43b5b1c9221e3e8db4932f
random,up,serp,vertical,128,128,10.871682623281508,0.00927734375,19,2048,34856,28672,8.509765625,1.2156808035714286,72133fb919cefae633c6cf4d2dfb010f943ec03e2adbb998b6469e93aa3f90e1
random,up,serp,vertical,256,256,10.871682623281508,0.01806640625,37,2048,36797,28672,8.983642578125,1.2833775111607142,08de8191c173a189cdd8d463f3368c70e2f78c2c2205aa293bc7437cc75971e9
random,up,col,traversal,16,16,10.873635748281508,0.0009765625,2,2048,33194,28672,8.10400390625,1.15771484375,092014167dd0d8dd8892c8cdef5e6643368438994027a0ff7f96d24a054f9703
random,up,col,traversal,32,32,10.873635748281508,0.00244140625,5,2048,33422,28672,8.15966796875,1.1656668526785714,0017c9fdffbe308ce9d3b06b35eb99d5db7356e40b7dd227716b2dcbd9980edc
random,up,col,traversal,64,64,10.873635748281508,0.0048828125,10,2048,33894,28672,8.27490234375,1.18212890625,f488621b2738a2c8aadc39116973eafe78468955647fb56c9dcf15880e80993c
random,up,col,traversal,128,128,10.873635748281508,0.00927734375,19,2048,34856,28672,8.509765625,1.2156808035714286,bad7f929694f80620e7fe1797e80c4d33fe96877cfc5ef234d2e6d683cf6cd7c
random,up,col,traversal,256,256,10.873635748281508,0.0185546875,38,2048,36790,28672,8.98193359375,1.2831333705357142,655db9210c6c4a23fd1a5e0873c8e4ae19994fae220c569706b8fbd3201770f6
random,up,col,horizontal,16,16,10.865344512934172,0.00048828125,1,2048,33205,28672,8.106689453125,1.1580984933035714,4856459251feacad6962536dc9004cb5eb427f3648faba582cfe9cc72865f66e
random,up,col,horizontal,32,32,10.865344512934172,0.0009765625,2,2048,33452,28672,8.1669921875,1.1667131696428572,c47270a914359bc7ddc2d7b921a40241fceea40a4357a64539cd89d376edde8a
random,up,col,horizontal,64,64,10.865344512934172,0.00341796875,7,2048,33921,28672,8.281494140625,1.1830705915178572,1c2cf101e583645244d1335914a683b5416c63e11d7f71e74e3f75273cdee6dc
random,up,col,horizontal,128,128,10.865344512934172,0.0078125,16,2048,34880,28672,8.515625,1.2165178571428572,05306d3233c5c3c0bb3366d48b1a1045dfca604294605d38582107966555b983
random,up,col,horizontal,256,256,10.865344512934172,0.01611328125,33,2048,36825,28672,8.990478515625,1.2843540736607142,072e6b76be3351fca2b6dcb7c211c79e621153418a0b7110c70ddf8e209363d8
random,up,col,vertical,16,16,10.873635748281508,0.0009765625,2,2048,33194,28672,8.10400390625,1.15771484375,e30d813fb60f0dd89d81a45660369f635d245c535ddf07419526487178cdd0bb
random,up,col,vertical,32,32,10.873635748281508,0.00244140625,5,2048,33422,28672,8.15966796875,1.1656668526785714,442507273e2411c6a19d260f2ab69c3715f7d63763a22f7825bfd23e06dbf529
random,up,col,vertical,64,64,10.873635748281508,0.0048828125,10,2048,33894,28672,8.27490234375,1.18212890625,8436b9ea4e05fd8b1b05c60e8c4c1adf628cd184ecc52fca2da9cc35be5686a6
random,up,col,vertical,128,128,10.873635748281508,0.00927734375,19,2048,34856,28672,8.509765625,1.2156808035714286,3688a40c65d28c6620628883a5bc2ae51b056e94019a2bc82e614d08fbe751f6
random,up,col,vertical,256,256,10.873635748281508,0.0185546875,38,2048,36790,28672,8.98193359375,1.2831333705357142,4fce33d55bd96a335bf03c91dbe5a07e26d5dbbe876e21d03fc9c9a405944766
random,up,col_serp,traversal,16,16,10.856296990955176,0.001953125,4,2048,33172,28672,8.0986328125,1.1569475446428572,06e25e74c34d13e0a90ebe8f5fbdf2d18805e9b6c35c672f6b57368064b7e79e
random,up,col_serp,traversal,32,32,10.856296990955176,0.00439453125,9,2048,33382,28672,8.14990234375,1.1642717633928572,f1a17dd465d824baef39f1815d7b891b663a22e3c2a2fa3b720e77ef654c4d79
random,up,col_serp,traversal,64,64,10.856296990955176,0.00927734375,19,2048,33813,28672,8.255126953125,1.1793038504464286,f9d8c5ee69e7bd8d53fc7631cea45e64545e475add37f6bf16270bf32742f4b0
random,up,col_serp,traversal,128,128,10.856296990955176,0.01318359375,27,2048,34792,28672,8.494140625,1.2134486607142858,baa71d9b39792f18842240fb6299a4df27389f0a4eaa803019b9dea77f787676
random,up,col_serp,traversal,256,256,10.856296990955176,0.02099609375,43,2048,36755,28672,8.973388671875,1.2819126674107142,cd2cb44a8f886a5df8bfaa24f67f2951d143e55f0a6733e484976fdc64acc752
random,up,col_serp,horizontal,16,16,10.893794055173668,0.00048828125,1,2048,33205,28672,8.106689453125,1.1580984933035714,557af93bff7d1c3f85194daa070c4d28e06ec769ff9039e8589ccefb962b90a9
random,up,col_serp,horizontal,32,32,10.893794055173668,0.0009765625,2,2048,33452,28672,8.1669921875,1.1667131696428572,2aaade17cc666b04c32fe97d0c9619116c7db79033a076a06108fe6ef277a9d5
random,up,col_serp,horizontal,64,64,10.893794055173668,0.00146484375,3,2048,33957,28672,8.290283203125,1.184326171875,558371459ad32eadd3182524c22325cf9e044fa582d1d223dad0c75375fcd7d8
random,up,col_serp,horizontal,128,128,10.893794055173668,0.0048828125,10,2048,34928,28672,8.52734375,1.2181919642857142,816276b82c6332e54008f99b39f8b734eb250e4a2313b7f095c3521bf4c039a6
random,up,col_serp,horizontal,256,256,10.893794055173668,0.0146484375,30,2048,36846,28672,8.99560546875,1.2850864955357142,2c6dee334eb989f595015108549eeb00210e31393b5278eea5829adc7b351b38
random,up,col_serp,vertical,16,16,10.871811853021006,0.00146484375,3,2048,33183,28672,8.101318359375,1.1573311941964286,665819d733f26eff735c7c1f5770baf66499bc77fbc748f39c1d6ace4bfe7bee
random,up,col_serp,vertical,32,32,10.871811853021006,0.00439453125,9,2048,33382,28672,8.14990234375,1.1642717633928572,fc768122d84b2e462aa76d1ca8030ca264f78dd2c30dea9747c6a18d7878cf25
random,up,col_serp,vertical,64,64,10.871811853021006,0.0068359375,14,2048,33858,28672,8.26611328125,1.1808733258928572,8556e181ea6b4938f1fd867af95e6309543c8867406f693d04c337d03236cd6b
random,up,col_serp,vertical,128,128,10.871811853021006,0.0087890625,18,2048,34864,28672,8.51171875,1.2159598214285714,d28499104ddb4f279ea03c3bbcc6aa09391856620ced809a531e4b424cdc488f
random,up,col_serp,vertical,256,256,10.871811853021006,0.017578125,36,2048,36804,28672,8.9853515625,1.2836216517857142,21831a89e95b467fca707a1ef4efb4f14733cff67046c2f70e2801a545e2571b
random,previous,row,traversal,16,16,10.857532012934172,0.00048828125,1,2048,33205,28672,8.106689453125,1.1580984933035714,7edeb219700744ee9bbfd94993b122b0d38932639ae5638089ab48f562095e5f
random,previous,row,traversal,32,32,10.857532012934172,0.0029296875,6,2048,33412,28672,8.1572265625,1.1653180803571428,1beffdd327c951eddae641a8ba09ec528d6150e712c2d4f318f2e108d9cc5ce7
random,previous,row,traversal,64,64,10.857532012934172,0.00439453125,9,2048,33903,28672,8.277099609375,1.1824428013392858,dfd817eed176c6e21af158b04ddf8a4bb36c13ba48c7192d6f619549bd8f21b3
random,previous,row,traversal,128,128,10.857532012934172,0.00634765625,13,2048,34904,28672,8.521484375,1.2173549107142858,3cbb192e0c05029b17d7c597314e4512bfdae8cad55435b6b9d56df6f1c17ded
random,previous,row,traversal,256,256,10.857532012934172,0.013671875,28,2048,36860,28672,8.9990234375,1.2855747767857142,df0466e0945497ae8b17146b5efc84df8fe3007617e98108752ce287487aa728
random,previous,row,horizontal,16,16,10.857532012934172,0.00048828125,1,2048,33205,28672,8.106689453125,1.1580984933035714,0ae169f51eb50ec95144d5cdb5cd419331bed6cd4a113d2dae854985b16b5864
random,previous,row,horizontal,32,32,10.857532012934172,0.0029296875,6,2048,33412,28672,8.1572265625,1.1653180803571428,7b366207ccc4b976d4296771d699ace004ee8a7ed1dbfd56f93d16f41df56c77
random,previous,row,horizontal,64,64,10.857532012934172,0.00439453125,9,2048,33903,28672,8.277099609375,1.1824428013392858,28ec77af9c86d13f34516f62dab836ceecbecdd5f75e748b41863c294884783f
random,previous,row,horizontal,128,128,10.857532012934172,0.00634765625,13,2048,34904,28672,8.521484375,1.2173549107142858,7ea299a299f23c72fb21b9020789814e3173ddb83c1588e86e964f2e9817c75b
random,previous,row,horizontal,256,256,10.857532012934172,0.013671875,28,2048,36860,28672,8.9990234375,1.2855747767857142,56c92384fdb88ebcc0de3c936abc9c7c89fe7a55dfabbe0665a39b82ae5bf715
random,previous,row,vertical,16,16,10.887197485347336,0.00048828125,1,2048,33205,28672,8.106689453125,1.1580984933035714,f0289109f4c9c4a2aae8e9d296eba6687ad108d391eb8e432b0c992f817695e0
random,previous,row,vertical,32,32,10.887197485347336,0.001953125,4,2048,33432,28672,8.162109375,1.166015625,07053f36a215f34fbbd0aff8848074ef33174024d83d3b22dba10f4edf3c0f1d
random,previous,row,vertical,64,64,10.887197485347336,0.00390625,8,2048,33912,28672,8.279296875,1.1827566964285714,00359fc74a4160c6fe7f737b8da28192afc7cb579521d079f1d240b81783d6d2
random,previous,row,vertical,128,128,10.887197485347336,0.00927734375,19,2048,34856,28672,8.509765625,1.2156808035714286,7c6f23463c7446eddf27d2bced2b23ed6ffb32ac5de4420286f69d200d0a8a05
random,previous,row,vertical,256,256,10.887197485347336,0.02001953125,41,2048,36769,28672,8.976806640625,1.2824009486607142,7c03fd31b9fd5c990d4e37257fd2d62295edb4e87b55767658d20b7477d46926
random,previous,serp,traversal,16,16,10.876086700434172,0.0009765625,2,2048,33194,28672,8.10400390625,1.15771484375,4e8caf09572043e1bc9ccbb1254eca6d83c0fa193a69b49d53bf2b28d402aeb5
random,previous,serp,traversal,32,32,10.876086700434172,0.00146484375,3,2048,33442,28672,8.16455078125,1.1663643973214286,66014d3f987a9ca30b5b6d04c32e729796414d301029a7fd58e34f5a4160454a
random,previous,serp,traversal,64,64,10.876086700434172,0.00439453125,9,2048,33903,28672,8.277099609375,1.1824428013392858,b6b02aaf0ec3990108fd07f31a39ce3e3235bcfb12e2cf3385f14bf9d372d431
random,previous,serp,traversal,128,128,10.876086700434172,0.0068359375,14,2048,34896,28672,8.51953125,1.2170758928571428,7d5bf3abbc43d470bee6f930d38929e1bf18d7cd6b01aa01a728fde96ddc428c
random,previous,serp,traversal,256,256,10.876086700434172,0.0146484375,30,2048,36846,28672,8.99560546875,1.2850864955357142,52dd837adc6e1c0bc83e1737cac679e07a7cb4198dad35bdf38ea94a44250637
random,previous,serp,horizontal,16,16,10.867058270260502,0.0,0,2048,33216,28672,8.109375,1.1584821428571428,d85b462db5ab017bc3f4e615053d70d6bbeaec0d6cea07ef5983c17d1b36d589
random,previous,serp,horizontal,32,32,10.867058270260502,0.001953125,4,2048,33432,28672,8.162109375,1.166015625,46bd62655738c94abcffb26f0ea4a7bf51a37aa4b2acd290be4b05093bcf3987
random,previous,serp,horizontal,64,64,10.867058270260502,0.00244140625,5,2048,33939,28672,8.285888671875,1.1836983816964286,d210709f8e8f544d76da3ac4fc4949138f8fd5942dd0e11125809eac1ca13f5f
random,previous,serp,horizontal,128,128,10.867058270260502,0.0068359375,14,2048,34896,28672,8.51953125,1.2170758928571428,e1fecc52fe38ade5e6d307e5d4648bc72ff250b7219b802e4150f64d384258a4
random,previous,serp,horizontal,256,256,10.867058270260502,0.01318359375,27,2048,36867,28672,9.000732421875,1.2858189174107142,79426dfa7858bfe6df2168907410397a42e0839821489b616022472f57b5d584
random,previous,serp,vertical,16,16,10.878777020260502,0.00048828125,1,2048,33205,28672,8.106689453125,1.1580984933035714,9f8658bfd07ee7bded3bbf20d62f360cbc110ad2c3383e05c0715569702de15b
random,previous,serp,vertical,32,32,10.878777020260502,0.00146484375,3,2048,33442,28672,8.16455078125,1.1663643973214286,884d4f835617b96d25ac7f37b02a5c2fcc0eda260d71e33ec64e9890360df223
random,previous,serp,vertical,64,64,10.878777020260502,0.0029296875,6,2048,33930,28672,8.28369140625,1.1833844866071428,d9969672010a0540906fae35e5839221756a4b562d64e87a8c432fc513266d21
random,previous,serp,vertical,128,128,10.878777020260502,0.005859375,12,2048,34912,28672,8.5234375,1.2176339285714286,2fc6f634ae5eccb97e3d037ec52f5c9ed9b8fb61d3c82b04ee67dab761299b49
random,previous,serp,vertical,256,256,10.878777020260502,0.01513671875,31,2048,36839,28672,8.993896484375,1.2848423549107142,c027301daf9e31f30e6de1d510386358f02ff50731fb2e83b36633335709ff95
random,previous,col,traversal,16,16,10.873635748281508,0.0009765625,2,2048,33194,28672,8.10400390625,1.15771484375,c77193e5f6f6269560c910e3daf5185e67c898a49727cfbab2cdb894e63b6deb
random,previous,col,traversal,32,32,10.873635748281508,0.00244140625,5,2048,33422,28672,8.15966796875,1.1656668526785714,de0087a9344c9b5db324aef40411abef8d47586baba31e5cb686b27e1613fd5a
random,previous,col,traversal,64,64,10.873635748281508,0.0048828125,10,2048,33894,28672,8.27490234375,1.18212890625,182ee3ead9e082418ba6336d0edca8a856eeb25c7c2804b7bbea4ac040747b13
random,previous,col,traversal,128,128,10.873635748281508,0.00927734375,19,2048,34856,28672,8.509765625,1.2156808035714286,7c9fe4a64852763a21b89bcdb373476deb974c7d57df47c2e554352934aa9187
random,previous,col,traversal,256,256,10.873635748281508,0.0185546875,38,2048,36790,28672,8.98193359375,1.2831333705357142,7c8d8c3949623c6ee5f51b3019bf526f92b5cbc37b78b3ed6f8e8a4d581f89b6
random,previous,col,horizontal,16,16,10.865344512934172,0.00048828125,1,2048,33205,28672,8.106689453125,1.1580984933035714,9ca4271c80e0fb935ec1d074c08eec9afed91a4934789f533e963eeb4c6ca15e
random,previous,col,horizontal,32,32,10.865344512934172,0.0009765625,2,2048,33452,28672,8.1669921875,1.1667131696428572,dd2f6e2f139c1ada2e03093f9d8e69549c79e46181f7de3c559f39b5bb455055
random,previous,col,horizontal,64,64,10.865344512934172,0.00341796875,7,2048,33921,28672,8.281494140625,1.1830705915178572,eb66701f921f23736adfd6c65e92bf6df03048fc78f25fa5af04336830df1b8f
random,previous,col,horizontal,128,128,10.865344512934172,0.0078125,16,2048,34880,28672,8.515625,1.2165178571428572,d12fe06594ca723ab533d9b5fdf9e78e01beb56e98ed241d122d51aff0eb63c1
random,previous,col,horizontal,256,256,10.865344512934172,0.01611328125,33,2048,36825,28672,8.990478515625,1.2843540736607142,bdcc5d485d684bd4e8b631a36d514fbb0d31ccacb154261850675ec11384fd49
random,previous,col,vertical,16,16,10.873635748281508,0.0009765625,2,2048,33194,28672,8.10400390625,1.15771484375,34506afbd0f65ca6ee72c44798276ccaa5aab02d56a08ba745367eafeab2803c
random,previous,col,vertical,32,32,10.873635748281508,0.00244140625,5,2048,33422,28672,8.15966796875,1.1656668526785714,27506187db2117931135a729c451b9cad31a13784caec8aee2b9c2212e991b74
random,previous,col,vertical,64,64,10.873635748281508,0.0048828125,10,2048,33894,28672,8.27490234375,1.18212890625,cd181aed6574bf0ed93654be8a579dcd117a7a7196a824f8c1dcc7087d5df772
random,previous,col,vertical,128,128,10.873635748281508,0.00927734375,19,2048,34856,28672,8.509765625,1.2156808035714286,7dbdc862e434556a198710d088e2db3795cebf9295ef04b337ae9ff1ac451c93
random,previous,col,vertical,256,256,10.873635748281508,0.0185546875,38,2048,36790,28672,8.98193359375,1.2831333705357142,2b35f01d13f7861a95956ac558acbcd9d11f28dcba54925966316917dee9f01a
random,previous,col_serp,traversal,16,16,10.856296990955176,0.001953125,4,2048,33172,28672,8.0986328125,1.1569475446428572,5669c5eec8d6d027814d39d4d45d40b2e5f360eedc10e583a821dd4ae5dceefa
random,previous,col_serp,traversal,32,32,10.856296990955176,0.00439453125,9,2048,33382,28672,8.14990234375,1.1642717633928572,c05da5af5d334210d692178fe6b271559d5270e2bedef0baf8efcc22c592b0d3
random,previous,col_serp,traversal,64,64,10.856296990955176,0.00927734375,19,2048,33813,28672,8.255126953125,1.1793038504464286,bd508fd0d98ea484ea94ac4c9ee2b7007e4051b83e1960f36bfc2e169500bb8a
random,previous,col_serp,traversal,128,128,10.856296990955176,0.01318359375,27,2048,34792,28672,8.494140625,1.2134486607142858,9e55554b865b4774004c29cddc53d4f3d767b72122c696aa282968ed709f422c
random,previous,col_serp,traversal,256,256,10.856296990955176,0.02099609375,43,2048,36755,28672,8.973388671875,1.2819126674107142,6cb32fcca07b2c20b2bdd4b379a74a183dec9aee2837024fa76bdcf80d5bf64f
random,previous,col_serp,horizontal,16,16,10.893794055173668,0.00048828125,1,2048,33205,28672,8.106689453125,1.1580984933035714,75440ef303ec8d76e1ea0e03987c33adc3db40501b63f036a2b2faf0d73bfaa5
random,previous,col_serp,horizontal,32,32,10.893794055173668,0.0009765625,2,2048,33452,28672,8.1669921875,1.1667131696428572,42025a25b973631758b9e6c7e37c494759de8facf86ac80e69db67f7a22ea263
random,previous,col_serp,horizontal,64,64,10.893794055173668,0.00146484375,3,2048,33957,28672,8.290283203125,1.184326171875,f9f09589cffac8fd5c23a4987457cc575a2eaeb8cde8e6d14303de6753dc611c
random,previous,col_serp,horizontal,128,128,10.893794055173668,0.0048828125,10,2048,34928,28672,8.52734375,1.2181919642857142,f09d108317ff7b8c398eca2f5309fb9f060d00ba67481c7c7cc54568b772a51c
random,previous,col_serp,horizontal,256,256,10.893794055173668,0.0146484375,30,2048,36846,28672,8.99560546875,1.2850864955357142,e0459eb123d76ab0ffc7f711a08527073cbd36e30872674a3187cae7b7720e7f
random,previous,col_serp,vertical,16,16,10.871811853021006,0.00146484375,3,2048,33183,28672,8.101318359375,1.1573311941964286,bd44f314e9ecd0946cfab319e4c57d8ff92b368be7e910e176b75938527c102a
random,previous,col_serp,vertical,32,32,10.871811853021006,0.00439453125,9,2048,33382,28672,8.14990234375,1.1642717633928572,0d7fb2f12e40d5c854690f5bb1a293f8ca93d4357f1adfe29f1b4495ca851d12
random,previous,col_serp,vertical,64,64,10.871811853021006,0.0068359375,14,2048,33858,28672,8.26611328125,1.1808733258928572,a97c88b20796515b2ed66d12ede89523d7f3790757d7a3bbdc4f0f24f663a288
random,previous,col_serp,vertical,128,128,10.871811853021006,0.0087890625,18,2048,34864,28672,8.51171875,1.2159598214285714,69cfe70d4913292f6ca041370b84526f82f577be665b350cd20b2c0e7d5136e3
random,previous,col_serp,vertical,256,256,10.871811853021006,0.017578125,36,2048,36804,28672,8.9853515625,1.2836216517857142,5d73ab786a577247a0e7d666c8bbb1a5547b1c1e3b872aea0e1c0b924b744daa
random,avg,row,traversal,16,16,10.882922637934172,0.0,0,2048,33216,28672,8.109375,1.1584821428571428,24c7c5c25dc7960a6478f461c82f0494c837ecfb54217ba0e35e7dd61a55ea69
random,avg,row,traversal,32,32,10.882922637934172,0.001953125,4,2048,33432,28672,8.162109375,1.166015625,b0a76623af0f0f8af57166e0ec32ad5e247181ae223668b6e075d3c07d2469be
random,avg,row,traversal,64,64,10.882922637934172,0.00390625,8,2048,33912,28672,8.279296875,1.1827566964285714,5ec692ae8764e293de655ac2c115ff7494dd3fff11b6dbc3e3d6bc47bd71ee93
random,avg,row,traversal,128,128,10.882922637934172,0.0078125,16,2048,34880,28672,8.515625,1.2165178571428572,74e79ef563c9969e957dfa2c4c3df4d2b7e9c64bc177ee9a960eae227dcca40f
random,avg,row,traversal,256,256,10.882922637934172,0.01611328125,33,2048,36825,28672,8.990478515625,1.2843540736607142,57bca6549d9b1b21bebdf3ad790be45af85cf5b181d84cfd8e5260b8318b53fb
random,avg,row,horizontal,16,16,10.882922637934172,0.0,0,2048,33216,28672,8.109375,1.1584821428571428,feea54a32c22851a59b1792c02b54f7365957e02224de8baa9aab731ca018ba3
random,avg,row,horizontal,32,32,10.882922637934172,0.001953125,4,2048,33432,28672,8.162109375,1.166015625,37233e538ea7a6e8d78e1f3cb236cae531028ba4877b493d3bec9dc36e53b404
random,avg,row,horizontal,64,64,10.882922637934172,0.00390625,8,2048,33912,28672,8.279296875,1.1827566964285714,c3586d21b965d15b9537a890597414c2740b09094a27c38460d75847a4330a44
random,avg,row,horizontal,128,128,10.882922637934172,0.0078125,16,2048,34880,28672,8.515625,1.2165178571428572,1de9ef5af0f26aa3bbb772d9d8a453d8fb1dcddb14d8ab982ac1b49a7b9534c9
random,avg,row,horizontal,256,256,10.882922637934172,0.01611328125,33,2048,36825,28672,8.990478515625,1.2843540736607142,2d3b0f5f996602308c3124593536be665c200251fee3eae43f2c758f4d2d4599
random,avg,row,vertical,16,16,10.879145617673668,0.00146484375,3,2048,33183,28672,8.101318359375,1.1573311941964286,8d492e028f6ad850eac0136680dbf816e84c3cbdaaddb1471632ca04afb39138
random,avg,row,vertical,32,32,10.879145617673668,0.0029296875,6,2048,33412,28672,8.1572265625,1.1653180803571428,391d491d6a7f7ac6d65015135cf124340d1efd531252406f597da9fed0fe3439
random,avg,row,vertical,64,64,10.879145617673668,0.00439453125,9,2048,33903,28672,8.277099609375,1.1824428013392858,27db3c9d0922a40ec79cdb9cbd9ce010173d03f14926acc6c6435f096d9fb627
random,avg,row,vertical,128,128,10.879145617673668,0.0068359375,14,2048,34896,28672,8.51953125,1.2170758928571428,1296e7b3bec1824edd889aa8b03d3ce81dbfaa2b62ed4c1b2b11af1237dfd0a9
random,avg,row,vertical,256,256,10.879145617673668,0.01318359375,27,2048,36867,28672,9.000732421875,1.2858189174107142,13dbbe7113bf4799d6ef39eac41673266e466e905065d8e26580a39e8b0cdb7c
random,avg,serp,traversal,16,16,10.872180450434172,0.00048828125,1,2048,33205,28672,8.106689453125,1.1580984933035714,09371262b2b7e4d0805b4081c83285ff015c4549611221cfa8b9efdeeb3614e4
random,avg,serp,traversal,32,32,10.872180450434172,0.00146484375,3,2048,33442,28672,8.16455078125,1.1663643973214286,9f569090537291f50ef67c7f9ae6c86d61f3b9ccab4f486b51d5e76ea70f917d
random,avg,serp,traversal,64,64,10.872180450434172,0.00439453125,9,2048,33903,28672,8.277099609375,1.1824428013392858,56d47c2e4c802e7d0d9993a959c0e7080a8bb6994773d47259de3c58d6a9b152
random,avg,serp,traversal,128,128,10.872180450434172,0.0068359375,14,2048,34896,28672,8.51953125,1.2170758928571428,1c104bbd41e47ca9ba4293a5fec6760d1280cdfafbcb620c615de6e9cadba735
random,avg,serp,traversal,256,256,10.872180450434172,0.01708984375,35,2048,36811,28672,8.987060546875,1.2838657924107142,e51e43f1a0b3b5d2b82eaa4555bacbed57b3308029306dd375f824425f30d6b4
random,avg,serp,horizontal,16,16,10.876455297847336,0.00048828125,1,2048,33205,28672,8.106689453125,1.1580984933035714,5134e152ee08e72eb67b4b5749e0005b62dd6a20c45f411a264021b9afd38cff
random,avg,serp,horizontal,32,32,10.876455297847336,0.001953125,4,2048,33432,28672,8.162109375,1.166015625,8636d2a30461a6083df10961433cfcd1329304a7a42e230fbdbbfa09a77bac2b
random,avg,serp,horizontal,64,64,10.876455297847336,0.00341796875,7,2048,33921,28672,8.281494140625,1.1830705915178572,16cab4b2b0eb0ed0c72c7c4558077393e6aa52856f9abf23dfa0fe72052fb69f
random,avg,serp,horizontal,128,128,10.876455297847336,0.00732421875,15,2048,34888,28672,8.517578125,1.216796875,d18c150dee630a2b0d265c453976cc44720672c17db5178585dfd0fd76c6a5a4
random,avg,serp,horizontal,256,256,10.876455297847336,0.0185546875,38,2048,36790,28672,8.98193359375,1.2831333705357142,b757f31906e969d18e42c9b72f4bc1919f387112bd87915331a89f7d807b34fe
random,avg,serp,vertical,16,16,10.877800457760502,0.00048828125,1,2048,33205,28672,8.106689453125,1.1580984933035714,e40961108676dde95f480a2731eacfad6bc1244946867457a6cbf0b59834faaa
random,avg,serp,vertical,32,32,10.877800457760502,0.0009765625,2,2048,33452,28672,8.1669921875,1.1667131696428572,a0d49107342e75e42c6ed1c03822c867c36b1bf846e670d1c861d3bd9991557b
random,avg,serp,vertical,64,64,10.877800457760502,0.001953125,4,2048,33948,28672,8.2880859375,1.1840122767857142,397ddcb0c26a7793dc5e8f2af4c3d89725240428be3056261736d906b2cb41be
random,avg,serp,vertical,128,128,10.877800457760502,0.0068359375,14,2048,34896,28672,8.51953125,1.2170758928571428,82c88fd58d7edb575179f30d636dcf30c66322ca7377459479b42e36e58f8b04
random,avg,serp,vertical,256,256,10.877800457760502,0.01318359375,27,2048,36867,28672,9.000732421875,1.2858189174107142,7fe1212ff7bba66080228626718801c96b683eaef643ac0c40cdfdbc3bcee582
random,avg,col,traversal,16,16,10.879145617673668,0.00146484375,3,2048,33183,28672,8.101318359375,1.1573311941964286,88265dff2ba6467183ccc59c7cc1cea5e7ce7ca798c48f84f69d4dc759e9ac9c
random,avg,col,traversal,32,32,10.879145617673668,0.0029296875,6,2048,33412,28672,8.1572265625,1.1653180803571428,010b74e061aa7de76cfd43e654bd3ec7a9996851c84d19c57076b2031d37566f
random,avg,col,traversal,64,64,10.879145617673668,0.00439453125,9,2048,33903,28672,8.277099609375,1.1824428013392858,a3d5f1b886826af3bd6e1e3c5c617f89ad66abe102c13db2e23339f545f95524
random,avg,col,traversal,128,128,10.879145617673668,0.0068359375,14,2048,34896,28672,8.51953125,1.2170758928571428,07b37ad82e60b3f6426e529a39c7ae60cffb5f801063002257d2a99a696410a4
random,avg,col,traversal,256,256,10.879145617673668,0.01318359375,27,2048,36867,28672,9.000732421875,1.2858189174107142,8df9d0d2d0f3539523ce583fa55d7fbd5c562d3b64541e5b9054358ec7225a47
random,avg,col,horizontal,16,16,10.882922637934172,0.0,0,2048,33216,28672,8.109375,1.1584821428571428,650fe86846dc2bdde399f79e8000d285e5cf26fbfc8bff2a00a3fbd6b412baba
random,avg,col,horizontal,32,32,10.882922637934172,0.001953125,4,2048,33432,28672,8.162109375,1.166015625,7bd72e8d849df0e081b90416bd446b1911ee4726fb75b88dd41d3680cd978b51
random,avg,col,horizontal,64,64,10.882922637934172,0.00390625,8,2048,33912,28672,8.279296875,1.1827566964285714,35dccb6ba3a720880b8ef0d093a1195859d6c5ab2f81171922513a95480c2e83
random,avg,col,horizontal,128,128,10.882922637934172,0.0078125,16,2048,34880,28672,8.515625,1.2165178571428572,6939cff29ad63931b0ec3dc2011aa19082327df9539c0217e7d8592885092236
random,avg,col,horizontal,256,256,10.882922637934172,0.01611328125,33,2048,36825,28672,8.990478515625,1.2843540736607142,90f399a7e19a4899f68fa3de8bfa2a35481d3c97bf0e919eade60700e06118f3
random,avg,col,vertical,16,16,10.879145617673668,0.00146484375,3,2048,33183,28672,8.101318359375,1.1573311941964286,e841727273f09b625cf85dd685dfc800f1f0bfc7fb636063e205d4bf45a64e1c
random,avg,col,vertical,32,32,10.879145617673668,0.0029296875,6,2048,33412,28672,8.1572265625,1.1653180803571428,8de421b5389aac852ece4cb228f73df0329e1b9d3cc86b8e70abf23d0db751b7
random,avg,col,vertical,64,64,10.879145617673668,0.00439453125,9,2048,33903,28672,8.277099609375,1.1824428013392858,56f61f8a15cbe23f95099411be99f574c8294930bee8bc6845b42b5754e7dc2c
random,avg,col,vertical,128,128,10.879145617673668,0.0068359375,14,2048,34896,28672,8.51953125,1.2170758928571428,23c397602e05c7717b43896ff18890687d604b4fa280ebd00f83dbb0ccd9cf8f
random,avg,col,vertical,256,256,10.879145617673668,0.01318359375,27,2048,36867,28672,9.000732421875,1.2858189174107142,d2401a473ae2f1392a452eeb6640e4ab9306dec9d53d95776b45606a8c5e6bab
random,avg,col_serp,traversal,16,16,10.88609169310784,0.00146484375,3,2048,33183,28672,8.101318359375,1.1573311941964286,a3c8450a21c83811d4c9773e3cc9de66f735c9fda0be0235ae1c6ffd1cc0a86d
random,avg,col_serp,traversal,32,32,10.88609169310784,0.0029296875,6,2048,33412,28672,8.1572265625,1.1653180803571428,01351f21efca49ede5fc6f62167a630e7d9a7ccb48bd39e47c2d52a297a3312a
random,avg,col_serp,traversal,64,64,10.88609169310784,0.00390625,8,2048,33912,28672,8.279296875,1.1827566964285714,1589b4ce7d3d501c06cf66dec087ff2317fe7f7fb36d63c95323b0946079c155
random,avg,col_serp,traversal,128,128,10.88609169310784,0.00830078125,17,2048,34872,28672,8.513671875,1.2162388392857142,ace46ae1eeded394e1d4cff076c2a0449882775861c68a31dc8636f750d54c3a
random,avg,col_serp,traversal,256,256,10.88609169310784,0.0185546875,38,2048,36790,28672,8.98193359375,1.2831333705357142,193b0ddc1c0742ca2591b94b89dad1ed15c8ec267108cdc0372d67eaff4ab793
random,avg,col_serp,horizontal,16,16,10.887934680173668,0.00341796875,7,2048,33139,28672,8.090576171875,1.1557965959821428,247e25fbb367516ef9d2223198e221d0a7709ad533d1f2bd1598bce0b1b7e277
random,avg,col_serp,horizontal,32,32,10.887934680173668,0.00390625,8,2048,33392,28672,8.15234375,1.1646205357142858,4a8ee02eff295653daef68716b7a7fe0da07f51e5f345aacbb4efb7c321b0301
random,avg,col_serp,horizontal,64,64,10.887934680173668,0.00537109375,11,2048,33885,28672,8.272705078125,1.1818150111607142,68100f02dc1808be937da5754c332855833efd04b17367c06c90ddf90852e375
random,avg,col_serp,horizontal,128,128,10.887934680173668,0.0087890625,18,2048,34864,28672,8.51171875,1.2159598214285714,4a99250a6df9e715defea0df534016fb40d701245ca5dd181650e91313c186eb
random,avg,col_serp,horizontal,256,256,10.887934680173668,0.01904296875,39,2048,36783,28672,8.980224609375,1.2828892299107142,68caa1a49184c990e7b608c2c1281e7a0d0f5b256d091278fc742a14eb7ba31a
random,avg,col_serp,vertical,16,16,10.886220922847336,0.00048828125,1,2048,33205,28672,8.106689453125,1.1580984933035714,84b488bbd88802b84e153425d0a0f619fc05bd408ce992f28127efa3207b98dc
random,avg,col_serp,vertical,32,32,10.886220922847336,0.00244140625,5,2048,33422,28672,8.15966796875,1.1656668526785714,30a8ef9420ec3c0e669df03a7c7771aa629a185f9f6d73043c4e9769a999a20d
random,avg,col_serp,vertical,64,64,10.886220922847336,0.00341796875,7,2048,33921,28672,8.281494140625,1.1830705915178572,bdf683f28bcebf3d50e22739564c8188fca5006d4b596cd5594eac9616f33e7b
random,avg,col_serp,vertical,128,128,10.886220922847336,0.00732421875,15,2048,34888,28672,8.517578125,1.216796875,85198c4891ee96929ae41eaf822adf472bbca2c2e84deba3a6c9e52c4c0b629f
random,avg,col_serp,vertical,256,256,10.886220922847336,0.017578125,36,2048,36804,28672,8.9853515625,1.2836216517857142,ed8bbb06d8b50b84582d533d6de33a8626ddc445357bdbfae60382b143346772
random,paeth,row,traversal,16,16,10.876694665521006,0.0009765625,2,2048,33194,28672,8.10400390625,1.15771484375,dc18e78af62f2b3b3ca8376374cd33d722d08ec50546308e6b3571c1f83c9d36
random,paeth,row,traversal,32,32,10.876694665521006,0.00244140625,5,2048,33422,28672,8.15966796875,1.1656668526785714,b7e403bc61ba9b675d33bf841dc13bd2516f31fd30ddd43cdea17a3e811987ec
random,paeth,row,traversal,64,64,10.876694665521006,0.00390625,8,2048,33912,28672,8.279296875,1.1827566964285714,d993931bd3dc1053edce5c71eaccef0bc6b1141b440248410c3d803761e63522
random,paeth,row,traversal,128,128,10.876694665521006,0.0078125,16,2048,34880,28672,8.515625,1.2165178571428572,c06be8058507d680b660c548164a592c0a069002a6c101dde077c84b01db8077
random,paeth,row,traversal,256,256,10.876694665521006,0.013671875,28,2048,36860,28672,8.9990234375,1.2855747767857142,06224f3161770fb7acc6315208b5750939da269ecb493e8ca132c06e0bfdbc4d
random,paeth,row,horizontal,16,16,10.876694665521006,0.0009765625,2,2048,33194,28672,8.10400390625,1.15771484375,6cafc6475772e4acce6519cae30287a8993a0d89d82b6178f27c132ca6d2a46f
random,paeth,row,horizontal,32,32,10.876694665521006,0.00244140625,5,2048,33422,28672,8.15966796875,1.1656668526785714,76886f695c5bc4cbcef9f5cb448acea55a1d597b907f9e2718c93e2bff780ea9
random,paeth,row,horizontal,64,64,10.876694665521006,0.00390625,8,2048,33912,28672,8.279296875,1.1827566964285714,04769eba138843049ade6974f5b472a6995579bec06eaba5c296a88e495a10d1
random,paeth,row,horizontal,128,128,10.876694665521006,0.0078125,16,2048,34880,28672,8.515625,1.2165178571428572,6cca4b2b334cdc4b3af8d48697071767a981354e15ba387c26b8c19cae529734
random,paeth,row,horizontal,256,256,10.876694665521006,0.013671875,28,2048,36860,28672,8.9990234375,1.2855747767857142,baf5cad408b5a713cdea4a8613c9bd865129c8f210b4ceac76a5a15d1a9ff161
random,paeth,row,vertical,16,16,10.876086700434172,0.00244140625,5,2048,33161,28672,8.095947265625,1.1565638950892858,968415b9f3d38e708c75373ba4719a70b9284ce16fa2d1fa6835748b073de8e8
random,paeth,row,vertical,32,32,10.876086700434172,0.00341796875,7,2048,33402,28672,8.15478515625,1.1649693080357142,053cc23663bd8c9192169b981f3f146e2414aa4f268b7abc0921ec75604f032f
random,paeth,row,vertical,64,64,10.876086700434172,0.00439453125,9,2048,33903,28672,8.277099609375,1.1824428013392858,41f7317297766498eb613590deb7a61655449f57aff21f35076b4d905e4e9990
random,paeth,row,vertical,128,128,10.876086700434172,0.00927734375,19,2048,34856,28672,8.509765625,1.2156808035714286,fb9d5fd928e28adf7d26b32487619dc82ac230c657e9bc870d33abf346bec0cf
random,paeth,row,vertical,256,256,10.876086700434172,0.015625,32,2048,36832,28672,8.9921875,1.2845982142857142,6fc3623841b8b6816258536a0be490fd57aca27ae429d9b4ebc7d5c56ad28878
random,paeth,serp,traversal,16,16,10.860332470694674,0.00146484375,3,2048,33183,28672,8.101318359375,1.1573311941964286,cb758255adb53232460dfeade4ae2adf9281a9322dd1f59d88b4217afc970202
random,paeth,serp,traversal,32,32,10.860332470694674,0.00244140625,5,2048,33422,28672,8.15966796875,1.1656668526785714,7b4088f5d7a3f6da62d9e6f8c29c3d8af9a6d2be2fdccdff82900837d8d2a309
random,paeth,serp,traversal,64,64,10.860332470694674,0.00439453125,9,2048,33903,28672,8.277099609375,1.1824428013392858,1cfbe329e74aa416ce7af268ef04bcfedc01a8b8f1009e6ad7ac8f4f4a42d0f4
random,paeth,serp,traversal,128,128,10.860332470694674,0.00830078125,17,2048,34872,28672,8.513671875,1.2162388392857142,c14400267aff341be547c390dc461dc41b5d8e6ebeb007224e52edf004af7d49
random,paeth,serp,traversal,256,256,10.860332470694674,0.0166015625,34,2048,36818,28672,8.98876953125,1.2841099330357142,63328f2beb63a8bdc7d1d98b1f29f1081fb1cda569c1a89cc1aaffe57fe8b05e
random,paeth,serp,horizontal,16,16,10.858618713368342,0.00146484375,3,2048,33183,28672,8.101318359375,1.1573311941964286,9e7e0f04753e99c04d1bf506e326c155ea44a67c4a1886063149ee0a36512437
random,paeth,serp,horizontal,32,32,10.858618713368342,0.001953125,4,2048,33432,28672,8.162109375,1.166015625,f5b19546e116c14f786164001670ed5e77c36c8508d27dee3c90edbe793e31fd
random,paeth,serp,horizontal,64,64,10.858618713368342,0.00390625,8,2048,33912,28672,8.279296875,1.1827566964285714,cee615c44c66ffe80603dfda8a8dbd74413fc63b542f56507afc5f432aa9e912
random,paeth,serp,horizontal,128,128,10.858618713368342,0.00732421875,15,2048,34888,28672,8.517578125,1.216796875,80c71c5f5691d9e077a4df1072f9394b12524eb6ba1e6bacc0e07dad7d5d262c
random,paeth,serp,horizontal,256,256,10.858618713368342,0.01416015625,29,2048,36853,28672,8.997314453125,1.2853306361607142,7b43b2fb706a3d873aba20f445cfe50360ae1be7664393b8fc6f01c99d29d6cf
random,paeth,serp,vertical,16,16,10.878039825434172,0.00048828125,1,2048,33205,28672,8.106689453125,1.1580984933035714,96cda3cd98bc2b6a1754691e70f62211ec724783489642a693a701d41ddc62ec
random,paeth,serp,vertical,32,32,10.878039825434172,0.00244140625,5,2048,33422,28672,8.15966796875,1.1656668526785714,7780c7cf2f2b0f0067a1a97038ad4eb5bc03ab09f892036b45f46f09045173cb
random,paeth,serp,vertical,64,64,10.878039825434172,0.0048828125,10,2048,33894,28672,8.27490234375,1.18212890625,e9ca42fad0ee67efc58403601e49d24f5c5c4a8cb4e872c3bc27931cddac04ab
random,paeth,serp,vertical,128,128,10.878039825434172,0.009765625,20,2048,34848,28672,8.5078125,1.2154017857142858,220924edbc8adea01ec156caeece2e8b002edee88a965c3084480808d6660465
random,paeth,serp,vertical,256,256,10.878039825434172,0.02001953125,41,2048,36769,28672,8.976806640625,1.2824009486607142,3cd7322f8279fe6f3d9d57be0d1436012d2fae8b5e82326becb61b3cc2af01d4
random,paeth,col,traversal,16,16,10.876086700434172,0.00244140625,5,2048,33161,28672,8.095947265625,1.1565638950892858,1b6c5170caba4b9e78e660448171998984bc4865964bdb07f75525c221b24b38
random,paeth,col,traversal,32,32,10.876086700434172,0.00341796875,7,2048,33402,28672,8.15478515625,1.1649693080357142,6b16275aab360ff04d404c7f4fc0a7a2192033f7c299ce847326876eef5a39c5
random,paeth,col,traversal,64,64,10.876086700434172,0.00439453125,9,2048,33903,28672,8.277099609375,1.1824428013392858,32764fb9670210b72848fcf6fa724e7569e4c7a67857933b76b5270abaf97e31
random,paeth,col,traversal,128,128,10.876086700434172,0.00927734375,19,2048,34856,28672,8.509765625,1.2156808035714286,87718dea77be3eb3ad314fe2530c4be3d1ddceaf97722f74198fa41a1ee12b0e
random,paeth,col,traversal,256,256,10.876086700434172,0.015625,32,2048,36832,28672,8.9921875,1.2845982142857142,6a1eaf40bf4508974aad55cd5bd1c256f8790d871e14631b9a22455d24b4fe37
random,paeth,col,horizontal,16,16,10.876694665521006,0.0009765625,2,2048,33194,28672,8.10400390625,1.15771484375,cac1b0545e972dc4c42cd488bf0a9828b417a71e5a674d4321ec89d1a67524a7
random,paeth,col,horizontal,32,32,10.876694665521006,0.00244140625,5,2048,33422,28672,8.15966796875,1.1656668526785714,ebc2606b54b9ca701fdd424d57fe1e03a9cab53679a0405e27d237eff33a154b
random,paeth,col,horizontal,64,64,10.876694665521006,0.00390625,8,2048,33912,28672,8.279296875,1.1827566964285714,ac96bcef4ea13ce49306874a189988dc766622bd322a9c3bfbbb05dbc50e90a4
random,paeth,col,horizontal,128,128,10.876694665521006,0.0078125,16,2048,34880,28672,8.515625,1.2165178571428572,a4f2b98290ade0c6b1f1c116ee84b9f135f372131cb85cd93383b68e926ba68e
random,paeth,col,horizontal,256,256,10.876694665521006,0.013671875,28,2048,36860,28672,8.9990234375,1.2855747767857142,b9dcf41f415a1aa2c4632ef4141a240ec8e06cd69c7b2f1f71e41eb293433e66
random,paeth,col,vertical,16,16,10.876086700434172,0.00244140625,5,2048,33161,28672,8.095947265625,1.1565638950892858,536c3a5010d0ba5051645f0da55cb016f23c6cff292ad5dba2252102c2c49b55
random,paeth,col,vertical,32,32,10.876086700434172,0.00341796875,7,2048,33402,28672,8.15478515625,1.1649693080357142,08a18061d8de89756ccda17ce3297a1dd1aeaf18b7ca741cc6427a38334586d0
random,paeth,col,vertical,64,64,10.876086700434172,0.00439453125,9,2048,33903,28672,8.277099609375,1.1824428013392858,0753beb52e7fcf20cd044420a71ab130ee77e5cbc276a214ab2e1e3ef2a1ea55
random,paeth,col,vertical,128,128,10.876086700434172,0.00927734375,19,2048,34856,28672,8.509765625,1.2156808035714286,d0d2e6bcce5ff2b2ec8e9b1b110f1f3ae67738ad0866ba6bc421a79c75b7b6fe
random,paeth,col,vertical,256,256,10.876086700434172,0.015625,32,2048,36832,28672,8.9921875,1.2845982142857142,733ff22f7839f13b11fbe09f6b3c2d668b7eb91aa3655f1ba1568094971f6a64
random,paeth,col_serp,traversal,16,16,10.884397027586834,0.00048828125,1,2048,33205,28672,8.106689453125,1.1580984933035714,5a632a0ea22a5f17a64016d6fdda0066a13512bec3d10cad5257b9468f556719
random,paeth,col_serp,traversal,32,32,10.884397027586834,0.00244140625,5,2048,33422,28672,8.15966796875,1.1656668526785714,ad391665ba8066c3d92ba4700a377bd0d367aaf112dc76a8e07452abeeafedc5
random,paeth,col_serp,traversal,64,64,10.884397027586834,0.0048828125,10,2048,33894,28672,8.27490234375,1.18212890625,ebb632f24774f722e2d8418ca95baf09c791d2204a9005349b98007305779f37
random,paeth,col_serp,traversal,128,128,10.884397027586834,0.0078125,16,2048,34880,28672,8.515625,1.2165178571428572,db9c2f13afbacacecc860a69eeb43693ab42796dc733859ac60ac7155f8f3c73
random,paeth,col_serp,traversal,256,256,10.884397027586834,0.01708984375,35,2048,36811,28672,8.987060546875,1.2838657924107142,93fc020eb1cd66774a56fcd4899a565f7228d8835985c676c7216db8e16777b4
random,paeth,col_serp,horizontal,16,16,10.896115777586834,0.00048828125,1,2048,33205,28672,8.106689453125,1.1580984933035714,1eccb9a8c08c9e884c7a3277068ab00807f694ad21a7596ddfebf6031389f264
random,paeth,col_serp,horizontal,32,32,10.896115777586834,0.00048828125,1,2048,33462,28672,8.16943359375,1.1670619419642858,5670354d154bcc1bead553156e6b854e20f2cd75e25d0097ae8d2ec7baba8034
random,paeth,col_serp,horizontal,64,64,10.896115777586834,0.0029296875,6,2048,33930,28672,8.28369140625,1.1833844866071428,a106a60274084e29c2c6af663322e2839836113e10720cd10587c0b5a0c193a6
random,paeth,col_serp,horizontal,128,128,10.896115777586834,0.00634765625,13,2048,34904,28672,8.521484375,1.2173549107142858,77f70f8e5cea4f45e03ee6602cd6b196d8628f33f60cbd80763de942185f3487
random,paeth,col_serp,horizontal,256,256,10.896115777586834,0.01318359375,27,2048,36867,28672,9.000732421875,1.2858189174107142,820e2022cdbb4053cc4c6a246075ae167090879f6b28100d04a0566f9a9748ad
random,paeth,col_serp,vertical,16,16,10.894033422847336,0.0009765625,2,2048,33194,28672,8.10400390625,1.15771484375,0b205d25c6be8ad637338be9873bf46ac13f8b54b59338683917a3608445c884
random,paeth,col_serp,vertical,32,32,10.894033422847336,0.001953125,4,2048,33432,28672,8.162109375,1.166015625,b63be7881689c930d724a99b744cd917de74ced231e5d4271f9948d57d482d11
random,paeth,col_serp,vertical,64,64,10.894033422847336,0.0029296875,6,2048,33930,28672,8.28369140625,1.1833844866071428,150c2e9f66ae07e2e51837c24b5625f3df46969f9828be517cc7fbd768ad61f6
random,paeth,col_serp,vertical,128,128,10.894033422847336,0.00537109375,11,2048,34920,28672,8.525390625,1.2179129464285714,725f82c0022677803e97e81d1a731a9de3f9f72cd63a2b46c9c3de5130fb54cf
random,paeth,col_serp,vertical,256,256,10.894033422847336,0.0126953125,26,2048,36874,28672,9.00244140625,1.2860630580357142,d4ace694dfec068ae7f74569a4b58c0084e4526b20cd2251c9ac9ef6611cedea
constant,left,row,traversal,16,2,0.006075362677284398,1.0,2048,2048,4320,28672,1.0546875,0.15066964285714285,a1f28e0f0feaa521ee66d8ff69b86cb4d19d4ec4ed23dc25f7ce84ea24ef0824
constant,left,row,traversal,32,2,0.006075362677284398,1.0,2048,2048,4320,28672,1.0546875,0.15066964285714285,a1f28e0f0feaa521ee66d8ff69b86cb4d19d4ec4ed23dc25f7ce84ea24ef0824
constant,left,row,traversal,64,2,0.006075362677284398,1.0,2048,2048,4320,28672,1.0546875,0.15066964285714285,a1f28e0f0feaa521ee66d8ff69b86cb4d19d4ec4ed23dc25f7ce84ea24ef0824
constant,left,row,traversal,128,2,0.006075362677284398,1.0,2048,2048,4320,28672,1.0546875,0.15066964285714285,a1f28e0f0feaa521ee66d8ff69b86cb4d19d4ec4ed23dc25f7ce84ea24ef0824
constant,left,row,traversal,256,2,0.006075362677284398,1.0,2048,2048,4320,28672,1.0546875,0.15066964285714285,a1f28e0f0feaa521ee66d8ff69b86cb4d19d4ec4ed23dc25f7ce84ea24ef0824
constant,left,row,horizontal,16,2,0.006075362677284398,1.0,2048,2048,4320,28672,1.0546875,0.15066964285714285,9a4d97420ab1acfad68cbb8f55fff2e82857178e192af7a3a767b8b706c33ce1
constant,left,row,horizontal,32,2,0.006075362677284398,1.0,2048,2048,4320,28672,1.0546875,0.15066964285714285,9a4d97420ab1acfad68cbb8f55fff2e82857178e192af7a3a767b8b706c33ce1
constant,left,row,horizontal,64,2,0.006075362677284398,1.0,2048,2048,4320,28672,1.0546875,0.15066964285714285,9a4d97420ab1acfad68cbb8f55fff2e82857178e192af7a3a767b8b706c33ce1
constant,left,row,horizontal,128,2,0.006075362677284398,1.0,2048,2048,4320,28672,1.0546875,0.15066964285714285,9a4d97420ab1acfad68cbb8f55fff2e82857178e192af7a3a767b8b706c33ce1
constant,left,row,horizontal,256,2,0.006075362677284398,1.0,2048,2048,4320,28672,1.0546875,0.15066964285714285,9a4d97420ab1acfad68cbb8f55fff2e82857178e192af7a3a767b8b706c33ce1
constant,left,row,vertical,16,2,0.006075362677284398,1.0,2048,2048,4320,28672,1.0546875,0.15066964285714285,2fca17cc37f4d676cc09f57556f02a747334ed41472d3607e146ba1971ac67b7
constant,left,row,vertical,32,2,0.006075362677284398,1.0,2048,2048,4320,28672,1.0546875,0.15066964285714285,2fca17cc37f4d676cc09f57556f02a747334ed41472d3607e146ba1971ac67b7
constant,left,row,vertical,64,2,0.006075362677284398,1.0,2048,2048,4320,28672,1.0546875,0.15066964285714285,2fca17cc37f4d676cc09f57556f02a747334ed41472d3607e146ba1971ac67b7
constant,left,row,vertical,128,2,0.006075362677284398,1.0,2048,2048,4320,28672,1.0546875,0.15066964285714285,2fca17cc37f4d676cc09f57556f02a747334ed41472d3607e146ba1971ac67b7
constant,left,row,vertical,256,2,0.006075362677284398,1.0,2048,2048,4320,28672,1.0546875,0.15066964285714285,2fca17cc37f4d676cc09f57556f02a747334ed41472d3607e146ba1971ac67b7
constant,left,serp,traversal,16,2,0.006075362677284398,1.0,2048,2048,4320,28672,1.0546875,0.15066964285714285,3bcaff2beb88623e2de854f1e1a69f82df3e1f8447ede25bdb0c25cf3ff7c2c4
constant,left,serp,traversal,32,2,0.006075362677284398,1.0,2048,2048,4320,28672,1.0546875,0.15066964285714285,3bcaff2beb88623e2de854f1e1a69f82df3e1f8447ede25bdb0c25cf3ff7c2c4
constant,left,serp,traversal,64,2,0.006075362677284398,1.0,2048,2048,4320,28672,1.0546875,0.15066964285714285,3bcaff2beb88623e2de854f1e1a69f82df3e1f8447ede25bdb0c25cf3ff7c2c4
constant,left,serp,traversal,128,2,0.006075362677284398,1.0,2048,2048,4320,28672,1.0546875,0.15066964285714285,3bcaff2beb88623e2de854f1e1a69f82df3e1f8447ede25bdb0c25cf3ff7c2c4
constant,left,serp,traversal,256,2,0.006075362677284398,1.0,2048,2048,4320,28672,1.0546875,0.15066964285714285,3bcaff2beb88623e2de854f1e1a69f82df3e1f8447ede25bdb0c25cf3ff7c2c4
constant,left,serp,horizontal,16,2,0.006075362677284398,1.0,2048,2048,4320,28672,1.0546875,0.15066964285714285,cde5a30b92fcd65495814d98089d3aa42709a5776d6aa37517a43490d2b1541d
constant,left,serp,horizontal,32,2,0.006075362677284398,1.0,2048,2048,4320,28672,1.0546875,0.15066964285714285,cde5a30b92fcd65495814d98089d3aa42709a5776d6aa37517a43490d2b1541d
constant,left,serp,horizontal,64,2,0.006075362677284398,1.0,2048,2048,4320,28672,1.0546875,0.15066964285714285,cde5a30b92fcd65495814d98089d3aa42709a5776d6aa37517a43490d2b1541d
constant,left,serp,horizontal,128,2,0.006075362677284398,1.0,2048,2048,4320,28672,1.0546875,0.15066964285714285,cde5a30b92fcd65495814d98089d3aa42709a5776d6aa37517a43490d2b1541d
constant,left,serp,horizontal,256,2,0.006075362677284398,1.0,2048,2048,4320,28672,1.0546875,0.15066964285714285,cde5a30b92fcd65495814d98089d3aa42709a5776d6aa37517a43490d2b1541d
constant,left,serp,vertical,16,2,0.006075362677284398,1.0,2048,2048,4320,28672,1.0546875,0.15066964285714285,7e2d985851790521a12756bdcea8688ce47f89f1c098cd1e13bd9624d0f7c920
constant,left,serp,vertical,32,2,0.006075362677284398,1.0,2048,2048,4320,28672,1.0546875,0.15066964285714285,7e2d985851790521a12756bdcea8688ce47f89f1c098cd1e13bd9624d0f7c920
constant,left,serp,vertical,64,2,0.006075362677284398,1.0,2048,2048,4320,28672,1.0546875,0.15066964285714285,7e2d985851790521a12756bdcea8688ce47f89f1c098cd1e13bd9624d0f7c920
constant,left,serp,vertical,128,2,0.006075362677284398,1.0,2048,2048,4320,28672,1.0546875,0.15066964285714285,7e2d985851790521a12756bdcea8688ce47f89f1c098cd1e13bd9624d0f7c920
constant,left,serp,vertical,256,2,0.006075362677284398,1.0,2048,2048,4320,28672,1.0546875,0.15066964285714285,7e2d985851790521a12756bdcea8688ce47f89f1c098cd1e13bd9624d0f7c920
constant,left,col,traversal,16,2,0.006075362677284398,1.0,2048,2048,4320,28672,1.0546875,0.15066964285714285,f50cb9892f9e336a1eac160320f5f350f0a6ef01194ca8be10c28d8b4c1827fb
constant,left,col,traversal,32,2,0.006075362677284398,1.0,2048,2048,4320,28672,1.0546875,0.15066964285714285,f50cb9892f9e336a1eac160320f5f350f0a6ef01194ca8be10c28d8b4c1827fb
constant,left,col,traversal,64,2,0.006075362677284398,1.0,2048,2048,4320,28672,1.0546875,0.15066964285714285,f50cb9892f9e336a1eac160320f5f350f0a6ef01194ca8be10c28d8b4c1827fb
constant,left,col,traversal,128,2,0.006075362677284398,1.0,2048,2048,4320,28672,1.0546875,0.15066964285714285,f50cb9892f9e336a1eac160320f5f350f0a6ef01194ca8be10c28d8b4c1827fb
constant,left,col,traversal,256,2,0.006075362677284398,1.0,2048,2048,4320,28672,1.0546875,0.15066964285714285,f50cb9892f9e336a1eac160320f5f350f0a6ef01194ca8be10c28d8b4c1827fb
constant,left,col,horizontal,16,2,0.006075362677284398,1.0,2048,2048,4320,28672,1.0546875,0.15066964285714285,0c7020e9f57d8a680c9e807d8ab14fcb401bac06d800ba04fb1c8802e18c7522
constant,left,col,horizontal,32,2,0.006075362677284398,1.0,2048,2048,4320,28672,1.0546875,0.15066964285714285,0c7020e9f57d8a680c9e807d8ab14fcb401bac06d800ba04fb1c8802e18c7522
constant,left,col,horizontal,64,2,0.006075362677284398,1.0,2048,2048,4320,28672,1.0546875,0.15066964285714285,0c7020e9f57d8a680c9e807d8ab14fcb401bac06d800ba04fb1c8802e18c7522
constant,left,col,horizontal,128,2,0.006075362677284398,1.0,2048,2048,4320,28672,1.0546875,0.15066964285714285,0c7020e9f57d8a680c9e807d8ab14fcb401bac06d800ba04fb1c8802e18c7522
constant,left,col,horizontal,256,2,0.006075362677284398,1.0,2048,2048,4320,28672,1.0546875,0.15066964285714285,0c7020e9f57d8a680c9e807d8ab14fcb401bac06d800ba04fb1c8802e18c7522
constant,left,col,vertical,16,2,0.006075362677284398,1.0,2048,2048,4320,28672,1.0546875,0.15066964285714285,f9b3d0e3863adcaba4e91664e0085f9dcc5e04b3a142f9da06a40c81b77d6c51
constant,left,col,vertical,32,2,0.006075362677284398,1.0,2048,2048,4320,28672,1.0546875,0.15066964285714285,f9b3d0e3863adcaba4e91664e0085f9dcc5e04b3a142f9da06a40c81b77d6c51
constant,left,col,vertical,64,2,0.006075362677284398,1.0,2048,2048,4320,28672,1.0546875,0.15066964285714285,f9b3d0e3863adcaba4e91664e0085f9dcc5e04b3a142f9da06a40c81b77d6c51
constant,left,col,vertical,128,2,0.006075362677284398,1.0,2048,2048,4320,28672,1.0546875,0.15066964285714285,f9b3d0e3863adcaba4e91664e0085f9dcc5e04b3a142f9da06a40c81b77d6c51
constant,left,col,vertical,256,2,0.006075362677284398,1.0,2048,2048,4320,28672,1.0546875,0.15066964285714285,f9b3d0e3863adcaba4e91664e0085f9dcc5e04b3a142f9da06a40c81b77d6c51
constant,left,col_serp,traversal,16,2,0.006075362677284398,1.0,2048,2048,4320,28672,1.0546875,0.15066964285714285,cb1cd84ee1dac424919a03292b9094a04621a2fa289ee9299e711039350bf489
constant,left,col_serp,traversal,32,2,0.006075362677284398,1.0,2048,2048,4320,28672,1.0546875,0.15066964285714285,cb1cd84ee1dac424919a03292b9094a04621a2fa289ee9299e711039350bf489
constant,left,col_serp,traversal,64,2,0.006075362677284398,1.0,2048,2048,4320,28672,1.0546875,0.15066964285714285,cb1cd84ee1dac424919a03292b9094a04621a2fa289ee9299e711039350bf489
constant,left,col_serp,traversal,128,2,0.006075362677284398,1.0,2048,2048,4320,28672,1.0546875,0.15066964285714285,cb1cd84ee1dac424919a03292b9094a04621a2fa289ee9299e711039350bf489
constant,left,col_serp,traversal,256,2,0.006075362677284398,1.0,2048,2048,4320,28672,1.0546875,0.15066964285714285,cb1cd84ee1dac424919a03292b9094a04621a2fa289ee9299e711039350bf489
constant,left,col_serp,horizontal,16,2,0.006075362677284398,1.0,2048,2048,4320,28672,1.0546875,0.15066964285714285,22b74791cf466d24313577229840d6872fae71429ad32124369073894f7eb676
constant,left,col_serp,horizontal,32,2,0.006075362677284398,1.0,2048,2048,4320,28672,1.0546875,0.15066964285714285,22b74791cf466d24313577229840d6872fae71429ad32124369073894f7eb676
constant,left,col_serp,horizontal,64,2,0.006075362677284398,1.0,2048,2048,4320,28672,1.0546875,0.15066964285714285,22b74791cf466d24313577229840d6872fae71429ad32124369073894f7eb676
constant,left,col_serp,horizontal,128,2,0.006075362677284398,1.0,2048,2048,4320,28672,1.0546875,0.15066964285714285,22b74791cf466d24313577229840d6872fae71429ad32124369073894f7eb676
constant,left,col_serp,horizontal,256,2,0.006075362677284398,1.0,2048,2048,4320,28672,1.0546875,0.15066964285714285,22b74791cf466d24313577229840d6872fae71429ad32124369073894f7eb676
constant,left,col_serp,vertical,16,2,0.006075362677284398,1.0,2048,2048,4320,28672,1.0546875,0.15066964285714285,7b013cadae69cf93e57d24c4fcbc5949367a814d364139ca7b62abdb92d0601d
constant,left,col_serp,vertical,32,2,0.006075362677284398,1.0,2048,2048,4320,28672,1.0546875,0.15066964285714285,7b013cadae69cf93e57d24c4fcbc5949367a814d364139ca7b62abdb92d0601d
constant,left,col_serp,vertical,64,2,0.006075362677284398,1.0,2048,2048,4320,28672,1.0546875,0.15066964285714285,7b013cadae69cf93e57d24c4fcbc5949367a814d364139ca7b62abdb92d0601d
constant,left,col_serp,vertical,128,2,0.006075362677284398,1.0,2048,2048,4320,28672,1.0546875,0.15066964285714285,7b013cadae69cf93e57d24c4fcbc5949367a814d364139ca7b62abdb92d0601d
constant,left,col_serp,vertical,256,2,0.006075362677284398,1.0,2048,2048,4320,28672,1.0546875,0.15066964285714285,7b013cadae69cf93e57d24c4fcbc5949367a814d364139ca7b62abdb92d0601d
constant,up,row,traversal,16,2,0.006075362677284398,1.0,2048,2048,4320,28672,1.0546875,0.15066964285714285,15f16e0b4f6adcbc81c274f32344993f0db938dc99db38cf5a2fb8910c4ff090
constant,up,row,traversal,32,2,0.006075362677284398,1.0,2048,2048,4320,28672,1.0546875,0.15066964285714285,15f16e0b4f6adcbc81c274f32344993f0db938dc99db38cf5a2fb8910c4ff090
constant,up,row,traversal,64,2,0.006075362677284398,1.0,2048,2048,4320,28672,1.0546875,0.15066964285714285,15f16e0b4f6adcbc81c274f32344993f0db938dc99db38cf5a2fb8910c4ff090
constant,up,row,traversal,128,2,0.006075362677284398,1.0,2048,2048,4320,28672,1.0546875,0.15066964285714285,15f16e0b4f6adcbc81c274f32344993f0db938dc99db38cf5a2fb8910c4ff090
constant,up,row,traversal,256,2,0.006075362677284398,1.0,2048,2048,4320,28672,1.0546875,0.15066964285714285,15f16e0b4f6adcbc81c274f32344993f0db938dc99db38cf5a2fb8910c4ff090
constant,up,row,horizontal,16,2,0.006075362677284398,1.0,2048,2048,4320,28672,1.0546875,0.15066964285714285,92c2cf1bac3d746eadf925b0cb1adcb4a550aa9a77372fd5df7d17a5b6d64e30
constant,up,row,horizontal,32,2,0.006075362677284398,1.0,2048,2048,4320,28672,1.0546875,0.15066964285714285,92c2cf1bac3d746eadf925b0cb1adcb4a550aa9a77372fd5df7d17a5b6d64e30
constant,up,row,horizontal,64,2,0.006075362677284398,1.0,2048,2048,4320,28672,1.0546875,0.15066964285714285,92c2cf1bac3d746eadf925b0cb1adcb4a550aa9a77372fd5df7d17a5b6d64e30
constant,up,row,horizontal,128,2,0.006075362677284398,1.0,2048,2048,4320,28672,1.0546875,0.15066964285714285,92c2cf1bac3d746eadf925b0cb1adcb4a550aa9a77372fd5df7d17a5b6d64e30
constant,up,row,horizontal,256,2,0.006075362677284398,1.0,2048,2048,4320,28672,1.0546875,0.15066964285714285,92c2cf1bac3d746eadf925b0cb1adcb4a550aa9a77372fd5df7d17a5b6d64e30
constant,up,row,vertical,16,2,0.006075362677284398,1.0,2048,2048,4320,28672,1.0546875,0.15066964285714285,6998650e43eb23b89e4553c99d1a03385bacdb572cdb2e7b9a146c16d8875d2f
constant,up,row,vertical,32,2,0.006075362677284398,1.0,2048,2048,4320,28672,1.0546875,0.15066964285714285,6998650e43eb23b89e4553c99d1a03385bacdb572cdb2e7b9a146c16d8875d2f
constant,up,row,vertical,64,2,0.006075362677284398,1.0,2048,2048,4320,28672,1.0546875,0.15066964285714285,6998650e43eb23b89e4553c99d1a03385bacdb572cdb2e7b9a146c16d8875d2f
constant,up,row,vertical,128,2,0.006075362677284398,1.0,2048,2048,4320,28672,1.0546875,0.15066964285714285,6998650e43eb23b89e4553c99d1a03385bacdb572cdb2e7b9a146c16d8875d2f
constant,up,row,vertical,256,2,0.006075362677284398,1.0,2048,2048,4320,28672,1.0546875,0.15066964285714285,6998650e43eb23b89e4553c99d1a03385bacdb572cdb2e7b9a146c16d8875d2f
constant,up,serp,traversal,16,2,0.006075362677284398,1.0,2048,2048,4320,28672,1.0546875,0.15066964285714285,5e6506727c5c3ce2f65a925836e00f547541bac0c89d08dc17071dcb74f4edfe
constant,up,serp,traversal,32,2,0.006075362677284398,1.0,2048,2048,4320,28672,1.0546875,0.15066964285714285,5e6506727c5c3ce2f65a925836e00f547541bac0c89d08dc17071dcb74f4edfe
constant,up,serp,traversal,64,2,0.006075362677284398,1.0,2048,2048,4320,28672,1.0546875,0.15066964285714285,5e6506727c5c3ce2f65a925836e00f547541bac0c89d08dc17071dcb74f4edfe
constant,up,serp,traversal,128,2,0.006075362677284398,1.0,2048,2048,4320,28672,1.0546875,0.15066964285714285,5e6506727c5c3ce2f65a925836e00f547541bac0c89d08dc17071dcb74f4edfe
constant,up,serp,traversal,256,2,0.006075362677284398,1.0,2048,2048,4320,28672,1.0546875,0.15066964285714285,5e6506727c5c3ce2f65a925836e00f547541bac0c89d08dc17071dcb74f4edfe
constant,up,serp,horizontal,16,2,0.006075362677284398,1.0,2048,2048,4320,28672,1.0546875,0.15066964285714285,369637288cde08b9e58f70cb221908505a1e8a96e05702566a1b8891a28cbcc7
constant,up,serp,horizontal,32,2,0.006075362677284398,1.0,2048,2048,4320,28672,1.0546875,0.15066964285714285,369637288cde08b9e58f70cb221908505a1e8a96e05702566a1b8891a28cbcc7
constant,up,serp,horizontal,64,2,0.006075362677284398,1.0,2048,2048,4320,28672,1.0546875,0.15066964285714285,369637288cde08b9e58f70cb221908505a1e8a96e05702566a1b8891a28cbcc7
constant,up,serp,horizontal,128,2,0.006075362677284398,1.0,2048,2048,4320,28672,1.0546875,0.15066964285714285,369637288cde08b9e58f70cb221908505a1e8a96e05702566a1b8891a28cbcc7
constant,up,serp,horizontal,256,2,0.006075362677284398,1.0,2048,2048,4320,28672,1.0546875,0.15066964285714285,369637288cde08b9e58f70cb221908505a1e8a96e05702566a1b8891a28cbcc7
constant,up,serp,vertical,16,2,0.006075362677284398,1.0,2048,2048,4320,28672,1.0546875,0.15066964285714285,d177450ea7e1ab9f9db85fd1911e4d606379962bcd4c7fb3675e95b6fde50188
constant,up,serp,vertical,32,2,0.006075362677284398,1.0,2048,2048,4320,28672,1.0546875,0.15066964285714285,d177450ea7e1ab9f9db85fd1911e4d606379962bcd4c7fb3675e95b6fde50188
constant,up,serp,vertical,64,2,0.006075362677284398,1.0,2048,2048,4320,28672,1.0546875,0.15066964285714285,d177450ea7e1ab9f9db85fd1911e4d606379962bcd4c7fb3675e95b6fde50188
constant,up,serp,vertical,128,2,0.006075362677284398,1.0,2048,2048,4320,28672,1.0546875,0.15066964285714285,d177450ea7e1ab9f9db85fd1911e4d606379962bcd4c7fb3675e95b6fde50188
constant,up,serp,vertical,256,2,0.006075362677284398,1.0,2048,2048,4320,28672,1.0546875,0.15066964285714285,d177450ea7e1ab9f9db85fd1911e4d606379962bcd4c7fb3675e95b6fde50188
constant,up,col,traversal,16,2,0.006075362677284398,1.0,2048,2048,4320,28672,1.0546875,0.15066964285714285,a4301b37f0de907ade19fab212094a40a6400714b741947ce060fd0786f65643
constant,up,col,traversal,32,2,0.006075362677284398,1.0,2048,2048,4320,28672,1.0546875,0.15066964285714285,a4301b37f0de907ade19fab212094a40a6400714b741947ce060fd0786f65643
constant,up,col,traversal,64,2,0.006075362677284398,1.0,2048,2048,4320,28672,1.0546875,0.15066964285714285,a4301b37f0de907ade19fab212094a40a6400714b741947ce060fd0786f65643
constant,up,col,traversal,128,2,0.006075362677284398,1.0,2048,2048,4320,28672,1.0546875,0.15066964285714285,a4301b37f0de907ade19fab212094a40a6400714b741947ce060fd0786f65643
constant,up,col,traversal,256,2,0.006075362677284398,1.0,2048,2048,4320,28672,1.0546875,0.15066964285714285,a4301b37f0de907ade19fab212094a40a6400714b741947ce060fd0786f65643
constant,up,col,horizontal,16,2,0.006075362677284398,1.0,2048,2048,4320,28672,1.0546875,0.15066964285714285,5a7dc558d3679a15c65bc10560db01d4d461300ade32fd5c50491159e2586c17
constant,up,col,horizontal,32,2,0.006075362677284398,1.0,2048,2048,4320,28672,1.0546875,0.15066964285714285,5a7dc558d3679a15c65bc10560db01d4d461300ade32fd5c50491159e2586c17
constant,up,col,horizontal,64,2,0.006075362677284398,1.0,2048,2048,4320,28672,1.0546875,0.15066964285714285,5a7dc558d3679a15c65bc10560db01d4d461300ade32fd5c50491159e2586c17
constant,up,col,horizontal,128,2,0.006075362677284398,1.0,2048,2048,4320,28672,1.0546875,0.15066964285714285,5a7dc558d3679a15c65bc10560db01d4d461300ade32fd5c50491159e2586c17
constant,up,col,horizontal,256,2,0.006075362677284398,1.0,2048,2048,4320,28672,1.0546875,0.15066964285714285,5a7dc558d3679a15c65bc10560db01d4d461300ade32fd5c50491159e2586c17
constant,up,col,vertical,16,2,0.006075362677284398,1.0,2048,2048,4320,28672,1.0546875,0.15066964285714285,e23b5a23e0461ee948f6935b3838e4e93c8fc4cd31f29d1a26bafd8e2c0529b6
constant,up,col,vertical,32,2,0.006075362677284398,1.0,2048,2048,4320,28672,1.0546875,0.15066964285714285,e23b5a23e0461ee948f6935b3838e4e93c8fc4cd31f29d1a26bafd8e2c0529b6
constant,up,col,vertical,64,2,0.006075362677284398,1.0,2048,2048,4320,28672,1.0546875,0.15066964285714285,e23b5a23e0461ee948f6935b3838e4e93c8fc4cd31f29d1a26bafd8e2c0529b6
constant,up,col,vertical,128,2,0.006075362677284398,1.0,2048,2048,4320,28672,1.0546875,0.15066964285714285,e23b5a23e0461ee948f6935b3838e4e93c8fc4cd31f29d1a26bafd8e2c0529b6
constant,up,col,vertical,256,2,0.006075362677284398,1.0,2048,2048,4320,28672,1.0546875,0.15066964285714285,e23b5a23e0461ee948f6935b3838e4e93c8fc4cd31f29d1a26bafd8e2c0529b6
constant,up,col_serp,traversal,16,2,0.006075362677284398,1.0,2048,2048,4320,28672,1.0546875,0.15066964285714285,2286d426d878f4e7c0ccd73b68ce97a9d1762919ae7fe220417a83ea2ea87c9b
constant,up,col_serp,traversal,32,2,0.006075362677284398,1.0,2048,2048,4320,28672,1.0546875,0.15066964285714285,2286d426d878f4e7c0ccd73b68ce97a9d1762919ae7fe220417a83ea2ea87c9b
constant,up,col_serp,traversal,64,2,0.006075362677284398,1.0,2048,2048,4320,28672,1.0546875,0.15066964285714285,2286d426d878f4e7c0ccd73b68ce97a9d1762919ae7fe220417a83ea2ea87c9b
constant,up,col_serp,traversal,128,2,0.006075362677284398,1.0,2048,2048,4320,28672,1.0546875,0.15066964285714285,2286d426d878f4e7c0ccd73b68ce97a9d1762919ae7fe220417a83ea2ea87c9b
constant,up,col_serp,traversal,256,2,0.006075362677284398,1.0,2048,2048,4320,28672,1.0546875,0.15066964285714285,2286d426d878f4e7c0ccd73b68ce97a9d1762919ae7fe220417a83ea2ea87c9b
constant,up,col_serp,horizontal,16,2,0.006075362677284398,1.0,2048,2048,4320,28672,1.0546875,0.15066964285714285,b63740000451a27106f9086e5bba734c82bfc74dfe8dc188c204f6d874d58d6f
constant,up,col_serp,horizontal,32,2,0.006075362677284398,1.0,2048,2048,4320,28672,1.0546875,0.15066964285714285,b63740000451a27106f9086e5bba734c82bfc74dfe8dc188c204f6d874d58d6f
constant,up,col_serp,horizontal,64,2,0.006075362677284398,1.0,2048,2048,4320,28672,1.0546875,0.15066964285714285,b63740000451a27106f9086e5bba734c82bfc74dfe8dc188c204f6d874d58d6f
constant,up,col_serp,horizontal,128,2,0.006075362677284398,1.0,2048,2048,4320,28672,1.0546875,0.15066964285714285,b63740000451a27106f9086e5bba734c82bfc74dfe8dc188c204f6d874d58d6f
constant,up,col_serp,horizontal,256,2,0.006075362677284398,1.0,2048,2048,4320,28672,1.0546875,0.15066964285714285,b63740000451a27106f9086e5bba734c82bfc74dfe8dc188c204f6d874d58d6f
constant,up,col_serp,vertical,16,2,0.006075362677284398,1.0,2048,2048,4320,28672,1.0546875,0.15066964285714285,d73a0a0f24d0df44643fe00e1a0ad95db46a1dfff70b976d18f9894c02a4abbc
constant,up,col_serp,vertical,32,2,0.006075362677284398,1.0,2048,2048,4320,28672,1.0546875,0.15066964285714285,d73a0a0f24d0df44643fe00e1a0ad95db46a1dfff70b976d18f9894c02a4abbc
constant,up,col_serp,vertical,64,2,0.006075362677284398,1.0,2048,2048,4320,28672,1.0546875,0.15066964285714285,d73a0a0f24d0df44643fe00e1a0ad95db46a1dfff70b976d18f9894c02a4abbc
constant,up,col_serp,vertical,128,2,0.006075362677284398,1.0,2048,2048,4320,28672,1.0546875,0.15066964285714285,d73a0a0f24d0df44643fe00e1a0ad95db46a1dfff70b976d18f9894c02a4abbc
constant,up,col_serp,vertical,256,2,0.006075362677284398,1.0,2048,2048,4320,28672,1.0546875,0.15066964285714285,d73a0a0f24d0df44643fe00e1a0ad95db46a1dfff70b976d18f9894c02a4abbc
constant,previous,row,traversal,16,2,0.006075362677284398,1.0,2048,2048,4320,28672,1.0546875,0.15066964285714285,2148c84a97b4042ba411e6bfeecc8c46e3a7a294d41786beb067d2953b760bb8
constant,previous,row,traversal,32,2,0.006075362677284398,1.0,2048,2048,4320,28672,1.0546875,0.15066964285714285,2148c84a97b4042ba411e6bfeecc8c46e3a7a294d41786beb067d2953b760bb8
constant,previous,row,traversal,64,2,0.006075362677284398,1.0,2048,2048,4320,28672,1.0546875,0.15066964285714285,2148c84a97b4042ba411e6bfeecc8c46e3a7a294d41786beb067d2953b760bb8
constant,previous,row,traversal,128,2,0.006075362677284398,1.0,2048,2048,4320,28672,1.0546875,0.15066964285714285,2148c84a97b4042ba411e6bfeecc8c46e3a7a294d41786beb067d2953b760bb8
constant,previous,row,traversal,256,2,0.006075362677284398,1.0,2048,2048,4320,28672,1.0546875,0.15066964285714285,2148c84a97b4042ba411e6bfeecc8c46e3a7a294d41786beb067d2953b760bb8
constant,previous,row,horizontal,16,2,0.006075362677284398,1.0,2048,2048,4320,28672,1.0546875,0.15066964285714285,9743cfea8a867c5c58438eeea60733117ad8ebf5d6f65d5aa0ccd35dfabca8b0
constant,previous,row,horizontal,32,2,0.006075362677284398,1.0,2048,2048,4320,28672,1.0546875,0.15066964285714285,9743cfea8a867c5c58438eeea60733117ad8ebf5d6f65d5aa0ccd35dfabca8b0
constant,previous,row,horizontal,64,2,0.006075362677284398,1.0,2048,2048,4320,28672,1.0546875,0.15066964285714285,9743cfea8a867c5c58438eeea60733117ad8ebf5d6f65d5aa0ccd35dfabca8b0
constant,previous,row,horizontal,128,2,0.006075362677284398,1.0,2048,2048,4320,28672,1.0546875,0.15066964285714285,9743cfea8a867c5c58438eeea60733117ad8ebf5d6f65d5aa0ccd35dfabca8b0
constant,previous,row,horizontal,256,2,0.006075362677284398,1.0,2048,2048,4320,28672,1.0546875,0.15066964285714285,9743cfea8a867c5c58438eeea60733117ad8ebf5d6f65d5aa0ccd35dfabca8b0
constant,previous,row,vertical,16,2,0.006075362677284398,1.0,2048,2048,4320,28672,1.0546875,0.15066964285714285,54c5899ba571810a53462ca513d13a1d2f5459ddb532606bdb62c44036aeed54
constant,previous,row,vertical,32,2,0.006075362677284398,1.0,2048,2048,4320,28672,1.0546875,0.15066964285714285,54c5899ba571810a53462ca513d13a1d2f5459ddb532606bdb62c44036aeed54
constant,previous,row,vertical,64,2,0.006075362677284398,1.0,2048,2048,4320,28672,1.0546875,0.15066964285714285,54c5899ba571810a53462ca513d13a1d2f5459ddb532606bdb62c44036aeed54
constant,previous,row,vertical,128,2,0.006075362677284398,1.0,2048,2048,4320,28672,1.0546875,0.15066964285714285,54c5899ba571810a53462ca513d13a1d2f5459ddb532606bdb62c44036aeed54
constant,previous,row,vertical,256,2,0.006075362677284398,1.0,2048,2048,4320,28672,1.0546875,0.15066964285714285,54c5899ba571810a53462ca513d13a1d2f5459ddb532606bdb62c44036aeed54
constant,previous,serp,traversal,16,2,0.006075362677284398,1.0,2048,2048,4320,28672,1.0546875,0.15066964285714285,1bb839519c97e1179efabcfcd507d1269275b22f49a03ab1fe9a0ddcd3ceb6d7
constant,previous,serp,traversal,32,2,0.006075362677284398,1.0,2048,2048,4320,28672,1.0546875,0.15066964285714285,1bb839519c97e1179efabcfcd507d1269275b22f49a03ab1fe9a0ddcd3ceb6d7
constant,previous,serp,traversal,64,2,0.006075362677284398,1.0,2048,2048,4320,28672,1.0546875,0.15066964285714285,1bb839519c97e1179efabcfcd507d1269275b22f49a03ab1fe9a0ddcd3ceb6d7
constant,previous,serp,traversal,128,2,0.006075362677284398,1.0,2048,2048,4320,28672,1.0546875,0.15066964285714285,1bb839519c97e1179efabcfcd507d1269275b22f49a03ab1fe9a0ddcd3ceb6d7
constant,previous,serp,traversal,256,2,0.006075362677284398,1.0,2048,2048,4320,28672,1.0546875,0.15066964285714285,1bb839519c97e1179efabcfcd507d1269275b22f49a03ab1fe9a0ddcd3ceb6d7
constant,previous,serp,horizontal,16,2,0.006075362677284398,1.0,2048,2048,4320,28672,1.0546875,0.15066964285714285,5b5a63c8a715771f586c2063b499a64f4e99c572bc13cac474c43ad8b6a1b227
constant,previous,serp,horizontal,32,2,0.006075362677284398,1.0,2048,2048,4320,28672,1.0546875,0.15066964285714285,5b5a63c8a715771f586c2063b499a64f4e99c572bc13cac474c43ad8b6a1b227
constant,previous,serp,horizontal,64,2,0.006075362677284398,1.0,2048,2048,4320,28672,1.0546875,0.15066964285714285,5b5a63c8a715771f586c2063b499a64f4e99c572bc13cac474c43ad8b6a1b227
constant,previous,serp,horizontal,128,2,0.006075362677284398,1.0,2048,2048,4320,28672,1.0546875,0.15066964285714285,5b5a63c8a715771f586c2063b499a64f4e99c572bc13cac474c43ad8b6a1b227
constant,previous,serp,horizontal,256,2,0.006075362677284398,1.0,2048,2048,4320,28672,1.0546875,0.15066964285714285,5b5a63c8a715771f586c2063b499a64f4e99c572bc13cac474c43ad8b6a1b227
constant,previous,serp,vertical,16,2,0.006075362677284398,1.0,2048,2048,4320,28672,1.0546875,0.15066964285714285,3105bb157ae96e324a763b2f6628c1f07f4e1ca50e4a5a43e4c3f4b12fa1a7e7
constant,previous,serp,vertical,32,2,0.006075362677284398,1.0,2048,2048,4320,28672,1.0546875,0.15066964285714285,3105bb157ae96e324a763b2f6628c1f07f4e1ca50e4a5a43e4c3f4b12fa1a7e7
constant,previous,serp,vertical,64,2,0.006075362677284398,1.0,2048,2048,4320,28672,1.0546875,0.15066964285714285,3105bb157ae96e324a763b2f6628c1f07f4e1ca50e4a5a43e4c3f4b12fa1a7e7
constant,previous,serp,vertical,128,2,0.006075362677284398,1.0,2048,2048,4320,28672,1.0546875,0.15066964285714285,3105bb157ae96e324a763b2f6628c1f07f4e1ca50e4a5a43e4c3f4b12fa1a7e7
constant,previous,serp,vertical,256,2,0.006075362677284398,1.0,2048,2048,4320,28672,1.0546875,0.15066964285714285,3105bb157ae96e324a763b2f6628c1f07f4e1ca50e4a5a43e4c3f4b12fa1a7e7
constant,previous,col,traversal,16,2,0.006075362677284398,1.0,2048,2048,4320,28672,1.0546875,0.15066964285714285,5b9ac0a27718fbd0213eaf873845d3ebe1d3af16321e42738af7d65ef47c8fcc
constant,previous,col,traversal,32,2,0.006075362677284398,1.0,2048,2048,4320,28672,1.0546875,0.15066964285714285,5b9ac0a27718fbd0213eaf873845d3ebe1d3af16321e42738af7d65ef47c8fcc
constant,previous,col,traversal,64,2,0.006075362677284398,1.0,2048,2048,4320,28672,1.0546875,0.15066964285714285,5b9ac0a27718fbd0213eaf873845d3ebe1d3af16321e42738af7d65ef47c8fcc
constant,previous,col,traversal,128,2,0.006075362677284398,1.0,2048,2048,4320,28672,1.0546875,0.15066964285714285,5b9ac0a27718fbd0213eaf873845d3ebe1d3af16321e42738af7d65ef47c8fcc
constant,previous,col,traversal,256,2,0.006075362677284398,1.0,2048,2048,4320,28672,1.0546875,0.15066964285714285,5b9ac0a27718fbd0213eaf873845d3ebe1d3af16321e42738af7d65ef47c8fcc
constant,previous,col,horizontal,16,2,0.006075362677284398,1.0,2048,2048,4320,28672,1.0546875,0.15066964285714285,d174cbd5f18d01ef789aa62f67f12f8c8790789d1ceff358062acfcbcec22a29
constant,previous,col,horizontal,32,2,0.006075362677284398,1.0,2048,2048,4320,28672,1.0546875,0.15066964285714285,d174cbd5f18d01ef789aa62f67f12f8c8790789d1ceff358062acfcbcec22a29
constant,previous,col,horizontal,64,2,0.006075362677284398,1.0,2048,2048,4320,28672,1.0546875,0.15066964285714285,d174cbd5f18d01ef789aa62f67f12f8c8790789d1ceff358062acfcbcec22a29
constant,previous,col,horizontal,128,2,0.006075362677284398,1.0,2048,2048,4320,28672,1.0546875,0.15066964285714285,d174cbd5f18d01ef789aa62f67f12f8c8790789d1ceff358062acfcbcec22a29
constant,previous,col,horizontal,256,2,0.006075362677284398,1.0,2048,2048,4320,28672,1.0546875,0.15066964285714285,d174cbd5f18d01ef789aa62f67f12f8c8790789d1ceff358062acfcbcec22a29
constant,previous,col,vertical,16,2,0.006075362677284398,1.0,2048,2048,4320,28672,1.0546875,0.15066964285714285,05b2a9cc89534009f9640730bc379a636cf3b35c728789f2be4ce4ff1ead426a
constant,previous,col,vertical,32,2,0.006075362677284398,1.0,2048,2048,4320,28672,1.0546875,0.15066964285714285,05b2a9cc89534009f9640730bc379a636cf3b35c728789f2be4ce4ff1ead426a
constant,previous,col,vertical,64,2,0.006075362677284398,1.0,2048,2048,4320,28672,1.0546875,0.15066964285714285,05b2a9cc89534009f9640730bc379a636cf3b35c728789f2be4ce4ff1ead426a
constant,previous,col,vertical,128,2,0.006075362677284398,1.0,2048,2048,4320,28672,1.0546875,0.15066964285714285,05b2a9cc89534009f9640730bc379a636cf3b35c728789f2be4ce4ff1ead426a
constant,previous,col,vertical,256,2,0.006075362677284398,1.0,2048,2048,4320,28672,1.0546875,0.15066964285714285,05b2a9cc89534009f9640730bc379a636cf3b35c728789f2be4ce4ff1ead426a
constant,previous,col_serp,traversal,16,2,0.006075362677284398,1.0,2048,2048,4320,28672,1.0546875,0.15066964285714285,07e404b7138736de042137a24fb2dfdc2f1413077fd460ade5dcb3f4e8d90bc7
constant,previous,col_serp,traversal,32,2,0.006075362677284398,1.0,2048,2048,4320,28672,1.0546875,0.15066964285714285,07e404b7138736de042137a24fb2dfdc2f1413077fd460ade5dcb3f4e8d90bc7
constant,previous,col_serp,traversal,64,2,0.006075362677284398,1.0,2048,2048,4320,28672,1.0546875,0.15066964285714285,07e404b7138736de042137a24fb2dfdc2f1413077fd460ade5dcb3f4e8d90bc7
constant,previous,col_serp,traversal,128,2,0.006075362677284398,1.0,2048,2048,4320,28672,1.0546875,0.15066964285714285,07e404b7138736de042137a24fb2dfdc2f1413077fd460ade5dcb3f4e8d90bc7
constant,previous,col_serp,traversal,256,2,0.006075362677284398,1.0,2048,2048,4320,28672,1.0546875,0.15066964285714285,07e404b7138736de042137a24fb2dfdc2f1413077fd460ade5dcb3f4e8d90bc7
constant,previous,col_serp,horizontal,16,2,0.006075362677284398,1.0,2048,2048,4320,28672,1.0546875,0.15066964285714285,7c3be20418dd3b22812bd2cf5e1479877e88030cc4d83803e61970fe3b2e96f0
constant,previous,col_serp,horizontal,32,2,0.006075362677284398,1.0,2048,2048,4320,28672,1.0546875,0.15066964285714285,7c3be20418dd3b22812bd2cf5e1479877e88030cc4d83803e61970fe3b2e96f0
constant,previous,col_serp,horizontal,64,2,0.006075362677284398,1.0,2048,2048,4320,28672,1.0546875,0.15066964285714285,7c3be20418dd3b22812bd2cf5e1479877e88030cc4d83803e61970fe3b2e96f0
constant,previous,col_serp,horizontal,128,2,0.006075362677284398,1.0,2048,2048,4320,28672,1.0546875,0.15066964285714285,7c3be20418dd3b22812bd2cf5e1479877e88030cc4d83803e61970fe3b2e96f0
constant,previous,col_serp,horizontal,256,2,0.006075362677284398,1.0,2048,2048,4320,28672,1.0546875,0.15066964285714285,7c3be20418dd3b22812bd2cf5e1479877e88030cc4d83803e61970fe3b2e96f0
constant,previous,col_serp,vertical,16,2,0.006075362677284398,1.0,2048,2048,4320,28672,1.0546875,0.15066964285714285,597a203de0fd6e4f263eb81ff2e79acccd18450a56bb253c3d4b98f05ecd50b7
constant,previous,col_serp,vertical,32,2,0.006075362677284398,1.0,2048,2048,4320,28672,1.0546875,0.15066964285714285,597a203de0fd6e4f263eb81ff2e79acccd18450a56bb253c3d4b98f05ecd50b7
constant,previous,col_serp,vertical,64,2,0.006075362677284398,1.0,2048,2048,4320,28672,1.0546875,0.15066964285714285,597a203de0fd6e4f263eb81ff2e79acccd18450a56bb253c3d4b98f05ecd50b7
constant,previous,col_serp,vertical,128,2,0.006075362677284398,1.0,2048,2048,4320,28672,1.0546875,0.15066964285714285,597a203de0fd6e4f263eb81ff2e79acccd18450a56bb253c3d4b98f05ecd50b7
constant,previous,col_serp,vertical,256,2,0.006075362677284398,1.0,2048,2048,4320,28672,1.0546875,0.15066964285714285,597a203de0fd6e4f263eb81ff2e79acccd18450a56bb253c3d4b98f05ecd50b7
constant,avg,row,traversal,16,2,0.006075362677284398,1.0,2048,2048,4320,28672,1.0546875,0.15066964285714285,379ffc5ea38b6864d818a5fe69ebcf46440ad765797994c22b26d83585283b3c
constant,avg,row,traversal,32,2,0.006075362677284398,1.0,2048,2048,4320,28672,1.0546875,0.15066964285714285,379ffc5ea38b6864d818a5fe69ebcf46440ad765797994c22b26d83585283b3c
constant,avg,row,traversal,64,2,0.006075362677284398,1.0,2048,2048,4320,28672,1.0546875,0.15066964285714285,379ffc5ea38b6864d818a5fe69ebcf46440ad765797994c22b26d83585283b3c
constant,avg,row,traversal,128,2,0.006075362677284398,1.0,2048,2048,4320,28672,1.0546875,0.15066964285714285,379ffc5ea38b6864d818a5fe69ebcf46440ad765797994c22b26d83585283b3c
constant,avg,row,traversal,256,2,0.006075362677284398,1.0,2048,2048,4320,28672,1.0546875,0.15066964285714285,379ffc5ea38b6864d818a5fe69ebcf46440ad765797994c22b26d83585283b3c
constant,avg,row,horizontal,16,2,0.006075362677284398,1.0,2048,2048,4320,28672,1.0546875,0.15066964285714285,821a5001c8a72b651a73bea9ab0555ae2406bd41512a60800a4bbc4fc80fe34c
constant,avg,row,horizontal,32,2,0.006075362677284398,1.0,2048,2048,4320,28672,1.0546875,0.15066964285714285,821a5001c8a72b651a73bea9ab0555ae2406bd41512a60800a4bbc4fc80fe34c
constant,avg,row,horizontal,64,2,0.006075362677284398,1.0,2048,2048,4320,28672,1.0546875,0.15066964285714285,821a5001c8a72b651a73bea9ab0555ae2406bd41512a60800a4bbc4fc80fe34c
constant,avg,row,horizontal,128,2,0.006075362677284398,1.0,2048,2048,4320,28672,1.0546875,0.15066964285714285,821a5001c8a72b651a73bea9ab0555ae2406bd41512a60800a4bbc4fc80fe34c
constant,avg,row,horizontal,256,2,0.006075362677284398,1.0,2048,2048,4320,28672,1.0546875,0.15066964285714285,821a5001c8a72b651a73bea9ab0555ae2406bd41512a60800a4bbc4fc80fe34c
constant,avg,row,vertical,16,2,0.006075362677284398,1.0,2048,2048,4320,28672,1.0546875,0.15066964285714285,794e9912b8ab3c2ca92eee746cafe8eeae66032e8af192db5ff3e4ffd0cc322e
constant,avg,row,vertical,32,2,0.006075362677284398,1.0,2048,2048,4320,28672,1.0546875,0.15066964285714285,794e9912b8ab3c2ca92eee746cafe8eeae66032e8af192db5ff3e4ffd0cc322e
constant,avg,row,vertical,64,2,0.006075362677284398,1.0,2048,2048,4320,28672,1.0546875,0.15066964285714285,794e9912b8ab3c2ca92eee746cafe8eeae66032e8af192db5ff3e4ffd0cc322e
constant,avg,row,vertical,128,2,0.006075362677284398,1.0,2048,2048,4320,28672,1.0546875,0.15066964285714285,794e9912b8ab3c2ca92eee746cafe8eeae66032e8af192db5ff3e4ffd0cc322e
constant,avg,row,vertical,256,2,0.006075362677284398,1.0,2048,2048,4320,28672,1.0546875,0.15066964285714285,794e9912b8ab3c2ca92eee746cafe8eeae66032e8af192db5ff3e4ffd0cc322e
constant,avg,serp,traversal,16,2,0.006075362677284398,1.0,2048,2048,4320,28672,1.0546875,0.15066964285714285,63d2b370af94cafe961f79ec9955d56a8379ba70fa12ee76277f7413d9c9fc4f
constant,avg,serp,traversal,32,2,0.006075362677284398,1.0,2048,2048,4320,28672,1.0546875,0.15066964285714285,63d2b370af94cafe961f79ec9955d56a8379ba70fa12ee76277f7413d9c9fc4f
constant,avg,serp,traversal,64,2,0.006075362677284398,1.0,2048,2048,4320,28672,1.0546875,0.15066964285714285,63d2b370af94cafe961f79ec9955d56a8379ba70fa12ee76277f7413d9c9fc4f
constant,avg,serp,traversal,128,2,0.006075362677284398,1.0,2048,2048,4320,28672,1.0546875,0.15066964285714285,63d2b370af94cafe961f79ec9955d56a8379ba70fa12ee76277f7413d9c9fc4f
constant,avg,serp,traversal,256,2,0.006075362677284398,1.0,2048,2048,4320,28672,1.0546875,0.15066964285714285,63d2b370af94cafe961f79ec9955d56a8379ba70fa12ee76277f7413d9c9fc4f
constant,avg,serp,horizontal,16,2,0.006075362677284398,1.0,2048,2048,4320,28672,1.0546875,0.15066964285714285,e6318245cdc88fc1b315fe61519b75061566c95b87bb0156892d3afabdb7bfe0
constant,avg,serp,horizontal,32,2,0.006075362677284398,1.0,2048,2048,4320,28672,1.0546875,0.15066964285714285,e6318245cdc88fc1b315fe61519b75061566c95b87bb0156892d3afabdb7bfe0
constant,avg,serp,horizontal,64,2,0.006075362677284398,1.0,2048,2048,4320,28672,1.0546875,0.15066964285714285,e6318245cdc88fc1b315fe61519b75061566c95b87bb0156892d3afabdb7bfe0
constant,avg,serp,horizontal,128,2,0.006075362677284398,1.0,2048,2048,4320,28672,1.0546875,0.15066964285714285,e6318245cdc88fc1b315fe61519b75061566c95b87bb0156892d3afabdb7bfe0
constant,avg,serp,horizontal,256,2,0.006075362677284398,1.0,2048,2048,4320,28672,1.0546875,0.15066964285714285,e6318245cdc88fc1b315fe61519b75061566c95b87bb0156892d3afabdb7bfe0
constant,avg,serp,vertical,16,2,0.006075362677284398,1.0,2048,2048,4320,28672,1.0546875,0.15066964285714285,58f18d6e52d47770337afe7a4179f24a88212cab7429ec76c0c9784d285ce885
constant,avg,serp,vertical,32,2,0.006075362677284398,1.0,2048,2048,4320,28672,1.0546875,0.15066964285714285,58f18d6e52d47770337afe7a4179f24a88212cab7429ec76c0c9784d285ce885
constant,avg,serp,vertical,64,2,0.006075362677284398,1.0,2048,2048,4320,28672,1.0546875,0.15066964285714285,58f18d6e52d47770337afe7a4179f24a88212cab7429ec76c0c9784d285ce885
constant,avg,serp,vertical,128,2,0.006075362677284398,1.0,2048,2048,4320,28672,1.0546875,0.15066964285714285,58f18d6e52d47770337afe7a4179f24a88212cab7429ec76c0c9784d285ce885
constant,avg,serp,vertical,256,2,0.006075362677284398,1.0,2048,2048,4320,28672,1.0546875,0.15066964285714285,58f18d6e52d47770337afe7a4179f24a88212cab7429ec76c0c9784d285ce885
constant,avg,col,traversal,16,2,0.006075362677284398,1.0,2048,2048,4320,28672,1.0546875,0.15066964285714285,87f0fa29a6e608d7a8dcdef0da38c5b1e4594fadde4fcdc3f6db2dfd0d999b4a
constant,avg,col,traversal,32,2,0.006075362677284398,1.0,2048,2048,4320,28672,1.0546875,0.15066964285714285,87f0fa29a6e608d7a8dcdef0da38c5b1e4594fadde4fcdc3f6db2dfd0d999b4a
constant,avg,col,traversal,64,2,0.006075362677284398,1.0,2048,2048,4320,28672,1.0546875,0.15066964285714285,87f0fa29a6e608d7a8dcdef0da38c5b1e4594fadde4fcdc3f6db2dfd0d999b4a
constant,avg,col,traversal,128,2,0.006075362677284398,1.0,2048,2048,4320,28672,1.0546875,0.15066964285714285,87f0fa29a6e608d7a8dcdef0da38c5b1e4594fadde4fcdc3f6db2dfd0d999b4a
constant,avg,col,traversal,256,2,0.006075362677284398,1.0,2048,2048,4320,28672,1.0546875,0.15066964285714285,87f0fa29a6e608d7a8dcdef0da38c5b1e4594fadde4fcdc3f6db2dfd0d999b4a
constant,avg,col,horizontal,16,2,0.006075362677284398,1.0,2048,2048,4320,28672,1.0546875,0.15066964285714285,ac001581173e4a38ee586c717290082146ab6cae703cc138f8aaad42cdb1ebc0
constant,avg,col,horizontal,32,2,0.006075362677284398,1.0,2048,2048,4320,28672,1.0546875,0.15066964285714285,ac001581173e4a38ee586c717290082146ab6cae703cc138f8aaad42cdb1ebc0
constant,avg,col,horizontal,64,2,0.006075362677284398,1.0,2048,2048,4320,28672,1.0546875,0.15066964285714285,ac001581173e4a38ee586c717290082146ab6cae703cc138f8aaad42cdb1ebc0
constant,avg,col,horizontal,128,2,0.006075362677284398,1.0,2048,2048,4320,28672,1.0546875,0.15066964285714285,ac001581173e4a38ee586c717290082146ab6cae703cc138f8aaad42cdb1ebc0
constant,avg,col,horizontal,256,2,0.006075362677284398,1.0,2048,2048,4320,28672,1.0546875,0.15066964285714285,ac001581173e4a38ee586c717290082146ab6cae703cc138f8aaad42cdb1ebc0
constant,avg,col,vertical,16,2,0.006075362677284398,1.0,2048,2048,4320,28672,1.0546875,0.15066964285714285,5f2b289d7854239fa1f923b1acec95270eb80131952e9009e72308beea14c852
constant,avg,col,vertical,32,2,0.006075362677284398,1.0,2048,2048,4320,28672,1.0546875,0.15066964285714285,5f2b289d7854239fa1f923b1acec95270eb80131952e9009e72308beea14c852
constant,avg,col,vertical,64,2,0.006075362677284398,1.0,2048,2048,4320,28672,1.0546875,0.15066964285714285,5f2b289d7854239fa1f923b1acec95270eb80131952e9009e72308beea14c852
constant,avg,col,vertical,128,2,0.006075362677284398,1.0,2048,2048,4320,28672,1.0546875,0.15066964285714285,5f2b289d7854239fa1f923b1acec95270eb80131952e9009e72308beea14c852
constant,avg,col,vertical,256,2,0.006075362677284398,1.0,2048,2048,4320,28672,1.0546875,0.15066964285714285,5f2b289d7854239fa1f923b1acec95270eb80131952e9009e72308beea14c852
constant,avg,col_serp,traversal,16,2,0.006075362677284398,1.0,2048,2048,4320,28672,1.0546875,0.15066964285714285,fab212488110b4d31594207215d5eb305081c2ab75a0ebc013fcfb7670a57486
constant,avg,col_serp,traversal,32,2,0.006075362677284398,1.0,2048,2048,4320,28672,1.0546875,0.15066964285714285,fab212488110b4d31594207215d5eb305081c2ab75a0ebc013fcfb7670a57486
constant,avg,col_serp,traversal,64,2,0.006075362677284398,1.0,2048,2048,4320,28672,1.0546875,0.15066964285714285,fab212488110b4d31594207215d5eb305081c2ab75a0ebc013fcfb7670a57486
constant,avg,col_serp,traversal,128,2,0.006075362677284398,1.0,2048,2048,4320,28672,1.0546875,0.15066964285714285,fab212488110b4d31594207215d5eb305081c2ab75a0ebc013fcfb7670a57486
constant,avg,col_serp,traversal,256,2,0.006075362677284398,1.0,2048,2048,4320,28672,1.0546875,0.15066964285714285,fab212488110b4d31594207215d5eb305081c2ab75a0ebc013fcfb7670a57486
constant,avg,col_serp,horizontal,16,2,0.006075362677284398,1.0,2048,2048,4320,28672,1.0546875,0.15066964285714285,7fa070526a4c5605065a8b0678759b2f6b8eeee0c8f2d4567feb2d65e29ff98e
constant,avg,col_serp,horizontal,32,2,0.006075362677284398,1.0,2048,2048,4320,28672,1.0546875,0.15066964285714285,7fa070526a4c5605065a8b0678759b2f6b8eeee0c8f2d4567feb2d65e29ff98e
constant,avg,col_serp,horizontal,64,2,0.006075362677284398,1.0,2048,2048,4320,28672,1.0546875,0.15066964285714285,7fa070526a4c5605065a8b0678759b2f6b8eeee0c8f2d4567feb2d65e29ff98e
constant,avg,col_serp,horizontal,128,2,0.006075362677284398,1.0,2048,2048,4320,28672,1.0546875,0.15066964285714285,7fa070526a4c5605065a8b0678759b2f6b8eeee0c8f2d4567feb2d65e29ff98e
constant,avg,col_serp,horizontal,256,2,0.006075362677284398,1.0,2048,2048,4320,28672,1.0546875,0.15066964285714285,7fa070526a4c5605065a8b0678759b2f6b8eeee0c8f2d4567feb2d65e29ff98e
constant,avg,col_serp,vertical,16,2,0.006075362677284398,1.0,2048,2048,4320,28672,1.0546875,0.15066964285714285,40e5484f139bba09ce6b3b5eac2dedf593c4b5efccadb06840f60ba600486903
constant,avg,col_serp,vertical,32,2,0.006075362677284398,1.0,2048,2048,4320,28672,1.0546875,0.15066964285714285,40e5484f139bba09ce6b3b5eac2dedf593c4b5efccadb06840f60ba600486903
constant,avg,col_serp,vertical,64,2,0.006075362677284398,1.0,2048,2048,4320,28672,1.0546875,0.15066964285714285,40e5484f139bba09ce6b3b5eac2dedf593c4b5efccadb06840f60ba600486903
constant,avg,col_serp,vertical,128,2,0.006075362677284398,1.0,2048,2048,4320,28672,1.0546875,0.15066964285714285,40e5484f139bba09ce6b3b5eac2dedf593c4b5efccadb06840f60ba600486903
constant,avg,col_serp,vertical,256,2,0.006075362677284398,1.0,2048,2048,4320,28672,1.0546875,0.15066964285714285,40e5484f139bba09ce6b3b5eac2dedf593c4b5efccadb06840f60ba600486903
constant,paeth,row,traversal,16,2,0.006075362677284398,1.0,2048,2048,4320,28672,1.0546875,0.15066964285714285,efe4f53af774f69b2b1c22019f75238ea106d76c23c931ded8e4207e1ecf4e09
constant,paeth,row,traversal,32,2,0.006075362677284398,1.0,2048,2048,4320,28672,1.0546875,0.15066964285714285,efe4f53af774f69b2b1c22019f75238ea106d76c23c931ded8e4207e1ecf4e09
constant,paeth,row,traversal,64,2,0.006075362677284398,1.0,2048,2048,4320,28672,1.0546875,0.15066964285714285,efe4f53af774f69b2b1c22019f75238ea106d76c23c931ded8e4207e1ecf4e09
constant,paeth,row,traversal,128,2,0.006075362677284398,1.0,2048,2048,4320,28672,1.0546875,0.15066964285714285,efe4f53af774f69b2b1c22019f75238ea106d76c23c931ded8e4207e1ecf4e09
constant,paeth,row,traversal,256,2,0.006075362677284398,1.0,2048,2048,4320,28672,1.0546875,0.15066964285714285,efe4f53af774f69b2b1c22019f75238ea106d76c23c931ded8e4207e1ecf4e09
constant,paeth,row,horizontal,16,2,0.006075362677284398,1.0,2048,2048,4320,28672,1.0546875,0.15066964285714285,0dd9df760094f216a553d0a879ba248254555c9b149239f0b36067e0a38a5384
constant,paeth,row,horizontal,32,2,0.006075362677284398,1.0,2048,2048,4320,28672,1.0546875,0.15066964285714285,0dd9df760094f216a553d0a879ba248254555c9b149239f0b36067e0a38a5384
constant,paeth,row,horizontal,64,2,0.006075362677284398,1.0,2048,2048,4320,28672,1.0546875,0.15066964285714285,0dd9df760094f216a553d0a879ba248254555c9b149239f0b36067e0a38a5384
constant,paeth,row,horizontal,128,2,0.006075362677284398,1.0,2048,2048,4320,28672,1.0546875,0.15066964285714285,0dd9df760094f216a553d0a879ba248254555c9b149239f0b36067e0a38a5384
constant,paeth,row,horizontal,256,2,0.006075362677284398,1.0,2048,2048,4320,28672,1.0546875,0.15066964285714285,0dd9df760094f216a553d0a879ba248254555c9b149239f0b36067e0a38a5384
constant,paeth,row,vertical,16,2,0.006075362677284398,1.0,2048,2048,4320,28672,1.0546875,0.15066964285714285,314c49f5225d9ff1aa2dea6fb5263c9a10956f73c7b8b5a10f0efe8435f3c472
constant,paeth,row,vertical,32,2,0.006075362677284398,1.0,2048,2048,4320,28672,1.0546875,0.15066964285714285,314c49f5225d9ff1aa2dea6fb5263c9a10956f73c7b8b5a10f0efe8435f3c472
constant,paeth,row,vertical,64,2,0.006075362677284398,1.0,2048,2048,4320,28672,1.0546875,0.15066964285714285,314c49f5225d9ff1aa2dea6fb5263c9a10956f73c7b8b5a10f0efe8435f3c472
constant,paeth,row,vertical,128,2,0.006075362677284398,1.0,2048,2048,4320,28672,1.0546875,0.15066964285714285,314c49f5225d9ff1aa2dea6fb5263c9a10956f73c7b8b5a10f0efe8435f3c472
constant,paeth,row,vertical,256,2,0.006075362677284398,1.0,2048,2048,4320,28672,1.0546875,0.15066964285714285,314c49f5225d9ff1aa2dea6fb5263c9a10956f73c7b8b5a10f0efe8435f3c472
constant,paeth,serp,traversal,16,2,0.006075362677284398,1.0,2048,2048,4320,28672,1.0546875,0.15066964285714285,65f69011e4d530133e3f233a35b5b89491d1e5b6223b86b71a3e3851a7b14118
constant,paeth,serp,traversal,32,2,0.006075362677284398,1.0,2048,2048,4320,28672,1.0546875,0.15066964285714285,65f69011e4d530133e3f233a35b5b89491d1e5b6223b86b71a3e3851a7b14118
constant,paeth,serp,traversal,64,2,0.006075362677284398,1.0,2048,2048,4320,28672,1.0546875,0.15066964285714285,65f69011e4d530133e3f233a35b5b89491d1e5b6223b86b71a3e3851a7b14118
constant,paeth,serp,traversal,128,2,0.006075362677284398,1.0,2048,2048,4320,28672,1.0546875,0.15066964285714285,65f69011e4d530133e3f233a35b5b89491d1e5b6223b86b71a3e3851a7b14118
constant,paeth,serp,traversal,256,2,0.006075362677284398,1.0,2048,2048,4320,28672,1.0546875,0.15066964285714285,65f69011e4d530133e3f233a35b5b89491d1e5b6223b86b71a3e3851a7b14118
constant,paeth,serp,horizontal,16,2,0.006075362677284398,1.0,2048,2048,4320,28672,1.0546875,0.15066964285714285,56933cdd92d802ac9e2c6af6e44ec2dd581a3a5508bccd280ee19756885de75b
constant,paeth,serp,horizontal,32,2,0.006075362677284398,1.0,2048,2048,4320,28672,1.0546875,0.15066964285714285,56933cdd92d802ac9e2c6af6e44ec2dd581a3a5508bccd280ee19756885de75b
constant,paeth,serp,horizontal,64,2,0.006075362677284398,1.0,2048,2048,4320,28672,1.0546875,0.15066964285714285,56933cdd92d802ac9e2c6af6e44ec2dd581a3a5508bccd280ee19756885de75b
constant,paeth,serp,horizontal,128,2,0.006075362677284398,1.0,2048,2048,4320,28672,1.0546875,0.15066964285714285,56933cdd92d802ac9e2c6af6e44ec2dd581a3a5508bccd280ee19756885de75b
constant,paeth,serp,horizontal,256,2,0.006075362677284398,1.0,2048,2048,4320,28672,1.0546875,0.15066964285714285,56933cdd92d802ac9e2c6af6e44ec2dd581a3a5508bccd280ee19756885de75b
constant,paeth,serp,vertical,16,2,0.006075362677284398,1.0,2048,2048,4320,28672,1.0546875,0.15066964285714285,caea1b8c7383a4baa63670e29e578c0ea950b0e4f9621784981f642e2c8c0891
constant,paeth,serp,vertical,32,2,0.006075362677284398,1.0,2048,2048,4320,28672,1.0546875,0.15066964285714285,caea1b8c7383a4baa63670e29e578c0ea950b0e4f9621784981f642e2c8c0891
constant,paeth,serp,vertical,64,2,0.006075362677284398,1.0,2048,2048,4320,28672,1.0546875,0.15066964285714285,caea1b8c7383a4baa63670e29e578c0ea950b0e4f9621784981f642e2c8c0891
constant,paeth,serp,vertical,128,2,0.006075362677284398,1.0,2048,2048,4320,28672,1.0546875,0.15066964285714285,caea1b8c7383a4baa63670e29e578c0ea950b0e4f9621784981f642e2c8c0891
constant,paeth,serp,vertical,256,2,0.006075362677284398,1.0,2048,2048,4320,28672,1.0546875,0.15066964285714285,caea1b8c7383a4baa63670e29e578c0ea950b0e4f9621784981f642e2c8c0891
constant,paeth,col,traversal,16,2,0.006075362677284398,1.0,2048,2048,4320,28672,1.0546875,0.15066964285714285,9010be2c32cbce7a89a18a99609b0b75d8958b603c484edc32b2fa47e6cd78f8
constant,paeth,col,traversal,32,2,0.006075362677284398,1.0,2048,2048,4320,28672,1.0546875,0.15066964285714285,9010be2c32cbce7a89a18a99609b0b75d8958b603c484edc32b2fa47e6cd78f8
constant,paeth,col,traversal,64,2,0.006075362677284398,1.0,2048,2048,4320,28672,1.0546875,0.15066964285714285,9010be2c32cbce7a89a18a99609b0b75d8958b603c484edc32b2fa47e6cd78f8
constant,paeth,col,traversal,128,2,0.006075362677284398,1.0,2048,2048,4320,28672,1.0546875,0.15066964285714285,9010be2c32cbce7a89a18a99609b0b75d8958b603c484edc32b2fa47e6cd78f8
constant,paeth,col,traversal,256,2,0.006075362677284398,1.0,2048,2048,4320,28672,1.0546875,0.15066964285714285,9010be2c32cbce7a89a18a99609b0b75d8958b603c484edc32b2fa47e6cd78f8
constant,paeth,col,horizontal,16,2,0.006075362677284398,1.0,2048,2048,4320,28672,1.0546875,0.15066964285714285,781c3d8b2d87f9be1f67d479db64a4779635d2fa826f3aea71172997c698266d
constant,paeth,col,horizontal,32,2,0.006075362677284398,1.0,2048,2048,4320,28672,1.0546875,0.15066964285714285,781c3d8b2d87f9be1f67d479db64a4779635d2fa826f3aea71172997c698266d
constant,paeth,col,horizontal,64,2,0.006075362677284398,1.0,2048,2048,4320,28672,1.0546875,0.15066964285714285,781c3d8b2d87f9be1f67d479db64a4779635d2fa826f3aea71172997c698266d
constant,paeth,col,horizontal,128,2,0.006075362677284398,1.0,2048,2048,4320,28672,1.0546875,0.15066964285714285,781c3d8b2d87f9be1f67d479db64a4779635d2fa826f3aea71172997c698266d
constant,paeth,col,horizontal,256,2,0.006075362677284398,1.0,2048,2048,4320,28672,1.0546875,0.15066964285714285,781c3d8b2d87f9be1f67d479db64a4779635d2fa826f3aea71172997c698266d
constant,paeth,col,vertical,16,2,0.006075362677284398,1.0,2048,2048,4320,28672,1.0546875,0.15066964285714285,f4055b60809a6c082fe331e2676d826e22676da4a419eb68fffa9a1f17bf5c34
constant,paeth,col,vertical,32,2,0.006075362677284398,1.0,2048,2048,4320,28672,1.0546875,0.15066964285714285,f4055b60809a6c082fe331e2676d826e22676da4a419eb68fffa9a1f17bf5c34
constant,paeth,col,vertical,64,2,0.006075362677284398,1.0,2048,2048,4320,28672,1.0546875,0.15066964285714285,f4055b60809a6c082fe331e2676d826e22676da4a419eb68fffa9a1f17bf5c34
constant,paeth,col,vertical,128,2,0.006075362677284398,1.0,2048,2048,4320,28672,1.0546875,0.15066964285714285,f4055b60809a6c082fe331e2676d826e22676da4a419eb68fffa9a1f17bf5c34
constant,paeth,col,vertical,256,2,0.006075362677284398,1.0,2048,2048,4320,28672,1.0546875,0.15066964285714285,f4055b60809a6c082fe331e2676d826e22676da4a419eb68fffa9a1f17bf5c34
constant,paeth,col_serp,traversal,16,2,0.006075362677284398,1.0,2048,2048,4320,28672,1.0546875,0.15066964285714285,62f5da6fdb562d24d13b2a2ac2f5deeb31e0dc4ce7a220856c4fe0c6783425d8
constant,paeth,col_serp,traversal,32,2,0.006075362677284398,1.0,2048,2048,4320,28672,1.0546875,0.15066964285714285,62f5da6fdb562d24d13b2a2ac2f5deeb31e0dc4ce7a220856c4fe0c6783425d8
constant,paeth,col_serp,traversal,64,2,0.006075362677284398,1.0,2048,2048,4320,28672,1.0546875,0.15066964285714285,62f5da6fdb562d24d13b2a2ac2f5deeb31e0dc4ce7a220856c4fe0c6783425d8
constant,paeth,col_serp,traversal,128,2,0.006075362677284398,1.0,2048,2048,4320,28672,1.0546875,0.15066964285714285,62f5da6fdb562d24d13b2a2ac2f5deeb31e0dc4ce7a220856c4fe0c6783425d8
constant,paeth,col_serp,traversal,256,2,0.006075362677284398,1.0,2048,2048,4320,28672,1.0546875,0.15066964285714285,62f5da6fdb562d24d13b2a2ac2f5deeb31e0dc4ce7a220856c4fe0c6783425d8
constant,paeth,col_serp,horizontal,16,2,0.006075362677284398,1.0,2048,2048,4320,28672,1.0546875,0.15066964285714285,90c4f201f9c2ccdc5356fdc606980489596d52d13c5cc24604f52596ed8f4b9f
constant,paeth,col_serp,horizontal,32,2,0.006075362677284398,1.0,2048,2048,4320,28672,1.0546875,0.15066964285714285,90c4f201f9c2ccdc5356fdc606980489596d52d13c5cc24604f52596ed8f4b9f
constant,paeth,col_serp,horizontal,64,2,0.006075362677284398,1.0,2048,2048,4320,28672,1.0546875,0.15066964285714285,90c4f201f9c2ccdc5356fdc606980489596d52d13c5cc24604f52596ed8f4b9f
constant,paeth,col_serp,horizontal,128,2,0.006075362677284398,1.0,2048,2048,4320,28672,1.0546875,0.15066964285714285,90c4f201f9c2ccdc5356fdc606980489596d52d13c5cc24604f52596ed8f4b9f
constant,paeth,col_serp,horizontal,256,2,0.006075362677284398,1.0,2048,2048,4320,28672,1.0546875,0.15066964285714285,90c4f201f9c2ccdc5356fdc606980489596d52d13c5cc24604f52596ed8f4b9f
constant,paeth,col_serp,vertical,16,2,0.006075362677284398,1.0,2048,2048,4320,28672,1.0546875,0.15066964285714285,7178a36f17eb4a6ee66beb3d123883ffd8f014b5937f68c91b633e382ff3fc6d
constant,paeth,col_serp,vertical,32,2,0.006075362677284398,1.0,2048,2048,4320,28672,1.0546875,0.15066964285714285,7178a36f17eb4a6ee66beb3d123883ffd8f014b5937f68c91b633e382ff3fc6d
constant,paeth,col_serp,vertical,64,2,0.006075362677284398,1.0,2048,2048,4320,28672,1.0546875,0.15066964285714285,7178a36f17eb4a6ee66beb3d123883ffd8f014b5937f68c91b633e382ff3fc6d
constant,paeth,col_serp,vertical,128,2,0.006075362677284398,1.0,2048,2048,4320,28672,1.0546875,0.15066964285714285,7178a36f17eb4a6ee66beb3d123883ffd8f014b5937f68c91b633e382ff3fc6d
constant,paeth,col_serp,vertical,256,2,0.006075362677284398,1.0,2048,2048,4320,28672,1.0546875,0.15066964285714285,7178a36f17eb4a6ee66beb3d123883ffd8f014b5937f68c91b633e382ff3fc6d
horizontal,left,row,traversal,16,3,0.2042509204159887,1.0,2048,2048,6384,28672,1.55859375,0.22265625,b37fdbe03c4be6eb7eeca29e2ff164e96060a31475c91d6dc4b46530523de180
horizontal,left,row,traversal,32,3,0.2042509204159887,1.0,2048,2048,6384,28672,1.55859375,0.22265625,b37fdbe03c4be6eb7eeca29e2ff164e96060a31475c91d6dc4b46530523de180
horizontal,left,row,traversal,64,3,0.2042509204159887,1.0,2048,2048,6384,28672,1.55859375,0.22265625,b37fdbe03c4be6eb7eeca29e2ff164e96060a31475c91d6dc4b46530523de180
horizontal,left,row,traversal,128,3,0.2042509204159887,1.0,2048,2048,6384,28672,1.55859375,0.22265625,b37fdbe03c4be6eb7eeca29e2ff164e96060a31475c91d6dc4b46530523de180
horizontal,left,row,traversal,256,3,0.2042509204159887,1.0,2048,2048,6384,28672,1.55859375,0.22265625,b37fdbe03c4be6eb7eeca29e2ff164e96060a31475c91d6dc4b46530523de180
horizontal,left,row,horizontal,16,3,0.2042509204159887,1.0,2048,2048,6384,28672,1.55859375,0.22265625,1c610de468733570f099bd276e2497ab8820bb880f44ede362046066aced578c
horizontal,left,row,horizontal,32,3,0.2042509204159887,1.0,2048,2048,6384,28672,1.55859375,0.22265625,1c610de468733570f099bd276e2497ab8820bb880f44ede362046066aced578c
horizontal,left,row,horizontal,64,3,0.2042509204159887,1.0,2048,2048,6384,28672,1.55859375,0.22265625,1c610de468733570f099bd276e2497ab8820bb880f44ede362046066aced578c
horizontal,left,row,horizontal,128,3,0.2042509204159887,1.0,2048,2048,6384,28672,1.55859375,0.22265625,1c610de468733570f099bd276e2497ab8820bb880f44ede362046066aced578c
horizontal,left,row,horizontal,256,3,0.2042509204159887,1.0,2048,2048,6384,28672,1.55859375,0.22265625,1c610de468733570f099bd276e2497ab8820bb880f44ede362046066aced578c
horizontal,left,row,vertical,16,3,0.11924979912215589,1.0,2048,2048,6384,28672,1.55859375,0.22265625,c507339fab591d23195d91c3f2233cccb0138b0d36f56152b6b12d361906647d
horizontal,left,row,vertical,32,3,0.11924979912215589,1.0,2048,2048,6384,28672,1.55859375,0.22265625,c507339fab591d23195d91c3f2233cccb0138b0d36f56152b6b12d361906647d
horizontal,left,row,vertical,64,3,0.11924979912215589,1.0,2048,2048,6384,28672,1.55859375,0.22265625,c507339fab591d23195d91c3f2233cccb0138b0d36f56152b6b12d361906647d
horizontal,left,row,vertical,128,3,0.11924979912215589,1.0,2048,2048,6384,28672,1.55859375,0.22265625,c507339fab591d23195d91c3f2233cccb0138b0d36f56152b6b12d361906647d
horizontal,left,row,vertical,256,3,0.11924979912215589,1.0,2048,2048,6384,28672,1.55859375,0.22265625,c507339fab591d23195d91c3f2233cccb0138b0d36f56152b6b12d361906647d
horizontal,left,serp,traversal,16,4,1.2006223243127148,1.0,2048,2048,6400,28672,1.5625,0.22321428571428573,25e5326a6b6cfe3fb1fab003cfd7a09056e5ef85391c1e641d587cda5002a28a
horizontal,left,serp,traversal,32,4,1.2006223243127148,1.0,2048,2048,6400,28672,1.5625,0.22321428571428573,25e5326a6b6cfe3fb1fab003cfd7a09056e5ef85391c1e641d587cda5002a28a
horizontal,left,serp,traversal,64,4,1.2006223243127148,1.0,2048,2048,6400,28672,1.5625,0.22321428571428573,25e5326a6b6cfe3fb1fab003cfd7a09056e5ef85391c1e641d587cda5002a28a
horizontal,left,serp,traversal,128,4,1.2006223243127148,1.0,2048,2048,6400,28672,1.5625,0.22321428571428573,25e5326a6b6cfe3fb1fab003cfd7a09056e5ef85391c1e641d587cda5002a28a
horizontal,left,serp,traversal,256,4,1.2006223243127148,1.0,2048,2048,6400,28672,1.5625,0.22321428571428573,25e5326a6b6cfe3fb1fab003cfd7a09056e5ef85391c1e641d587cda5002a28a
horizontal,left,serp,horizontal,16,4,1.2006223243127148,1.0,2048,2048,6400,28672,1.5625,0.22321428571428573,0aa39c6c0dbb7f0a2305078c20fc496fc96b3e7e1e5c2449eb70abbffef7c5b1
horizontal,left,serp,horizontal,32,4,1.2006223243127148,1.0,2048,2048,6400,28672,1.5625,0.22321428571428573,0aa39c6c0dbb7f0a2305078c20fc496fc96b3e7e1e5c2449eb70abbffef7c5b1
horizontal,left,serp,horizontal,64,4,1.2006223243127148,1.0,2048,2048,6400,28672,1.5625,0.22321428571428573,0aa39c6c0dbb7f0a2305078c20fc496fc96b3e7e1e5c2449eb70abbffef7c5b1
horizontal,left,serp,horizontal,128,4,1.2006223243127148,1.0,2048,2048,6400,28672,1.5625,0.22321428571428573,0aa39c6c0dbb7f0a2305078c20fc496fc96b3e7e1e5c2449eb70abbffef7c5b1
horizontal,left,serp,horizontal,256,4,1.2006223243127148,1.0,2048,2048,6400,28672,1.5625,0.22321428571428573,0aa39c6c0dbb7f0a2305078c20fc496fc96b3e7e1e5c2449eb70abbffef7c5b1
horizontal,left,serp,vertical,16,3,0.23187232431271465,1.0,2048,2048,6384,28672,1.55859375,0.22265625,1b805533fee056fc2efc430e751a1f04c116bb02395bb79aee625e7a4d4a6813
horizontal,left,serp,vertical,32,3,0.23187232431271465,1.0,2048,2048,6384,28672,1.55859375,0.22265625,1b805533fee056fc2efc430e751a1f04c116bb02395bb79aee625e7a4d4a6813
horizontal,left,serp,vertical,64,3,0.23187232431271465,1.0,2048,2048,6384,28672,1.55859375,0.22265625,1b805533fee056fc2efc430e751a1f04c116bb02395bb79aee625e7a4d4a6813
horizontal,left,serp,vertical,128,3,0.23187232431271465,1.0,2048,2048,6384,28672,1.55859375,0.22265625,1b805533fee056fc2efc430e751a1f04c116bb02395bb79aee625e7a4d4a6813
horizontal,left,serp,vertical,256,3,0.23187232431271465,1.0,2048,2048,6384,28672,1.55859375,0.22265625,1b805533fee056fc2efc430e751a1f04c116bb02395bb79aee625e7a4d4a6813
horizontal,left,col,traversal,16,2,0.11611507530476972,1.0,2048,2048,4320,28672,1.0546875,0.15066964285714285,5d4166bd9862474726d03834c9a40d4506a114d7d0b23e03c46c9e9067df934d
horizontal,left,col,traversal,32,2,0.11611507530476972,1.0,2048,2048,4320,28672,1.0546875,0.15066964285714285,5d4166bd9862474726d03834c9a40d4506a114d7d0b23e03c46c9e9067df934d
horizontal,left,col,traversal,64,2,0.11611507530476972,1.0,2048,2048,4320,28672,1.0546875,0.15066964285714285,5d4166bd9862474726d03834c9a40d4506a114d7d0b23e03c46c9e9067df934d
horizontal,left,col,traversal,128,2,0.11611507530476972,1.0,2048,2048,4320,28672,1.0546875,0.15066964285714285,5d4166bd9862474726d03834c9a40d4506a114d7d0b23e03c46c9e9067df934d
horizontal,left,col,traversal,256,2,0.11611507530476972,1.0,2048,2048,4320,28672,1.0546875,0.15066964285714285,5d4166bd9862474726d03834c9a40d4506a114d7d0b23e03c46c9e9067df934d
horizontal,left,col,horizontal,16,2,0.20062232431271465,1.0,2048,2048,4320,28672,1.0546875,0.15066964285714285,5d180787ef476858f45cde846866acbe9dac5b28943427070976ed9973c52188
horizontal,left,col,horizontal,32,2,0.20062232431271465,1.0,2048,2048,4320,28672,1.0546875,0.15066964285714285,5d180787ef476858f45cde846866acbe9dac5b28943427070976ed9973c52188
horizontal,left,col,horizontal,64,2,0.20062232431271465,1.0,2048,2048,4320,28672,1.0546875,0.15066964285714285,5d180787ef476858f45cde846866acbe9dac5b28943427070976ed9973c52188
horizontal,left,col,horizontal,128,2,0.20062232431271465,1.0,2048,2048,4320,28672,1.0546875,0.15066964285714285,5d180787ef476858f45cde846866acbe9dac5b28943427070976ed9973c52188
horizontal,left,col,horizontal,256,2,0.20062232431271465,1.0,2048,2048,4320,28672,1.0546875,0.15066964285714285,5d180787ef476858f45cde846866acbe9dac5b28943427070976ed9973c52188
horizontal,left,col,vertical,16,2,0.11611507530476972,1.0,2048,2048,4320,28672,1.0546875,0.15066964285714285,02b74cabf68c5b5994dc42156714a33ef4fb784d04833d36c4a27c3a5b2052b4
horizontal,left,col,vertical,32,2,0.11611507530476972,1.0,2048,2048,4320,28672,1.0546875,0.15066964285714285,02b74cabf68c5b5994dc42156714a33ef4fb784d04833d36c4a27c3a5b2052b4
horizontal,left,col,vertical,64,2,0.11611507530476972,1.0,2048,2048,4320,28672,1.0546875,0.15066964285714285,02b74cabf68c5b5994dc42156714a33ef4fb784d04833d36c4a27c3a5b2052b4
horizontal,left,col,vertical,128,2,0.11611507530476972,1.0,2048,2048,4320,28672,1.0546875,0.15066964285714285,02b74cabf68c5b5994dc42156714a33ef4fb784d04833d36c4a27c3a5b2052b4
horizontal,left,col,vertical,256,2,0.11611507530476972,1.0,2048,2048,4320,28672,1.0546875,0.15066964285714285,02b74cabf68c5b5994dc42156714a33ef4fb784d04833d36c4a27c3a5b2052b4
horizontal,left,col_serp,traversal,16,2,0.11611507530476972,1.0,2048,2048,4320,28672,1.0546875,0.15066964285714285,3d5d19dff1c7b7669b77b5e97efde0f3616de4f49677e18133dcfb58833f5e78
horizontal,left,col_serp,traversal,32,2,0.11611507530476972,1.0,2048,2048,4320,28672,1.0546875,0.15066964285714285,3d5d19dff1c7b7669b77b5e97efde0f3616de4f49677e18133dcfb58833f5e78
horizontal,left,col_serp,traversal,64,2,0.11611507530476972,1.0,2048,2048,4320,28672,1.0546875,0.15066964285714285,3d5d19dff1c7b7669b77b5e97efde0f3616de4f49677e18133dcfb58833f5e78
horizontal,left,col_serp,traversal,128,2,0.11611507530476972,1.0,2048,2048,4320,28672,1.0546875,0.15066964285714285,3d5d19dff1c7b7669b77b5e97efde0f3616de4f49677e18133dcfb58833f5e78
horizontal,left,col_serp,traversal,256,2,0.11611507530476972,1.0,2048,2048,4320,28672,1.0546875,0.15066964285714285,3d5d19dff1c7b7669b77b5e97efde0f3616de4f49677e18133dcfb58833f5e78
horizontal,left,col_serp,horizontal,16,2,0.20062232431271465,1.0,2048,2048,4320,28672,1.0546875,0.15066964285714285,30548dace3059de26f4ed47d658b2b53f778071fa42bfe3be3b8130b7664c2f8
horizontal,left,col_serp,horizontal,32,2,0.20062232431271465,1.0,2048,2048,4320,28672,1.0546875,0.15066964285714285,30548dace3059de26f4ed47d658b2b53f778071fa42bfe3be3b8130b7664c2f8
horizontal,left,col_serp,horizontal,64,2,0.20062232431271465,1.0,2048,2048,4320,28672,1.0546875,0.15066964285714285,30548dace3059de26f4ed47d658b2b53f778071fa42bfe3be3b8130b7664c2f8
horizontal,left,col_serp,horizontal,128,2,0.20062232431271465,1.0,2048,2048,4320,28672,1.0546875,0.15066964285714285,30548dace3059de26f4ed47d658b2b53f778071fa42bfe3be3b8130b7664c2f8
horizontal,left,col_serp,horizontal,256,2,0.20062232431271465,1.0,2048,2048,4320,28672,1.0546875,0.15066964285714285,30548dace3059de26f4ed47d658b2b53f778071fa42bfe3be3b8130b7664c2f8
horizontal,left,col_serp,vertical,16,2,0.11611507530476972,1.0,2048,2048,4320,28672,1.0546875,0.15066964285714285,3407e9eb49387c4efa2964c31655027af621dd70141a75eb42d369c83068d951
horizontal,left,col_serp,vertical,32,2,0.11611507530476972,1.0,2048,2048,4320,28672,1.0546875,0.15066964285714285,3407e9eb49387c4efa2964c31655027af621dd70141a75eb42d369c83068d951
horizontal,left,col_serp,vertical,64,2,0.11611507530476972,1.0,2048,2048,4320,28672,1.0546875,0.15066964285714285,3407e9eb49387c4efa2964c31655027af621dd70141a75eb42d369c83068d951
horizontal,left,col_serp,vertical,128,2,0.11611507530476972,1.0,2048,2048,4320,28672,1.0546875,0.15066964285714285,3407e9eb49387c4efa2964c31655027af621dd70141a75eb42d369c83068d951
horizontal,left,col_serp,vertical,256,2,0.11611507530476972,1.0,2048,2048,4320,28672,1.0546875,0.15066964285714285,3407e9eb49387c4efa2964c31655027af621dd70141a75eb42d369c83068d951
horizontal,up,row,traversal,16,3,0.11924979912215589,1.0,2048,2048,6384,28672,1.55859375,0.22265625,727ed772e9e3c91a1cee9d4a393aa543f5d167fcfa500212887cf4abb5090d72
horizontal,up,row,traversal,32,3,0.11924979912215589,1.0,2048,2048,6384,28672,1.55859375,0.22265625,727ed772e9e3c91a1cee9d4a393aa543f5d167fcfa500212887cf4abb5090d72
horizontal,up,row,traversal,64,3,0.11924979912215589,1.0,2048,2048,6384,28672,1.55859375,0.22265625,727ed772e9e3c91a1cee9d4a393aa543f5d167fcfa500212887cf4abb5090d72
horizontal,up,row,traversal,128,3,0.11924979912215589,1.0,2048,2048,6384,28672,1.55859375,0.22265625,727ed772e9e3c91a1cee9d4a393aa543f5d167fcfa500212887cf4abb5090d72
horizontal,up,row,traversal,256,3,0.11924979912215589,1.0,2048,2048,6384,28672,1.55859375,0.22265625,727ed772e9e3c91a1cee9d4a393aa543f5d167fcfa500212887cf4abb5090d72
horizontal,up,row,horizontal,16,3,0.11924979912215589,1.0,2048,2048,6384,28672,1.55859375,0.22265625,834863839413edfbfc1efe3e8fd0e21273e31f72a6c10cb80c22ed99342c4854
horizontal,up,row,horizontal,32,3,0.11924979912215589,1.0,2048,2048,6384,28672,1.55859375,0.22265625,834863839413edfbfc1efe3e8fd0e21273e31f72a6c10cb80c22ed99342c4854
horizontal,up,row,horizontal,64,3,0.11924979912215589,1.0,2048,2048,6384,28672,1.55859375,0.22265625,834863839413edfbfc1efe3e8fd0e21273e31f72a6c10cb80c22ed99342c4854
horizontal,up,row,horizontal,128,3,0.11924979912215589,1.0,2048,2048,6384,28672,1.55859375,0.22265625,834863839413edfbfc1efe3e8fd0e21273e31f72a6c10cb80c22ed99342c4854
horizontal,up,row,horizontal,256,3,0.11924979912215589,1.0,2048,2048,6384,28672,1.55859375,0.22265625,834863839413edfbfc1efe3e8fd0e21273e31f72a6c10cb80c22ed99342c4854
horizontal,up,row,vertical,16,2,0.19819757331021473,1.0,2048,2048,4320,28672,1.0546875,0.15066964285714285,1ee060015f285de4c121db0ae7327e196af24d74c499d94857f01007e32bef26
horizontal,up,row,vertical,32,2,0.19819757331021473,1.0,2048,2048,4320,28672,1.0546875,0.15066964285714285,1ee060015f285de4c121db0ae7327e196af24d74c499d94857f01007e32bef26
horizontal,up,row,vertical,64,2,0.19819757331021473,1.0,2048,2048,4320,28672,1.0546875,0.15066964285714285,1ee060015f285de4c121db0ae7327e196af24d74c499d94857f01007e32bef26
horizontal,up,row,vertical,128,2,0.19819757331021473,1.0,2048,2048,4320,28672,1.0546875,0.15066964285714285,1ee060015f285de4c121db0ae7327e196af24d74c499d94857f01007e32bef26
horizontal,up,row,vertical,256,2,0.19819757331021473,1.0,2048,2048,4320,28672,1.0546875,0.15066964285714285,1ee060015f285de4c121db0ae7327e196af24d74c499d94857f01007e32bef26
horizontal,up,serp,traversal,16,3,0.11924979912215589,1.0,2048,2048,6384,28672,1.55859375,0.22265625,98cc8037d7681855a5f5c79a6ee5e7a80173cf61bde86853ecca907486126036
horizontal,up,serp,traversal,32,3,0.11924979912215589,1.0,2048,2048,6384,28672,1.55859375,0.22265625,98cc8037d7681855a5f5c79a6ee5e7a80173cf61bde86853ecca907486126036
horizontal,up,serp,traversal,64,3,0.11924979912215589,1.0,2048,2048,6384,28672,1.55859375,0.22265625,98cc8037d7681855a5f5c79a6ee5e7a80173cf61bde86853ecca907486126036
horizontal,up,serp,traversal,128,3,0.11924979912215589,1.0,2048,2048,6384,28672,1.55859375,0.22265625,98cc8037d7681855a5f5c79a6ee5e7a80173cf61bde86853ecca907486126036
horizontal,up,serp,traversal,256,3,0.11924979912215589,1.0,2048,2048,6384,28672,1.55859375,0.22265625,98cc8037d7681855a5f5c79a6ee5e7a80173cf61bde86853ecca907486126036
horizontal,up,serp,horizontal,16,3,0.11924979912215589,1.0,2048,2048,6384,28672,1.55859375,0.22265625,63c33712bb9f8833cf031384273e3c100b7a070f03348c85e083371101b731b8
horizontal,up,serp,horizontal,32,3,0.11924979912215589,1.0,2048,2048,6384,28672,1.55859375,0.22265625,63c33712bb9f8833cf031384273e3c100b7a070f03348c85e083371101b731b8
horizontal,up,serp,horizontal,64,3,0.11924979912215589,1.0,2048,2048,6384,28672,1.55859375,0.22265625,63c33712bb9f8833cf031384273e3c100b7a070f03348c85e083371101b731b8
horizontal,up,serp,horizontal,128,3,0.11924979912215589,1.0,2048,2048,6384,28672,1.55859375,0.22265625,63c33712bb9f8833cf031384273e3c100b7a070f03348c85e083371101b731b8
horizontal,up,serp,horizontal,256,3,0.11924979912215589,1.0,2048,2048,6384,28672,1.55859375,0.22265625,63c33712bb9f8833cf031384273e3c100b7a070f03348c85e083371101b731b8
horizontal,up,serp,vertical,16,2,0.19819757331021473,1.0,2048,2048,4320,28672,1.0546875,0.15066964285714285,a57a07e061338382916d7b5a10940af25bd7dea199558963f1e819ba7d5c680e
horizontal,up,serp,vertical,32,2,0.19819757331021473,1.0,2048,2048,4320,28672,1.0546875,0.15066964285714285,a57a07e061338382916d7b5a10940af25bd7dea199558963f1e819ba7d5c680e
horizontal,up,serp,vertical,64,2,0.19819757331021473,1.0,2048,2048,4320,28672,1.0546875,0.15066964285714285,a57a07e061338382916d7b5a10940af25bd7dea199558963f1e819ba7d5c680e
horizontal,up,serp,vertical,128,2,0.19819757331021473,1.0,2048,2048,4320,28672,1.0546875,0.15066964285714285,a57a07e061338382916d7b5a10940af25bd7dea199558963f1e819ba7d5c680e
horizontal,up,serp,vertical,256,2,0.19819757331021473,1.0,2048,2048,4320,28672,1.0546875,0.15066964285714285,a57a07e061338382916d7b5a10940af25bd7dea199558963f1e819ba7d5c680e
horizontal,up,col,traversal,16,2,0.19819757331021473,1.0,2048,2048,4320,28672,1.0546875,0.15066964285714285,59cc6697a773b00ba0eb99add0c555f861b8f4bd42c75bd1981c9ec8a9596920
horizontal,up,col,traversal,32,2,0.19819757331021473,1.0,2048,2048,4320,28672,1.0546875,0.15066964285714285,59cc6697a773b00ba0eb99add0c555f861b8f4bd42c75bd1981c9ec8a9596920
horizontal,up,col,traversal,64,2,0.19819757331021473,1.0,2048,2048,4320,28672,1.0546875,0.15066964285714285,59cc6697a773b00ba0eb99add0c555f861b8f4bd42c75bd1981c9ec8a9596920
horizontal,up,col,traversal,128,2,0.19819757331021473,1.0,2048,2048,4320,28672,1.0546875,0.15066964285714285,59cc6697a773b00ba0eb99add0c555f861b8f4bd42c75bd1981c9ec8a9596920
horizontal,up,col,traversal,256,2,0.19819757331021473,1.0,2048,2048,4320,28672,1.0546875,0.15066964285714285,59cc6697a773b00ba0eb99add0c555f861b8f4bd42c75bd1981c9ec8a9596920
horizontal,up,col,horizontal,16,3,0.11924979912215589,1.0,2048,2048,6384,28672,1.55859375,0.22265625,09c3c5f4fb97893c9140b0f9864ffca8dc8b8a83ebe09992e4f3c3742815828b
horizontal,up,col,horizontal,32,3,0.11924979912215589,1.0,2048,2048,6384,28672,1.55859375,0.22265625,09c3c5f4fb97893c9140b0f9864ffca8dc8b8a83ebe09992e4f3c3742815828b
horizontal,up,col,horizontal,64,3,0.11924979912215589,1.0,2048,2048,6384,28672,1.55859375,0.22265625,09c3c5f4fb97893c9140b0f9864ffca8dc8b8a83ebe09992e4f3c3742815828b
horizontal,up,col,horizontal,128,3,0.11924979912215589,1.0,2048,2048,6384,28672,1.55859375,0.22265625,09c3c5f4fb97893c9140b0f9864ffca8dc8b8a83ebe09992e4f3c3742815828b
horizontal,up,col,horizontal,256,3,0.11924979912215589,1.0,2048,2048,6384,28672,1.55859375,0.22265625,09c3c5f4fb97893c9140b0f9864ffca8dc8b8a83ebe09992e4f3c3742815828b
horizontal,up,col,vertical,16,2,0.19819757331021473,1.0,2048,2048,4320,28672,1.0546875,0.15066964285714285,fb1e8e9de040198732a579466b9f5046df409abe7fbeb46b75574f61e797ec17
horizontal,up,col,vertical,32,2,0.19819757331021473,1.0,2048,2048,4320,28672,1.0546875,0.15066964285714285,fb1e8e9de040198732a579466b9f5046df409abe7fbeb46b75574f61e797ec17
horizontal,up,col,vertical,64,2,0.19819757331021473,1.0,2048,2048,4320,28672,1.0546875,0.15066964285714285,fb1e8e9de040198732a579466b9f5046df409abe7fbeb46b75574f61e797ec17
horizontal,up,col,vertical,128,2,0.19819757331021473,1.0,2048,2048,4320,28672,1.0546875,0.15066964285714285,fb1e8e9de040198732a579466b9f5046df409abe7fbeb46b75574f61e797ec17
horizontal,up,col,vertical,256,2,0.19819757331021473,1.0,2048,2048,4320,28672,1.0546875,0.15066964285714285,fb1e8e9de040198732a579466b9f5046df409abe7fbeb46b75574f61e797ec17
horizontal,up,col_serp,traversal,16,2,0.19819757331021473,1.0,2048,2048,4320,28672,1.0546875,0.15066964285714285,6b53272a63e6755c6707b1a2bda35a13fd7f6c0203deba96c519f98ca448f592
horizontal,up,col_serp,traversal,32,2,0.19819757331021473,1.0,2048,2048,4320,28672,1.0546875,0.15066964285714285,6b53272a63e6755c6707b1a2bda35a13fd7f6c0203deba96c519f98ca448f592
horizontal,up,col_serp,traversal,64,2,0.19819757331021473,1.0,2048,2048,4320,28672,1.0546875,0.15066964285714285,6b53272a63e6755c6707b1a2bda35a13fd7f6c0203deba96c519f98ca448f592
horizontal,up,col_serp,traversal,128,2,0.19819757331021473,1.0,2048,2048,4320,28672,1.0546875,0.15066964285714285,6b53272a63e6755c6707b1a2bda35a13fd7f6c0203deba96c519f98ca448f592
horizontal,up,col_serp,traversal,256,2,0.19819757331021473,1.0,2048,2048,4320,28672,1.0546875,0.15066964285714285,6b53272a63e6755c6707b1a2bda35a13fd7f6c0203deba96c519f98ca448f592
horizontal,up,col_serp,horizontal,16,3,0.22895370102432686,1.0,2048,2048,6384,28672,1.55859375,0.22265625,41add6496850d2a6ab776765d01809c5e8150641a65850498921c96372348dc1
horizontal,up,col_serp,horizontal,32,3,0.22895370102432686,1.0,2048,2048,6384,28672,1.55859375,0.22265625,41add6496850d2a6ab776765d01809c5e8150641a65850498921c96372348dc1
horizontal,up,col_serp,horizontal,64,3,0.22895370102432686,1.0,2048,2048,6384,28672,1.55859375,0.22265625,41add6496850d2a6ab776765d01809c5e8150641a65850498921c96372348dc1
horizontal,up,col_serp,horizontal,128,3,0.22895370102432686,1.0,2048,2048,6384,28672,1.55859375,0.22265625,41add6496850d2a6ab776765d01809c5e8150641a65850498921c96372348dc1
horizontal,up,col_serp,horizontal,256,3,0.22895370102432686,1.0,2048,2048,6384,28672,1.55859375,0.22265625,41add6496850d2a6ab776765d01809c5e8150641a65850498921c96372348dc1
horizontal,up,col_serp,vertical,16,3,0.22895370102432686,1.0,2048,2048,6384,28672,1.55859375,0.22265625,56076f66b7589b5e13451f7963a4ea0beaf5eb1c09e4a8eae99be8e26c5a5e19
horizontal,up,col_serp,vertical,32,3,0.22895370102432686,1.0,2048,2048,6384,28672,1.55859375,0.22265625,56076f66b7589b5e13451f7963a4ea0beaf5eb1c09e4a8eae99be8e26c5a5e19
horizontal,up,col_serp,vertical,64,3,0.22895370102432686,1.0,2048,2048,6384,28672,1.55859375,0.22265625,56076f66b7589b5e13451f7963a4ea0beaf5eb1c09e4a8eae99be8e26c5a5e19
horizontal,up,col_serp,vertical,128,3,0.22895370102432686,1.0,2048,2048,6384,28672,1.55859375,0.22265625,56076f66b7589b5e13451f7963a4ea0beaf5eb1c09e4a8eae99be8e26c5a5e19
horizontal,up,col_serp,vertical,256,3,0.22895370102432686,1.0,2048,2048,6384,28672,1.55859375,0.22265625,56076f66b7589b5e13451f7963a4ea0beaf5eb1c09e4a8eae99be8e26c5a5e19
horizontal,previous,row,traversal,16,3,0.2042509204159887,1.0,2048,2048,6384,28672,1.55859375,0.22265625,005e0ebbe66e1f0a318d823d84b880b50f4a246f0f215f21bdec4bf70ab277f9
horizontal,previous,row,traversal,32,3,0.2042509204159887,1.0,2048,2048,6384,28672,1.55859375,0.22265625,005e0ebbe66e1f0a318d823d84b880b50f4a246f0f215f21bdec4bf70ab277f9
horizontal,previous,row,traversal,64,3,0.2042509204159887,1.0,2048,2048,6384,28672,1.55859375,0.22265625,005e0ebbe66e1f0a318d823d84b880b50f4a246f0f215f21bdec4bf70ab277f9
horizontal,previous,row,traversal,128,3,0.2042509204159887,1.0,2048,2048,6384,28672,1.55859375,0.22265625,005e0ebbe66e1f0a318d823d84b880b50f4a246f0f215f21bdec4bf70ab277f9
horizontal,previous,row,traversal,256,3,0.2042509204159887,1.0,2048,2048,6384,28672,1.55859375,0.22265625,005e0ebbe66e1f0a318d823d84b880b50f4a246f0f215f21bdec4bf70ab277f9
horizontal,previous,row,horizontal,16,3,0.2042509204159887,1.0,2048,2048,6384,28672,1.55859375,0.22265625,2ad023d0f062833d1a7673577e8c3c96be9e6ed75f95203fd92b08ff4a8263e1
horizontal,previous,row,horizontal,32,3,0.2042509204159887,1.0,2048,2048,6384,28672,1.55859375,0.22265625,2ad023d0f062833d1a7673577e8c3c96be9e6ed75f95203fd92b08ff4a8263e1
horizontal,previous,row,horizontal,64,3,0.2042509204159887,1.0,2048,2048,6384,28672,1.55859375,0.22265625,2ad023d0f062833d1a7673577e8c3c96be9e6ed75f95203fd92b08ff4a8263e1
horizontal,previous,row,horizontal,128,3,0.2042509204159887,1.0,2048,2048,6384,28672,1.55859375,0.22265625,2ad023d0f062833d1a7673577e8c3c96be9e6ed75f95203fd92b08ff4a8263e1
horizontal,previous,row,horizontal,256,3,0.2042509204159887,1.0,2048,2048,6384,28672,1.55859375,0.22265625,2ad023d0f062833d1a7673577e8c3c96be9e6ed75f95203fd92b08ff4a8263e1
horizontal,previous,row,vertical,16,3,0.11924979912215589,1.0,2048,2048,6384,28672,1.55859375,0.22265625,cf7a754b0c9c6d08d25b8fda9c630b60b5faed6ead61dac028c716b29727ffdd
horizontal,previous,row,vertical,32,3,0.11924979912215589,1.0,2048,2048,6384,28672,1.55859375,0.22265625,cf7a754b0c9c6d08d25b8fda9c630b60b5faed6ead61dac028c716b29727ffdd
horizontal,previous,row,vertical,64,3,0.11924979912215589,1.0,2048,2048,6384,28672,1.55859375,0.22265625,cf7a754b0c9c6d08d25b8fda9c630b60b5faed6ead61dac028c716b29727ffdd
horizontal,previous,row,vertical,128,3,0.11924979912215589,1.0,2048,2048,6384,28672,1.55859375,0.22265625,cf7a754b0c9c6d08d25b8fda9c630b60b5faed6ead61dac028c716b29727ffdd
horizontal,previous,row,vertical,256,3,0.11924979912215589,1.0,2048,2048,6384,28672,1.55859375,0.22265625,cf7a754b0c9c6d08d25b8fda9c630b60b5faed6ead61dac028c716b29727ffdd
horizontal,previous,serp,traversal,16,4,1.2006223243127148,1.0,2048,2048,6400,28672,1.5625,0.22321428571428573,88261d93b719a1a833e8ed949886b8524aa51d89e2c3565cb234b9e6c12306a2
horizontal,previous,serp,traversal,32,4,1.2006223243127148,1.0,2048,2048,6400,28672,1.5625,0.22321428571428573,88261d93b719a1a833e8ed949886b8524aa51d89e2c3565cb234b9e6c12306a2
horizontal,previous,serp,traversal,64,4,1.2006223243127148,1.0,2048,2048,6400,28672,1.5625,0.22321428571428573,88261d93b719a1a833e8ed949886b8524aa51d89e2c3565cb234b9e6c12306a2
horizontal,previous,serp,traversal,128,4,1.2006223243127148,1.0,2048,2048,6400,28672,1.5625,0.22321428571428573,88261d93b719a1a833e8ed949886b8524aa51d89e2c3565cb234b9e6c12306a2
horizontal,previous,serp,traversal,256,4,1.2006223243127148,1.0,2048,2048,6400,28672,1.5625,0.22321428571428573,88261d93b719a1a833e8ed949886b8524aa51d89e2c3565cb234b9e6c12306a2
horizontal,previous,serp,horizontal,16,4,1.2006223243127148,1.0,2048,2048,6400,28672,1.5625,0.22321428571428573,94e08f14d3da5e46ff494becca7361af255dd013ec81c615f72ed1600a7eb977
horizontal,previous,serp,horizontal,32,4,1.2006223243127148,1.0,2048,2048,6400,28672,1.5625,0.22321428571428573,94e08f14d3da5e46ff494becca7361af255dd013ec81c615f72ed1600a7eb977
horizontal,previous,serp,horizontal,64,4,1.2006223243127148,1.0,2048,2048,6400,28672,1.5625,0.22321428571428573,94e08f14d3da5e46ff494becca7361af255dd013ec81c615f72ed1600a7eb977
horizontal,previous,serp,horizontal,128,4,1.2006223243127148,1.0,2048,2048,6400,28672,1.5625,0.22321428571428573,94e08f14d3da5e46ff494becca7361af255dd013ec81c615f72ed1600a7eb977
horizontal,previous,serp,horizontal,256,4,1.2006223243127148,1.0,2048,2048,6400,28672,1.5625,0.22321428571428573,94e08f14d3da5e46ff494becca7361af255dd013ec81c615f72ed1600a7eb977
horizontal,previous,serp,vertical,16,3,0.23187232431271465,1.0,2048,2048,6384,28672,1.55859375,0.22265625,3b02bde3c9964b7c46e91fc21df761fd4dedef7f4ed7da321ce6543e3b5dfe21
horizontal,previous,serp,vertical,32,3,0.23187232431271465,1.0,2048,2048,6384,28672,1.55859375,0.22265625,3b02bde3c9964b7c46e91fc21df761fd4dedef7f4ed7da321ce6543e3b5dfe21
horizontal,previous,serp,vertical,64,3,0.23187232431271465,1.0,2048,2048,6384,28672,1.55859375,0.22265625,3b02bde3c9964b7c46e91fc21df761fd4dedef7f4ed7da321ce6543e3b5dfe21
horizontal,previous,serp,vertical,128,3,0.23187232431271465,1.0,2048,2048,6384,28672,1.55859375,0.22265625,3b02bde3c9964b7c46e91fc21df761fd4dedef7f4ed7da321ce6543e3b5dfe21
horizontal,previous,serp,vertical,256,3,0.23187232431271465,1.0,2048,2048,6384,28672,1.55859375,0.22265625,3b02bde3c9964b7c46e91fc21df761fd4dedef7f4ed7da321ce6543e3b5dfe21
horizontal,previous,col,traversal,16,2,0.19819757331021473,1.0,2048,2048,4320,28672,1.0546875,0.15066964285714285,d6c9dd81b020a28a8d4e3e90035ca9d00967f25cd75ddff336fdb006a88f0d2c
horizontal,previous,col,traversal,32,2,0.19819757331021473,1.0,2048,2048,4320,28672,1.0546875,0.15066964285714285,d6c9dd81b020a28a8d4e3e90035ca9d00967f25cd75ddff336fdb006a88f0d2c
horizontal,previous,col,traversal,64,2,0.19819757331021473,1.0,2048,2048,4320,28672,1.0546875,0.15066964285714285,d6c9dd81b020a28a8d4e3e90035ca9d00967f25cd75ddff336fdb006a88f0d2c
horizontal,previous,col,traversal,128,2,0.19819757331021473,1.0,2048,2048,4320,28672,1.0546875,0.15066964285714285,d6c9dd81b020a28a8d4e3e90035ca9d00967f25cd75ddff336fdb006a88f0d2c
horizontal,previous,col,traversal,256,2,0.19819757331021473,1.0,2048,2048,4320,28672,1.0546875,0.15066964285714285,d6c9dd81b020a28a8d4e3e90035ca9d00967f25cd75ddff336fdb006a88f0d2c
horizontal,previous,col,horizontal,16,3,0.11924979912215589,1.0,2048,2048,6384,28672,1.55859375,0.22265625,869536b0e01c47dc5a5527971279c6dc1f803d66235fefc5f40f2067ffd44eea
horizontal,previous,col,horizontal,32,3,0.11924979912215589,1.0,2048,2048,6384,28672,1.55859375,0.22265625,869536b0e01c47dc5a5527971279c6dc1f803d66235fefc5f40f2067ffd44eea
horizontal,previous,col,horizontal,64,3,0.11924979912215589,1.0,2048,2048,6384,28672,1.55859375,0.22265625,869536b0e01c47dc5a5527971279c6dc1f803d66235fefc5f40f2067ffd44eea
horizontal,previous,col,horizontal,128,3,0.11924979912215589,1.0,2048,2048,6384,28672,1.55859375,0.22265625,869536b0e01c47dc5a5527971279c6dc1f803d66235fefc5f40f2067ffd44eea
horizontal,previous,col,horizontal,256,3,0.11924979912215589,1.0,2048,2048,6384,28672,1.55859375,0.22265625,869536b0e01c47dc5a5527971279c6dc1f803d66235fefc5f40f2067ffd44eea
horizontal,previous,col,vertical,16,2,0.19819757331021473,1.0,2048,2048,4320,28672,1.0546875,0.15066964285714285,97a163301be6cbd1f360053866b7cc4959a59f6e9654b15feca78b74dcc708ff
horizontal,previous,col,vertical,32,2,0.19819757331021473,1.0,2048,2048,4320,28672,1.0546875,0.15066964285714285,97a163301be6cbd1f360053866b7cc4959a59f6e9654b15feca78b74dcc708ff
horizontal,previous,col,vertical,64,2,0.19819757331021473,1.0,2048,2048,4320,28672,1.0546875,0.15066964285714285,97a163301be6cbd1f360053866b7cc4959a59f6e9654b15feca78b74dcc708ff
horizontal,previous,col,vertical,128,2,0.19819757331021473,1.0,2048,2048,4320,28672,1.0546875,0.15066964285714285,97a163301be6cbd1f360053866b7cc4959a59f6e9654b15feca78b74dcc708ff
horizontal,previous,col,vertical,256,2,0.19819757331021473,1.0,2048,2048,4320,28672,1.0546875,0.15066964285714285,97a163301be6cbd1f360053866b7cc4959a59f6e9654b15feca78b74dcc708ff
horizontal,previous,col_serp,traversal,16,2,0.19819757331021473,1.0,2048,2048,4320,28672,1.0546875,0.15066964285714285,d3f23f57c484fca4e6e73bb83d8b206e110401ba16697c84d1984c53281a7baf
horizontal,previous,col_serp,traversal,32,2,0.19819757331021473,1.0,2048,2048,4320,28672,1.0546875,0.15066964285714285,d3f23f57c484fca4e6e73bb83d8b206e110401ba16697c84d1984c53281a7baf
horizontal,previous,col_serp,traversal,64,2,0.19819757331021473,1.0,2048,2048,4320,28672,1.0546875,0.15066964285714285,d3f23f57c484fca4e6e73bb83d8b206e110401ba16697c84d1984c53281a7baf
horizontal,previous,col_serp,traversal,128,2,0.19819757331021473,1.0,2048,2048,4320,28672,1.0546875,0.15066964285714285,d3f23f57c484fca4e6e73bb83d8b206e110401ba16697c84d1984c53281a7baf
horizontal,previous,col_serp,traversal,256,2,0.19819757331021473,1.0,2048,2048,4320,28672,1.0546875,0.15066964285714285,d3f23f57c484fca4e6e73bb83d8b206e110401ba16697c84d1984c53281a7baf
horizontal,previous,col_serp,horizontal,16,3,0.22895370102432686,1.0,2048,2048,6384,28672,1.55859375,0.22265625,10c8796277ddb2ef4f7ebee867342246d788896f3b9fed186c738aca598db261
horizontal,previous,col_serp,horizontal,32,3,0.22895370102432686,1.0,2048,2048,6384,28672,1.55859375,0.22265625,10c8796277ddb2ef4f7ebee867342246d788896f3b9fed186c738aca598db261
horizontal,previous,col_serp,horizontal,64,3,0.22895370102432686,1.0,2048,2048,6384,28672,1.55859375,0.22265625,10c8796277ddb2ef4f7ebee867342246d788896f3b9fed186c738aca598db261
horizontal,previous,col_serp,horizontal,128,3,0.22895370102432686,1.0,2048,2048,6384,28672,1.55859375,0.22265625,10c8796277ddb2ef4f7ebee867342246d788896f3b9fed186c738aca598db261
horizontal,previous,col_serp,horizontal,256,3,0.22895370102432686,1.0,2048,2048,6384,28672,1.55859375,0.22265625,10c8796277ddb2ef4f7ebee867342246d788896f3b9fed186c738aca598db261
horizontal,previous,col_serp,vertical,16,3,0.22895370102432686,1.0,2048,2048,6384,28672,1.55859375,0.22265625,36fbce2e264ad0007e48c20fa1aabba3019ab61b7c14259680b680f7cb0443fe
horizontal,previous,col_serp,vertical,32,3,0.22895370102432686,1.0,2048,2048,6384,28672,1.55859375,0.22265625,36fbce2e264ad0007e48c20fa1aabba3019ab61b7c14259680b680f7cb0443fe
horizontal,previous,col_serp,vertical,64,3,0.22895370102432686,1.0,2048,2048,6384,28672,1.55859375,0.22265625,36fbce2e264ad0007e48c20fa1aabba3019ab61b7c14259680b680f7cb0443fe
horizontal,previous,col_serp,vertical,128,3,0.22895370102432686,1.0,2048,2048,6384,28672,1.55859375,0.22265625,36fbce2e264ad0007e48c20fa1aabba3019ab61b7c14259680b680f7cb0443fe
horizontal,previous,col_serp,vertical,256,3,0.22895370102432686,1.0,2048,2048,6384,28672,1.55859375,0.22265625,36fbce2e264ad0007e48c20fa1aabba3019ab61b7c14259680b680f7cb0443fe
horizontal,avg,row,traversal,16,2,0.20062232431271465,1.0,2048,2048,4320,28672,1.0546875,0.15066964285714285,3e2676430edf918e037f3a8cebd68779fc351b1402727aedc335d0e9dc56fb89
horizontal,avg,row,traversal,32,2,0.20062232431271465,1.0,2048,2048,4320,28672,1.0546875,0.15066964285714285,3e2676430edf918e037f3a8cebd68779fc351b1402727aedc335d0e9dc56fb89
horizontal,avg,row,traversal,64,2,0.20062232431271465,1.0,2048,2048,4320,28672,1.0546875,0.15066964285714285,3e2676430edf918e037f3a8cebd68779fc351b1402727aedc335d0e9dc56fb89
horizontal,avg,row,traversal,128,2,0.20062232431271465,1.0,2048,2048,4320,28672,1.0546875,0.15066964285714285,3e2676430edf918e037f3a8cebd68779fc351b1402727aedc335d0e9dc56fb89
horizontal,avg,row,traversal,256,2,0.20062232431271465,1.0,2048,2048,4320,28672,1.0546875,0.15066964285714285,3e2676430edf918e037f3a8cebd68779fc351b1402727aedc335d0e9dc56fb89
horizontal,avg,row,horizontal,16,2,0.20062232431271465,1.0,2048,2048,4320,28672,1.0546875,0.15066964285714285,d9862ab0fab4819a498f6eb2b4419f95e161142ccde0baeab6f123475af09bc0
horizontal,avg,row,horizontal,32,2,0.20062232431271465,1.0,2048,2048,4320,28672,1.0546875,0.15066964285714285,d9862ab0fab4819a498f6eb2b4419f95e161142ccde0baeab6f123475af09bc0
horizontal,avg,row,horizontal,64,2,0.20062232431271465,1.0,2048,2048,4320,28672,1.0546875,0.15066964285714285,d9862ab0fab4819a498f6eb2b4419f95e161142ccde0baeab6f123475af09bc0
horizontal,avg,row,horizontal,128,2,0.20062232431271465,1.0,2048,2048,4320,28672,1.0546875,0.15066964285714285,d9862ab0fab4819a498f6eb2b4419f95e161142ccde0baeab6f123475af09bc0
horizontal,avg,row,horizontal,256,2,0.20062232431271465,1.0,2048,2048,4320,28672,1.0546875,0.15066964285714285,d9862ab0fab4819a498f6eb2b4419f95e161142ccde0baeab6f123475af09bc0
horizontal,avg,row,vertical,16,2,0.11611507530476972,1.0,2048,2048,4320,28672,1.0546875,0.15066964285714285,a71f8ecafc5bd42ba82ae49500b9824da997814ebc0dadb31301b71b4393ba72
horizontal,avg,row,vertical,32,2,0.11611507530476972,1.0,2048,2048,4320,28672,1.0546875,0.15066964285714285,a71f8ecafc5bd42ba82ae49500b9824da997814ebc0dadb31301b71b4393ba72
horizontal,avg,row,vertical,64,2,0.11611507530476972,1.0,2048,2048,4320,28672,1.0546875,0.15066964285714285,a71f8ecafc5bd42ba82ae49500b9824da997814ebc0dadb31301b71b4393ba72
horizontal,avg,row,vertical,128,2,0.11611507530476972,1.0,2048,2048,4320,28672,1.0546875,0.15066964285714285,a71f8ecafc5bd42ba82ae49500b9824da997814ebc0dadb31301b71b4393ba72
horizontal,avg,row,vertical,256,2,0.11611507530476972,1.0,2048,2048,4320,28672,1.0546875,0.15066964285714285,a71f8ecafc5bd42ba82ae49500b9824da997814ebc0dadb31301b71b4393ba72
horizontal,avg,serp,traversal,16,3,1.1003111621563573,1.0,2048,2048,6384,28672,1.55859375,0.22265625,aed4f48c91fd62af85d1d149b0712e4d7eb2e59a72b73814777da3e65b55f08f
horizontal,avg,serp,traversal,32,3,1.1003111621563573,1.0,2048,2048,6384,28672,1.55859375,0.22265625,aed4f48c91fd62af85d1d149b0712e4d7eb2e59a72b73814777da3e65b55f08f
horizontal,avg,serp,traversal,64,3,1.1003111621563573,1.0,2048,2048,6384,28672,1.55859375,0.22265625,aed4f48c91fd62af85d1d149b0712e4d7eb2e59a72b73814777da3e65b55f08f
horizontal,avg,serp,traversal,128,3,1.1003111621563573,1.0,2048,2048,6384,28672,1.55859375,0.22265625,aed4f48c91fd62af85d1d149b0712e4d7eb2e59a72b73814777da3e65b55f08f
horizontal,avg,serp,traversal,256,3,1.1003111621563573,1.0,2048,2048,6384,28672,1.55859375,0.22265625,aed4f48c91fd62af85d1d149b0712e4d7eb2e59a72b73814777da3e65b55f08f
horizontal,avg,serp,horizontal,16,3,1.1003111621563573,1.0,2048,2048,6384,28672,1.55859375,0.22265625,eca6f996fc7ae63130172e389b8e15ff878c578aa456c9442b60e41437bd902b
horizontal,avg,serp,horizontal,32,3,1.1003111621563573,1.0,2048,2048,6384,28672,1.55859375,0.22265625,eca6f996fc7ae63130172e389b8e15ff878c578aa456c9442b60e41437bd902b
horizontal,avg,serp,horizontal,64,3,1.1003111621563573,1.0,2048,2048,6384,28672,1.55859375,0.22265625,eca6f996fc7ae63130172e389b8e15ff878c578aa456c9442b60e41437bd902b
horizontal,avg,serp,horizontal,128,3,1.1003111621563573,1.0,2048,2048,6384,28672,1.55859375,0.22265625,eca6f996fc7ae63130172e389b8e15ff878c578aa456c9442b60e41437bd902b
horizontal,avg,serp,horizontal,256,3,1.1003111621563573,1.0,2048,2048,6384,28672,1.55859375,0.22265625,eca6f996fc7ae63130172e389b8e15ff878c578aa456c9442b60e41437bd902b
horizontal,avg,serp,vertical,16,2,0.11611507530476972,1.0,2048,2048,4320,28672,1.0546875,0.15066964285714285,deae02493d3811fe0aa09fd7e61fe6c0efcf2bffbe9458170a85d88ebeb82634
horizontal,avg,serp,vertical,32,2,0.11611507530476972,1.0,2048,2048,4320,28672,1.0546875,0.15066964285714285,deae02493d3811fe0aa09fd7e61fe6c0efcf2bffbe9458170a85d88ebeb82634
horizontal,avg,serp,vertical,64,2,0.11611507530476972,1.0,2048,2048,4320,28672,1.0546875,0.15066964285714285,deae02493d3811fe0aa09fd7e61fe6c0efcf2bffbe9458170a85d88ebeb82634
horizontal,avg,serp,vertical,128,2,0.11611507530476972,1.0,2048,2048,4320,28672,1.0546875,0.15066964285714285,deae02493d3811fe0aa09fd7e61fe6c0efcf2bffbe9458170a85d88ebeb82634
horizontal,avg,serp,vertical,256,2,0.11611507530476972,1.0,2048,2048,4320,28672,1.0546875,0.15066964285714285,deae02493d3811fe0aa09fd7e61fe6c0efcf2bffbe9458170a85d88ebeb82634
horizontal,avg,col,traversal,16,2,0.11611507530476972,1.0,2048,2048,4320,28672,1.0546875,0.15066964285714285,6a395a5916315b00914ae446b48bbab9ad44b2b1e55b585c0773f2f371ddc777
horizontal,avg,col,traversal,32,2,0.11611507530476972,1.0,2048,2048,4320,28672,1.0546875,0.15066964285714285,6a395a5916315b00914ae446b48bbab9ad44b2b1e55b585c0773f2f371ddc777
horizontal,avg,col,traversal,64,2,0.11611507530476972,1.0,2048,2048,4320,28672,1.0546875,0.15066964285714285,6a395a5916315b00914ae446b48bbab9ad44b2b1e55b585c0773f2f371ddc777
horizontal,avg,col,traversal,128,2,0.11611507530476972,1.0,2048,2048,4320,28672,1.0546875,0.15066964285714285,6a395a5916315b00914ae446b48bbab9ad44b2b1e55b585c0773f2f371ddc777
horizontal,avg,col,traversal,256,2,0.11611507530476972,1.0,2048,2048,4320,28672,1.0546875,0.15066964285714285,6a395a5916315b00914ae446b48bbab9ad44b2b1e55b585c0773f2f371ddc777
horizontal,avg,col,horizontal,16,2,0.20062232431271465,1.0,2048,2048,4320,28672,1.0546875,0.15066964285714285,207a1e4c9a71d79368cc481ead8a5b8fc3a0fbb6612de8be23dad034e68a4998
horizontal,avg,col,horizontal,32,2,0.20062232431271465,1.0,2048,2048,4320,28672,1.0546875,0.15066964285714285,207a1e4c9a71d79368cc481ead8a5b8fc3a0fbb6612de8be23dad034e68a4998
horizontal,avg,col,horizontal,64,2,0.20062232431271465,1.0,2048,2048,4320,28672,1.0546875,0.15066964285714285,207a1e4c9a71d79368cc481ead8a5b8fc3a0fbb6612de8be23dad034e68a4998
horizontal,avg,col,horizontal,128,2,0.20062232431271465,1.0,2048,2048,4320,28672,1.0546875,0.15066964285714285,207a1e4c9a71d79368cc481ead8a5b8fc3a0fbb6612de8be23dad034e68a4998
horizontal,avg,col,horizontal,256,2,0.20062232431271465,1.0,2048,2048,4320,28672,1.0546875,0.15066964285714285,207a1e4c9a71d79368cc481ead8a5b8fc3a0fbb6612de8be23dad034e68a4998
horizontal,avg,col,vertical,16,2,0.11611507530476972,1.0,2048,2048,4320,28672,1.0546875,0.15066964285714285,b8804d830a52fb6ad943b086fd5b8e1223d2ddcb5b0475c55bd896f95a52fdb7
horizontal,avg,col,vertical,32,2,0.11611507530476972,1.0,2048,2048,4320,28672,1.0546875,0.15066964285714285,b8804d830a52fb6ad943b086fd5b8e1223d2ddcb5b0475c55bd896f95a52fdb7
horizontal,avg,col,vertical,64,2,0.11611507530476972,1.0,2048,2048,4320,28672,1.0546875,0.15066964285714285,b8804d830a52fb6ad943b086fd5b8e1223d2ddcb5b0475c55bd896f95a52fdb7
horizontal,avg,col,vertical,128,2,0.11611507530476972,1.0,2048,2048,4320,28672,1.0546875,0.15066964285714285,b8804d830a52fb6ad943b086fd5b8e1223d2ddcb5b0475c55bd896f95a52fdb7
horizontal,avg,col,vertical,256,2,0.11611507530476972,1.0,2048,2048,4320,28672,1.0546875,0.15066964285714285,b8804d830a52fb6ad943b086fd5b8e1223d2ddcb5b0475c55bd896f95a52fdb7
horizontal,avg,col_serp,traversal,16,2,0.11611507530476972,1.0,2048,2048,4320,28672,1.0546875,0.15066964285714285,7bf8c9e139e9884dc642fa76a1fea20d3eaf55efc7c2beb52d52468f784ccc38
horizontal,avg,col_serp,traversal,32,2,0.11611507530476972,1.0,2048,2048,4320,28672,1.0546875,0.15066964285714285,7bf8c9e139e9884dc642fa76a1fea20d3eaf55efc7c2beb52d52468f784ccc38
horizontal,avg,col_serp,traversal,64,2,0.11611507530476972,1.0,2048,2048,4320,28672,1.0546875,0.15066964285714285,7bf8c9e139e9884dc642fa76a1fea20d3eaf55efc7c2beb52d52468f784ccc38
horizontal,avg,col_serp,traversal,128,2,0.11611507530476972,1.0,2048,2048,4320,28672,1.0546875,0.15066964285714285,7bf8c9e139e9884dc642fa76a1fea20d3eaf55efc7c2beb52d52468f784ccc38
horizontal,avg,col_serp,traversal,256,2,0.11611507530476972,1.0,2048,2048,4320,28672,1.0546875,0.15066964285714285,7bf8c9e139e9884dc642fa76a1fea20d3eaf55efc7c2beb52d52468f784ccc38
horizontal,avg,col_serp,horizontal,16,2,0.20062232431271465,1.0,2048,2048,4320,28672,1.0546875,0.15066964285714285,08b9d6a57b91fda2b159a6f38e81e251cf51987709156b4f85bc9a9a0a085a84
horizontal,avg,col_serp,horizontal,32,2,0.20062232431271465,1.0,2048,2048,4320,28672,1.0546875,0.15066964285714285,08b9d6a57b91fda2b159a6f38e81e251cf51987709156b4f85bc9a9a0a085a84
horizontal,avg,col_serp,horizontal,64,2,0.20062232431271465,1.0,2048,2048,4320,28672,1.0546875,0.15066964285714285,08b9d6a57b91fda2b159a6f38e81e251cf51987709156b4f85bc9a9a0a085a84
horizontal,avg,col_serp,horizontal,128,2,0.20062232431271465,1.0,2048,2048,4320,28672,1.0546875,0.15066964285714285,08b9d6a57b91fda2b159a6f38e81e251cf51987709156b4f85bc9a9a0a085a84
horizontal,avg,col_serp,horizontal,256,2,0.20062232431271465,1.0,2048,2048,4320,28672,1.0546875,0.15066964285714285,08b9d6a57b91fda2b159a6f38e81e251cf51987709156b4f85bc9a9a0a085a84
horizontal,avg,col_serp,vertical,16,2,0.11611507530476972,1.0,2048,2048,4320,28672,1.0546875,0.15066964285714285,f468be273ec0d08b2c0e192c9da683a8246eae3fb17c501fe3212ae1c00f1ed4
horizontal,avg,col_serp,vertical,32,2,0.11611507530476972,1.0,2048,2048,4320,28672,1.0546875,0.15066964285714285,f468be273ec0d08b2c0e192c9da683a8246eae3fb17c501fe3212ae1c00f1ed4
horizontal,avg,col_serp,vertical,64,2,0.11611507530476972,1.0,2048,2048,4320,28672,1.0546875,0.15066964285714285,f468be273ec0d08b2c0e192c9da683a8246eae3fb17c501fe3212ae1c00f1ed4
horizontal,avg,col_serp,vertical,128,2,0.11611507530476972,1.0,2048,2048,4320,28672,1.0546875,0.15066964285714285,f468be273ec0d08b2c0e192c9da683a8246eae3fb17c501fe3212ae1c00f1ed4
horizontal,avg,col_serp,vertical,256,2,0.11611507530476972,1.0,2048,2048,4320,28672,1.0546875,0.15066964285714285,f468be273ec0d08b2c0e192c9da683a8246eae3fb17c501fe3212ae1c00f1ed4
horizontal,paeth,row,traversal,16,3,0.11924979912215589,1.0,2048,2048,6384,28672,1.55859375,0.22265625,560e61a14839fa164f2ca3668ca4be2208fd1a3721868ffb1020746c8bbf5d4a
horizontal,paeth,row,traversal,32,3,0.11924979912215589,1.0,2048,2048,6384,28672,1.55859375,0.22265625,560e61a14839fa164f2ca3668ca4be2208fd1a3721868ffb1020746c8bbf5d4a
horizontal,paeth,row,traversal,64,3,0.11924979912215589,1.0,2048,2048,6384,28672,1.55859375,0.22265625,560e61a14839fa164f2ca3668ca4be2208fd1a3721868ffb1020746c8bbf5d4a
horizontal,paeth,row,traversal,128,3,0.11924979912215589,1.0,2048,2048,6384,28672,1.55859375,0.22265625,560e61a14839fa164f2ca3668ca4be2208fd1a3721868ffb1020746c8bbf5d4a
horizontal,paeth,row,traversal,256,3,0.11924979912215589,1.0,2048,2048,6384,28672,1.55859375,0.22265625,560e61a14839fa164f2ca3668ca4be2208fd1a3721868ffb1020746c8bbf5d4a
horizontal,paeth,row,horizontal,16,3,0.11924979912215589,1.0,2048,2048,6384,28672,1.55859375,0.22265625,06f73c0e22b1d7b03af8c366b18784cbfba3ad6e8e9c3b63e051df84dc6ad8e7
horizontal,paeth,row,horizontal,32,3,0.11924979912215589,1.0,2048,2048,6384,28672,1.55859375,0.22265625,06f73c0e22b1d7b03af8c366b18784cbfba3ad6e8e9c3b63e051df84dc6ad8e7
horizontal,paeth,row,horizontal,64,3,0.11924979912215589,1.0,2048,2048,6384,28672,1.55859375,0.22265625,06f73c0e22b1d7b03af8c366b18784cbfba3ad6e8e9c3b63e051df84dc6ad8e7
horizontal,paeth,row,horizontal,128,3,0.11924979912215589,1.0,2048,2048,6384,28672,1.55859375,0.22265625,06f73c0e22b1d7b03af8c366b18784cbfba3ad6e8e9c3b63e051df84dc6ad8e7
horizontal,paeth,row,horizontal,256,3,0.11924979912215589,1.0,2048,2048,6384,28672,1.55859375,0.22265625,06f73c0e22b1d7b03af8c366b18784cbfba3ad6e8e9c3b63e051df84dc6ad8e7
horizontal,paeth,row,vertical,16,2,0.19819757331021473,1.0,2048,2048,4320,28672,1.0546875,0.15066964285714285,f2e00784d47d32974a2502ddb2bd543d98792e9aafe12fe9dcddb6155fc37f22
horizontal,paeth,row,vertical,32,2,0.19819757331021473,1.0,2048,2048,4320,28672,1.0546875,0.15066964285714285,f2e00784d47d32974a2502ddb2bd543d98792e9aafe12fe9dcddb6155fc37f22
horizontal,paeth,row,vertical,64,2,0.19819757331021473,1.0,2048,2048,4320,28672,1.0546875,0.15066964285714285,f2e00784d47d32974a2502ddb2bd543d98792e9aafe12fe9dcddb6155fc37f22
horizontal,paeth,row,vertical,128,2,0.19819757331021473,1.0,2048,2048,4320,28672,1.0546875,0.15066964285714285,f2e00784d47d32974a2502ddb2bd543d98792e9aafe12fe9dcddb6155fc37f22
horizontal,paeth,row,vertical,256,2,0.19819757331021473,1.0,2048,2048,4320,28672,1.0546875,0.15066964285714285,f2e00784d47d32974a2502ddb2bd543d98792e9aafe12fe9dcddb6155fc37f22
horizontal,paeth,serp,traversal,16,3,0.11924979912215589,1.0,2048,2048,6384,28672,1.55859375,0.22265625,b1841a7f279803daede20cc3d6cb8923dff3fbfd0da222feefd88294693d4fbd
horizontal,paeth,serp,traversal,32,3,0.11924979912215589,1.0,2048,2048,6384,28672,1.55859375,0.22265625,b1841a7f279803daede20cc3d6cb8923dff3fbfd0da222feefd88294693d4fbd
horizontal,paeth,serp,traversal,64,3,0.11924979912215589,1.0,2048,2048,6384,28672,1.55859375,0.22265625,b1841a7f279803daede20cc3d6cb8923dff3fbfd0da222feefd88294693d4fbd
horizontal,paeth,serp,traversal,128,3,0.11924979912215589,1.0,2048,2048,6384,28672,1.55859375,0.22265625,b1841a7f279803daede20cc3d6cb8923dff3fbfd0da222feefd88294693d4fbd
horizontal,paeth,serp,traversal,256,3,0.11924979912215589,1.0,2048,2048,6384,28672,1.55859375,0.22265625,b1841a7f279803daede20cc3d6cb8923dff3fbfd0da222feefd88294693d4fbd
horizontal,paeth,serp,horizontal,16,3,0.11924979912215589,1.0,2048,2048,6384,28672,1.55859375,0.22265625,c494a6d5eff363379e44afa6ad8bb2dc1e8b4a8c8cd48ddc0bb5b5aca02c5896
horizontal,paeth,serp,horizontal,32,3,0.11924979912215589,1.0,2048,2048,6384,28672,1.55859375,0.22265625,c494a6d5eff363379e44afa6ad8bb2dc1e8b4a8c8cd48ddc0bb5b5aca02c5896
horizontal,paeth,serp,horizontal,64,3,0.11924979912215589,1.0,2048,2048,6384,28672,1.55859375,0.22265625,c494a6d5eff363379e44afa6ad8bb2dc1e8b4a8c8cd48ddc0bb5b5aca02c5896
horizontal,paeth,serp,horizontal,128,3,0.11924979912215589,1.0,2048,2048,6384,28672,1.55859375,0.22265625,c494a6d5eff363379e44afa6ad8bb2dc1e8b4a8c8cd48ddc0bb5b5aca02c5896
horizontal,paeth,serp,horizontal,256,3,0.11924979912215589,1.0,2048,2048,6384,28672,1.55859375,0.22265625,c494a6d5eff363379e44afa6ad8bb2dc1e8b4a8c8cd48ddc0bb5b5aca02c5896
horizontal,paeth,serp,vertical,16,2,0.19819757331021473,1.0,2048,2048,4320,28672,1.0546875,0.15066964285714285,d77a1508e1ec481dd5b1d29c9aeadeb9d3236cd1784c1ae20473b857ed7c1b74
horizontal,paeth,serp,vertical,32,2,0.19819757331021473,1.0,2048,2048,4320,28672,1.0546875,0.15066964285714285,d77a1508e1ec481dd5b1d29c9aeadeb9d3236cd1784c1ae20473b857ed7c1b74
horizontal,paeth,serp,vertical,64,2,0.19819757331021473,1.0,2048,2048,4320,28672,1.0546875,0.15066964285714285,d77a1508e1ec481dd5b1d29c9aeadeb9d3236cd1784c1ae20473b857ed7c1b74
horizontal,paeth,serp,vertical,128,2,0.19819757331021473,1.0,2048,2048,4320,28672,1.0546875,0.15066964285714285,d77a1508e1ec481dd5b1d29c9aeadeb9d3236cd1784c1ae20473b857ed7c1b74
horizontal,paeth,serp,vertical,256,2,0.19819757331021473,1.0,2048,2048,4320,28672,1.0546875,0.15066964285714285,d77a1508e1ec481dd5b1d29c9aeadeb9d3236cd1784c1ae20473b857ed7c1b74
horizontal,paeth,col,traversal,16,2,0.19819757331021473,1.0,2048,2048,4320,28672,1.0546875,0.15066964285714285,6c76b91d235ca454c955af48dbca3916ee44907fb70c5c42d526fd2399e31462
horizontal,paeth,col,traversal,32,2,0.19819757331021473,1.0,2048,2048,4320,28672,1.0546875,0.15066964285714285,6c76b91d235ca454c955af48dbca3916ee44907fb70c5c42d526fd2399e31462
horizontal,paeth,col,traversal,64,2,0.19819757331021473,1.0,2048,2048,4320,28672,1.0546875,0.15066964285714285,6c76b91d235ca454c955af48dbca3916ee44907fb70c5c42d526fd2399e31462
horizontal,paeth,col,traversal,128,2,0.19819757331021473,1.0,2048,2048,4320,28672,1.0546875,0.15066964285714285,6c76b91d235ca454c955af48dbca3916ee44907fb70c5c42d526fd2399e31462
horizontal,paeth,col,traversal,256,2,0.19819757331021473,1.0,2048,2048,4320,28672,1.0546875,0.15066964285714285,6c76b91d235ca454c955af48dbca3916ee44907fb70c5c42d526fd2399e31462
horizontal,paeth,col,horizontal,16,3,0.11924979912215589,1.0,2048,2048,6384,28672,1.55859375,0.22265625,c0b65731a1b2559cfabd724fd9e0ec618a2cdf84fca644e7878d5e02ca1f2996
horizontal,paeth,col,horizontal,32,3,0.11924979912215589,1.0,2048,2048,6384,28672,1.55859375,0.22265625,c0b65731a1b2559cfabd724fd9e0ec618a2cdf84fca644e7878d5e02ca1f2996
horizontal,paeth,col,horizontal,64,3,0.11924979912215589,1.0,2048,2048,6384,28672,1.55859375,0.22265625,c0b65731a1b2559cfabd724fd9e0ec618a2cdf84fca644e7878d5e02ca1f2996
horizontal,paeth,col,horizontal,128,3,0.11924979912215589,1.0,2048,2048,6384,28672,1.55859375,0.22265625,c0b65731a1b2559cfabd724fd9e0ec618a2cdf84fca644e7878d5e02ca1f2996
horizontal,paeth,col,horizontal,256,3,0.11924979912215589,1.0,2048,2048,6384,28672,1.55859375,0.22265625,c0b65731a1b2559cfabd724fd9e0ec618a2cdf84fca644e7878d5e02ca1f2996
horizontal,paeth,col,vertical,16,2,0.19819757331021473,1.0,2048,2048,4320,28672,1.0546875,0.15066964285714285,f22b3cd3ba7c93b32d75ed40dd497e3080348c17511aa6d6dade09156498f73a
horizontal,paeth,col,vertical,32,2,0.19819757331021473,1.0,2048,2048,4320,28672,1.0546875,0.15066964285714285,f22b3cd3ba7c93b32d75ed40dd497e3080348c17511aa6d6dade09156498f73a
horizontal,paeth,col,vertical,64,2,0.19819757331021473,1.0,2048,2048,4320,28672,1.0546875,0.15066964285714285,f22b3cd3ba7c93b32d75ed40dd497e3080348c17511aa6d6dade09156498f73a
horizontal,paeth,col,vertical,128,2,0.19819757331021473,1.0,2048,2048,4320,28672,1.0546875,0.15066964285714285,f22b3cd3ba7c93b32d75ed40dd497e3080348c17511aa6d6dade09156498f73a
horizontal,paeth,col,vertical,256,2,0.19819757331021473,1.0,2048,2048,4320,28672,1.0546875,0.15066964285714285,f22b3cd3ba7c93b32d75ed40dd497e3080348c17511aa6d6dade09156498f73a
horizontal,paeth,col_serp,traversal,16,3,1.0978806426769196,1.0,2048,2048,6384,28672,1.55859375,0.22265625,d588fe25c9d435171e9b704e021fc1830b6b34fbf0d0c9efb7f8027a63d601e5
horizontal,paeth,col_serp,traversal,32,3,1.0978806426769196,1.0,2048,2048,6384,28672,1.55859375,0.22265625,d588fe25c9d435171e9b704e021fc1830b6b34fbf0d0c9efb7f8027a63d601e5
horizontal,paeth,col_serp,traversal,64,3,1.0978806426769196,1.0,2048,2048,6384,28672,1.55859375,0.22265625,d588fe25c9d435171e9b704e021fc1830b6b34fbf0d0c9efb7f8027a63d601e5
horizontal,paeth,col_serp,traversal,128,3,1.0978806426769196,1.0,2048,2048,6384,28672,1.55859375,0.22265625,d588fe25c9d435171e9b704e021fc1830b6b34fbf0d0c9efb7f8027a63d601e5
horizontal,paeth,col_serp,traversal,256,3,1.0978806426769196,1.0,2048,2048,6384,28672,1.55859375,0.22265625,d588fe25c9d435171e9b704e021fc1830b6b34fbf0d0c9efb7f8027a63d601e5
horizontal,paeth,col_serp,horizontal,16,2,0.11318518353792166,1.0,2048,2048,4320,28672,1.0546875,0.15066964285714285,f5717fcc47142aec039e2d2ed198307d71c7c62e6e626f769bb854175f026bfb
horizontal,paeth,col_serp,horizontal,32,2,0.11318518353792166,1.0,2048,2048,4320,28672,1.0546875,0.15066964285714285,f5717fcc47142aec039e2d2ed198307d71c7c62e6e626f769bb854175f026bfb
horizontal,paeth,col_serp,horizontal,64,2,0.11318518353792166,1.0,2048,2048,4320,28672,1.0546875,0.15066964285714285,f5717fcc47142aec039e2d2ed198307d71c7c62e6e626f769bb854175f026bfb
horizontal,paeth,col_serp,horizontal,128,2,0.11318518353792166,1.0,2048,2048,4320,28672,1.0546875,0.15066964285714285,f5717fcc47142aec039e2d2ed198307d71c7c62e6e626f769bb854175f026bfb
horizontal,paeth,col_serp,horizontal,256,2,0.11318518353792166,1.0,2048,2048,4320,28672,1.0546875,0.15066964285714285,f5717fcc47142aec039e2d2ed198307d71c7c62e6e626f769bb854175f026bfb
horizontal,paeth,col_serp,vertical,16,3,1.0978806426769196,1.0,2048,2048,6384,28672,1.55859375,0.22265625,3e8579e38112ed5dbf2d359f47af88ed594813d2bf12e2d33598805565cfbb10
horizontal,paeth,col_serp,vertical,32,3,1.0978806426769196,1.0,2048,2048,6384,28672,1.55859375,0.22265625,3e8579e38112ed5dbf2d359f47af88ed594813d2bf12e2d33598805565cfbb10
horizontal,paeth,col_serp,vertical,64,3,1.0978806426769196,1.0,2048,2048,6384,28672,1.55859375,0.22265625,3e8579e38112ed5dbf2d359f47af88ed594813d2bf12e2d33598805565cfbb10
horizontal,paeth,col_serp,vertical,128,3,1.0978806426769196,1.0,2048,2048,6384,28672,1.55859375,0.22265625,3e8579e38112ed5dbf2d359f47af88ed594813d2bf12e2d33598805565cfbb10
horizontal,paeth,col_serp,vertical,256,3,1.0978806426769196,1.0,2048,2048,6384,28672,1.55859375,0.22265625,3e8579e38112ed5dbf2d359f47af88ed594813d2bf12e2d33598805565cfbb10
vertical,left,row,traversal,16,2,0.19819757331021473,1.0,2048,2048,4320,28672,1.0546875,0.15066964285714285,a3020ca776c227c479444d381da73ec0717da39d5756a139cb73720e2ffe9ef3
vertical,left,row,traversal,32,2,0.19819757331021473,1.0,2048,2048,4320,28672,1.0546875,0.15066964285714285,a3020ca776c227c479444d381da73ec0717da39d5756a139cb73720e2ffe9ef3
vertical,left,row,traversal,64,2,0.19819757331021473,1.0,2048,2048,4320,28672,1.0546875,0.15066964285714285,a3020ca776c227c479444d381da73ec0717da39d5756a139cb73720e2ffe9ef3
vertical,left,row,traversal,128,2,0.19819757331021473,1.0,2048,2048,4320,28672,1.0546875,0.15066964285714285,a3020ca776c227c479444d381da73ec0717da39d5756a139cb73720e2ffe9ef3
vertical,left,row,traversal,256,2,0.19819757331021473,1.0,2048,2048,4320,28672,1.0546875,0.15066964285714285,a3020ca776c227c479444d381da73ec0717da39d5756a139cb73720e2ffe9ef3
vertical,left,row,horizontal,16,2,0.19819757331021473,1.0,2048,2048,4320,28672,1.0546875,0.15066964285714285,e8e05294e24d14a9192c042212d3ea832b927d77a8acbe652c3ae9393691202d
vertical,left,row,horizontal,32,2,0.19819757331021473,1.0,2048,2048,4320,28672,1.0546875,0.15066964285714285,e8e05294e24d14a9192c042212d3ea832b927d77a8acbe652c3ae9393691202d
vertical,left,row,horizontal,64,2,0.19819757331021473,1.0,2048,2048,4320,28672,1.0546875,0.15066964285714285,e8e05294e24d14a9192c042212d3ea832b927d77a8acbe652c3ae9393691202d
vertical,left,row,horizontal,128,2,0.19819757331021473,1.0,2048,2048,4320,28672,1.0546875,0.15066964285714285,e8e05294e24d14a9192c042212d3ea832b927d77a8acbe652c3ae9393691202d
vertical,left,row,horizontal,256,2,0.19819757331021473,1.0,2048,2048,4320,28672,1.0546875,0.15066964285714285,e8e05294e24d14a9192c042212d3ea832b927d77a8acbe652c3ae9393691202d
vertical,left,row,vertical,16,3,0.11924979912215589,1.0,2048,2048,6384,28672,1.55859375,0.22265625,6368c986c03711e5f0887f7c2d9d83accd5cc01241e6a09bb6c750b9dd834397
vertical,left,row,vertical,32,3,0.11924979912215589,1.0,2048,2048,6384,28672,1.55859375,0.22265625,6368c986c03711e5f0887f7c2d9d83accd5cc01241e6a09bb6c750b9dd834397
vertical,left,row,vertical,64,3,0.11924979912215589,1.0,2048,2048,6384,28672,1.55859375,0.22265625,6368c986c03711e5f0887f7c2d9d83accd5cc01241e6a09bb6c750b9dd834397
vertical,left,row,vertical,128,3,0.11924979912215589,1.0,2048,2048,6384,28672,1.55859375,0.22265625,6368c986c03711e5f0887f7c2d9d83accd5cc01241e6a09bb6c750b9dd834397
vertical,left,row,vertical,256,3,0.11924979912215589,1.0,2048,2048,6384,28672,1.55859375,0.22265625,6368c986c03711e5f0887f7c2d9d83accd5cc01241e6a09bb6c750b9dd834397
vertical,left,serp,traversal,16,2,0.19819757331021473,1.0,2048,2048,4320,28672,1.0546875,0.15066964285714285,e0c69f29c0c72b669e8e1baed34739ff20445eacad3bc26eaec6e680d3c1212c
vertical,left,serp,traversal,32,2,0.19819757331021473,1.0,2048,2048,4320,28672,1.0546875,0.15066964285714285,e0c69f29c0c72b669e8e1baed34739ff20445eacad3bc26eaec6e680d3c1212c
vertical,left,serp,traversal,64,2,0.19819757331021473,1.0,2048,2048,4320,28672,1.0546875,0.15066964285714285,e0c69f29c0c72b669e8e1baed34739ff20445eacad3bc26eaec6e680d3c1212c
vertical,left,serp,traversal,128,2,0.19819757331021473,1.0,2048,2048,4320,28672,1.0546875,0.15066964285714285,e0c69f29c0c72b669e8e1baed34739ff20445eacad3bc26eaec6e680d3c1212c
vertical,left,serp,traversal,256,2,0.19819757331021473,1.0,2048,2048,4320,28672,1.0546875,0.15066964285714285,e0c69f29c0c72b669e8e1baed34739ff20445eacad3bc26eaec6e680d3c1212c
vertical,left,serp,horizontal,16,3,0.22895370102432686,1.0,2048,2048,6384,28672,1.55859375,0.22265625,6a60940e82f610869c03967a42879681a546aa6777d2e9867ed6f90b9352fc88
vertical,left,serp,horizontal,32,3,0.22895370102432686,1.0,2048,2048,6384,28672,1.55859375,0.22265625,6a60940e82f610869c03967a42879681a546aa6777d2e9867ed6f90b9352fc88
vertical,left,serp,horizontal,64,3,0.22895370102432686,1.0,2048,2048,6384,28672,1.55859375,0.22265625,6a60940e82f610869c03967a42879681a546aa6777d2e9867ed6f90b9352fc88
vertical,left,serp,horizontal,128,3,0.22895370102432686,1.0,2048,2048,6384,28672,1.55859375,0.22265625,6a60940e82f610869c03967a42879681a546aa6777d2e9867ed6f90b9352fc88
vertical,left,serp,horizontal,256,3,0.22895370102432686,1.0,2048,2048,6384,28672,1.55859375,0.22265625,6a60940e82f610869c03967a42879681a546aa6777d2e9867ed6f90b9352fc88
vertical,left,serp,vertical,16,3,0.22895370102432686,1.0,2048,2048,6384,28672,1.55859375,0.22265625,afa74a040b1fc09af2cec84d66e02f360879cd35321c6332efa93ba377d51409
vertical,left,serp,vertical,32,3,0.22895370102432686,1.0,2048,2048,6384,28672,1.55859375,0.22265625,afa74a040b1fc09af2cec84d66e02f360879cd35321c6332efa93ba377d51409
vertical,left,serp,vertical,64,3,0.22895370102432686,1.0,2048,2048,6384,28672,1.55859375,0.22265625,afa74a040b1fc09af2cec84d66e02f360879cd35321c6332efa93ba377d51409
vertical,left,serp,vertical,128,3,0.22895370102432686,1.0,2048,2048,6384,28672,1.55859375,0.22265625,afa74a040b1fc09af2cec84d66e02f360879cd35321c6332efa93ba377d51409
vertical,left,serp,vertical,256,3,0.22895370102432686,1.0,2048,2048,6384,28672,1.55859375,0.22265625,afa74a040b1fc09af2cec84d66e02f360879cd35321c6332efa93ba377d51409
vertical,left,col,traversal,16,3,0.11924979912215589,1.0,2048,2048,6384,28672,1.55859375,0.22265625,7541f7bb0afe6e6ac7a14a7302f5cb1a62affc01e5a99d50d77ea9d334eb05fd
vertical,left,col,traversal,32,3,0.11924979912215589,1.0,2048,2048,6384,28672,1.55859375,0.22265625,7541f7bb0afe6e6ac7a14a7302f5cb1a62affc01e5a99d50d77ea9d334eb05fd
vertical,left,col,traversal,64,3,0.11924979912215589,1.0,2048,2048,6384,28672,1.55859375,0.22265625,7541f7bb0afe6e6ac7a14a7302f5cb1a62affc01e5a99d50d77ea9d334eb05fd
vertical,left,col,traversal,128,3,0.11924979912215589,1.0,2048,2048,6384,28672,1.55859375,0.22265625,7541f7bb0afe6e6ac7a14a7302f5cb1a62affc01e5a99d50d77ea9d334eb05fd
vertical,left,col,traversal,256,3,0.11924979912215589,1.0,2048,2048,6384,28672,1.55859375,0.22265625,7541f7bb0afe6e6ac7a14a7302f5cb1a62affc01e5a99d50d77ea9d334eb05fd
vertical,left,col,horizontal,16,2,0.19819757331021473,1.0,2048,2048,4320,28672,1.0546875,0.15066964285714285,0b4a86e5ca222f50c4051f72a01607e44900cf382171fc966120f70dfd8315b5
vertical,left,col,horizontal,32,2,0.19819757331021473,1.0,2048,2048,4320,28672,1.0546875,0.15066964285714285,0b4a86e5ca222f50c4051f72a01607e44900cf382171fc966120f70dfd8315b5
vertical,left,col,horizontal,64,2,0.19819757331021473,1.0,2048,2048,4320,28672,1.0546875,0.15066964285714285,0b4a86e5ca222f50c4051f72a01607e44900cf382171fc966120f70dfd8315b5
vertical,left,col,horizontal,128,2,0.19819757331021473,1.0,2048,2048,4320,28672,1.0546875,0.15066964285714285,0b4a86e5ca222f50c4051f72a01607e44900cf382171fc966120f70dfd8315b5
vertical,left,col,horizontal,256,2,0.19819757331021473,1.0,2048,2048,4320,28672,1.0546875,0.15066964285714285,0b4a86e5ca222f50c4051f72a01607e44900cf382171fc966120f70dfd8315b5
vertical,left,col,vertical,16,3,0.11924979912215589,1.0,2048,2048,6384,28672,1.55859375,0.22265625,06b5e0659d676aaddef1043cf6da5a9c2b97bc05e83016671eaf31c4e3084a8d
vertical,left,col,vertical,32,3,0.11924979912215589,1.0,2048,2048,6384,28672,1.55859375,0.22265625,06b5e0659d676aaddef1043cf6da5a9c2b97bc05e83016671eaf31c4e3084a8d
vertical,left,col,vertical,64,3,0.11924979912215589,1.0,2048,2048,6384,28672,1.55859375,0.22265625,06b5e0659d676aaddef1043cf6da5a9c2b97bc05e83016671eaf31c4e3084a8d
vertical,left,col,vertical,128,3,0.11924979912215589,1.0,2048,2048,6384,28672,1.55859375,0.22265625,06b5e0659d676aaddef1043cf6da5a9c2b97bc05e83016671eaf31c4e3084a8d
vertical,left,col,vertical,256,3,0.11924979912215589,1.0,2048,2048,6384,28672,1.55859375,0.22265625,06b5e0659d676aaddef1043cf6da5a9c2b97bc05e83016671eaf31c4e3084a8d
vertical,left,col_serp,traversal,16,3,0.11924979912215589,1.0,2048,2048,6384,28672,1.55859375,0.22265625,12eedb54ef1aa98485a35316de19220c75a769db0c568496ecfe075be805ed31
vertical,left,col_serp,traversal,32,3,0.11924979912215589,1.0,2048,2048,6384,28672,1.55859375,0.22265625,12eedb54ef1aa98485a35316de19220c75a769db0c568496ecfe075be805ed31
vertical,left,col_serp,traversal,64,3,0.11924979912215589,1.0,2048,2048,6384,28672,1.55859375,0.22265625,12eedb54ef1aa98485a35316de19220c75a769db0c568496ecfe075be805ed31
vertical,left,col_serp,traversal,128,3,0.11924979912215589,1.0,2048,2048,6384,28672,1.55859375,0.22265625,12eedb54ef1aa98485a35316de19220c75a769db0c568496ecfe075be805ed31
vertical,left,col_serp,traversal,256,3,0.11924979912215589,1.0,2048,2048,6384,28672,1.55859375,0.22265625,12eedb54ef1aa98485a35316de19220c75a769db0c568496ecfe075be805ed31
vertical,left,col_serp,horizontal,16,2,0.19819757331021473,1.0,2048,2048,4320,28672,1.0546875,0.15066964285714285,9543cf0b06f6edf1a927ab2ecc13c7abca3b8ab64a48df70b5046d030f3debc0
vertical,left,col_serp,horizontal,32,2,0.19819757331021473,1.0,2048,2048,4320,28672,1.0546875,0.15066964285714285,9543cf0b06f6edf1a927ab2ecc13c7abca3b8ab64a48df70b5046d030f3debc0
vertical,left,col_serp,horizontal,64,2,0.19819757331021473,1.0,2048,2048,4320,28672,1.0546875,0.15066964285714285,9543cf0b06f6edf1a927ab2ecc13c7abca3b8ab64a48df70b5046d030f3debc0
vertical,left,col_serp,horizontal,128,2,0.19819757331021473,1.0,2048,2048,4320,28672,1.0546875,0.15066964285714285,9543cf0b06f6edf1a927ab2ecc13c7abca3b8ab64a48df70b5046d030f3debc0
vertical,left,col_serp,horizontal,256,2,0.19819757331021473,1.0,2048,2048,4320,28672,1.0546875,0.15066964285714285,9543cf0b06f6edf1a927ab2ecc13c7abca3b8ab64a48df70b5046d030f3debc0
vertical,left,col_serp,vertical,16,3,0.11924979912215589,1.0,2048,2048,6384,28672,1.55859375,0.22265625,01d1489e5f4e9da3c83544805c04326074aadd64e801ebf5e712422a1836412f
vertical,left,col_serp,vertical,32,3,0.11924979912215589,1.0,2048,2048,6384,28672,1.55859375,0.22265625,01d1489e5f4e9da3c83544805c04326074aadd64e801ebf5e712422a1836412f
vertical,left,col_serp,vertical,64,3,0.11924979912215589,1.0,2048,2048,6384,28672,1.55859375,0.22265625,01d1489e5f4e9da3c83544805c04326074aadd64e801ebf5e712422a1836412f
vertical,left,col_serp,vertical,128,3,0.11924979912215589,1.0,2048,2048,6384,28672,1.55859375,0.22265625,01d1489e5f4e9da3c83544805c04326074aadd64e801ebf5e712422a1836412f
vertical,left,col_serp,vertical,256,3,0.11924979912215589,1.0,2048,2048,6384,28672,1.55859375,0.22265625,01d1489e5f4e9da3c83544805c04326074aadd64e801ebf5e712422a1836412f
vertical,up,row,traversal,16,2,0.11611507530476972,1.0,2048,2048,4320,28672,1.0546875,0.15066964285714285,bcd69ccc2e57ec7577b210b7c27a9e8c3c7d41a5b573958bdd8edd14d18841b0
vertical,up,row,traversal,32,2,0.11611507530476972,1.0,2048,2048,4320,28672,1.0546875,0.15066964285714285,bcd69ccc2e57ec7577b210b7c27a9e8c3c7d41a5b573958bdd8edd14d18841b0
vertical,up,row,traversal,64,2,0.11611507530476972,1.0,2048,2048,4320,28672,1.0546875,0.15066964285714285,bcd69ccc2e57ec7577b210b7c27a9e8c3c7d41a5b573958bdd8edd14d18841b0
vertical,up,row,traversal,128,2,0.11611507530476972,1.0,2048,2048,4320,28672,1.0546875,0.15066964285714285,bcd69ccc2e57ec7577b210b7c27a9e8c3c7d41a5b573958bdd8edd14d18841b0
vertical,up,row,traversal,256,2,0.11611507530476972,1.0,2048,2048,4320,28672,1.0546875,0.15066964285714285,bcd69ccc2e57ec7577b210b7c27a9e8c3c7d41a5b573958bdd8edd14d18841b0
vertical,up,row,horizontal,16,2,0.11611507530476972,1.0,2048,2048,4320,28672,1.0546875,0.15066964285714285,d4dc3d40748630ccfbd67a01b0f0e923fdff6063b4a227d4653745031ef6dd67
vertical,up,row,horizontal,32,2,0.11611507530476972,1.0,2048,2048,4320,28672,1.0546875,0.15066964285714285,d4dc3d40748630ccfbd67a01b0f0e923fdff6063b4a227d4653745031ef6dd67
vertical,up,row,horizontal,64,2,0.11611507530476972,1.0,2048,2048,4320,28672,1.0546875,0.15066964285714285,d4dc3d40748630ccfbd67a01b0f0e923fdff6063b4a227d4653745031ef6dd67
vertical,up,row,horizontal,128,2,0.11611507530476972,1.0,2048,2048,4320,28672,1.0546875,0.15066964285714285,d4dc3d40748630ccfbd67a01b0f0e923fdff6063b4a227d4653745031ef6dd67
vertical,up,row,horizontal,256,2,0.11611507530476972,1.0,2048,2048,4320,28672,1.0546875,0.15066964285714285,d4dc3d40748630ccfbd67a01b0f0e923fdff6063b4a227d4653745031ef6dd67
vertical,up,row,vertical,16,2,0.20062232431271465,1.0,2048,2048,4320,28672,1.0546875,0.15066964285714285,7bc8b2cd4eea5651585182269270efb70bb5f4fd3d540f044a27b5c234448431
vertical,up,row,vertical,32,2,0.20062232431271465,1.0,2048,2048,4320,28672,1.0546875,0.15066964285714285,7bc8b2cd4eea5651585182269270efb70bb5f4fd3d540f044a27b5c234448431
vertical,up,row,vertical,64,2,0.20062232431271465,1.0,2048,2048,4320,28672,1.0546875,0.15066964285714285,7bc8b2cd4eea5651585182269270efb70bb5f4fd3d540f044a27b5c234448431
vertical,up,row,vertical,128,2,0.20062232431271465,1.0,2048,2048,4320,28672,1.0546875,0.15066964285714285,7bc8b2cd4eea5651585182269270efb70bb5f4fd3d540f044a27b5c234448431
vertical,up,row,vertical,256,2,0.20062232431271465,1.0,2048,2048,4320,28672,1.0546875,0.15066964285714285,7bc8b2cd4eea5651585182269270efb70bb5f4fd3d540f044a27b5c234448431
vertical,up,serp,traversal,16,2,0.11611507530476972,1.0,2048,2048,4320,28672,1.0546875,0.15066964285714285,b75b127f987e9e7fbd636bec04feba17478e10b355e3878922faccdb985df514
vertical,up,serp,traversal,32,2,0.11611507530476972,1.0,2048,2048,4320,28672,1.0546875,0.15066964285714285,b75b127f987e9e7fbd636bec04feba17478e10b355e3878922faccdb985df514
vertical,up,serp,traversal,64,2,0.11611507530476972,1.0,2048,2048,4320,28672,1.0546875,0.15066964285714285,b75b127f987e9e7fbd636bec04feba17478e10b355e3878922faccdb985df514
vertical,up,serp,traversal,128,2,0.11611507530476972,1.0,2048,2048,4320,28672,1.0546875,0.15066964285714285,b75b127f987e9e7fbd636bec04feba17478e10b355e3878922faccdb985df514
vertical,up,serp,traversal,256,2,0.11611507530476972,1.0,2048,2048,4320,28672,1.0546875,0.15066964285714285,b75b127f987e9e7fbd636bec04feba17478e10b355e3878922faccdb985df514
vertical,up,serp,horizontal,16,2,0.11611507530476972,1.0,2048,2048,4320,28672,1.0546875,0.15066964285714285,95dd0d6afa0146153c3334c3b6dbdbfa0d6a84d20a951796967e031812dd9720
vertical,up,serp,horizontal,32,2,0.11611507530476972,1.0,2048,2048,4320,28672,1.0546875,0.15066964285714285,95dd0d6afa0146153c3334c3b6dbdbfa0d6a84d20a951796967e031812dd9720
vertical,up,serp,horizontal,64,2,0.11611507530476972,1.0,2048,2048,4320,28672,1.0546875,0.15066964285714285,95dd0d6afa0146153c3334c3b6dbdbfa0d6a84d20a951796967e031812dd9720
vertical,up,serp,horizontal,128,2,0.11611507530476972,1.0,2048,2048,4320,28672,1.0546875,0.15066964285714285,95dd0d6afa0146153c3334c3b6dbdbfa0d6a84d20a951796967e031812dd9720
vertical,up,serp,horizontal,256,2,0.11611507530476972,1.0,2048,2048,4320,28672,1.0546875,0.15066964285714285,95dd0d6afa0146153c3334c3b6dbdbfa0d6a84d20a951796967e031812dd9720
vertical,up,serp,vertical,16,2,0.20062232431271465,1.0,2048,2048,4320,28672,1.0546875,0.15066964285714285,623e073ce495701947543b3d177dcffc9e684e3c8d1983f548cbfa018c2fa508
vertical,up,serp,vertical,32,2,0.20062232431271465,1.0,2048,2048,4320,28672,1.0546875,0.15066964285714285,623e073ce495701947543b3d177dcffc9e684e3c8d1983f548cbfa018c2fa508
vertical,up,serp,vertical,64,2,0.20062232431271465,1.0,2048,2048,4320,28672,1.0546875,0.15066964285714285,623e073ce495701947543b3d177dcffc9e684e3c8d1983f548cbfa018c2fa508
vertical,up,serp,vertical,128,2,0.20062232431271465,1.0,2048,2048,4320,28672,1.0546875,0.15066964285714285,623e073ce495701947543b3d177dcffc9e684e3c8d1983f548cbfa018c2fa508
vertical,up,serp,vertical,256,2,0.20062232431271465,1.0,2048,2048,4320,28672,1.0546875,0.15066964285714285,623e073ce495701947543b3d177dcffc9e684e3c8d1983f548cbfa018c2fa508
vertical,up,col,traversal,16,3,0.2042509204159887,1.0,2048,2048,6384,28672,1.55859375,0.22265625,a4a6fba2abbaaf545fc3f84b909645e0378fb1430f9f88503a2ba9b7730d4aaf
vertical,up,col,traversal,32,3,0.2042509204159887,1.0,2048,2048,6384,28672,1.55859375,0.22265625,a4a6fba2abbaaf545fc3f84b909645e0378fb1430f9f88503a2ba9b7730d4aaf
vertical,up,col,traversal,64,3,0.2042509204159887,1.0,2048,2048,6384,28672,1.55859375,0.22265625,a4a6fba2abbaaf545fc3f84b909645e0378fb1430f9f88503a2ba9b7730d4aaf
vertical,up,col,traversal,128,3,0.2042509204159887,1.0,2048,2048,6384,28672,1.55859375,0.22265625,a4a6fba2abbaaf545fc3f84b909645e0378fb1430f9f88503a2ba9b7730d4aaf
vertical,up,col,traversal,256,3,0.2042509204159887,1.0,2048,2048,6384,28672,1.55859375,0.22265625,a4a6fba2abbaaf545fc3f84b909645e0378fb1430f9f88503a2ba9b7730d4aaf
vertical,up,col,horizontal,16,3,0.11924979912215589,1.0,2048,2048,6384,28672,1.55859375,0.22265625,0656e1bd393c5c4855ee65a09dd082c2af5788ec197e98bd69275c9e8d332261
vertical,up,col,horizontal,32,3,0.11924979912215589,1.0,2048,2048,6384,28672,1.55859375,0.22265625,0656e1bd393c5c4855ee65a09dd082c2af5788ec197e98bd69275c9e8d332261
vertical,up,col,horizontal,64,3,0.11924979912215589,1.0,2048,2048,6384,28672,1.55859375,0.22265625,0656e1bd393c5c4855ee65a09dd082c2af5788ec197e98bd69275c9e8d332261
vertical,up,col,horizontal,128,3,0.11924979912215589,1.0,2048,2048,6384,28672,1.55859375,0.22265625,0656e1bd393c5c4855ee65a09dd082c2af5788ec197e98bd69275c9e8d332261
vertical,up,col,horizontal,256,3,0.11924979912215589,1.0,2048,2048,6384,28672,1.55859375,0.22265625,0656e1bd393c5c4855ee65a09dd082c2af5788ec197e98bd69275c9e8d332261
vertical,up,col,vertical,16,3,0.2042509204159887,1.0,2048,2048,6384,28672,1.55859375,0.22265625,7e51329bc88d7dd86d8fb197cfb639f96480b5c82366cb5dc16299756ee47538
vertical,up,col,vertical,32,3,0.2042509204159887,1.0,2048,2048,6384,28672,1.55859375,0.22265625,7e51329bc88d7dd86d8fb197cfb639f96480b5c82366cb5dc16299756ee47538
vertical,up,col,vertical,64,3,0.2042509204159887,1.0,2048,2048,6384,28672,1.55859375,0.22265625,7e51329bc88d7dd86d8fb197cfb639f96480b5c82366cb5dc16299756ee47538
vertical,up,col,vertical,128,3,0.2042509204159887,1.0,2048,2048,6384,28672,1.55859375,0.22265625,7e51329bc88d7dd86d8fb197cfb639f96480b5c82366cb5dc16299756ee47538
vertical,up,col,vertical,256,3,0.2042509204159887,1.0,2048,2048,6384,28672,1.55859375,0.22265625,7e51329bc88d7dd86d8fb197cfb639f96480b5c82366cb5dc16299756ee47538
vertical,up,col_serp,traversal,16,4,1.2006223243127148,1.0,2048,2048,6400,28672,1.5625,0.22321428571428573,cc2e4532e17a92e72853b3b77973e90f011fa33801f8e5b60bfc6041635c6c13
vertical,up,col_serp,traversal,32,4,1.2006223243127148,1.0,2048,2048,6400,28672,1.5625,0.22321428571428573,cc2e4532e17a92e72853b3b77973e90f011fa33801f8e5b60bfc6041635c6c13
vertical,up,col_serp,traversal,64,4,1.2006223243127148,1.0,2048,2048,6400,28672,1.5625,0.22321428571428573,cc2e4532e17a92e72853b3b77973e90f011fa33801f8e5b60bfc6041635c6c13
vertical,up,col_serp,traversal,128,4,1.2006223243127148,1.0,2048,2048,6400,28672,1.5625,0.22321428571428573,cc2e4532e17a92e72853b3b77973e90f011fa33801f8e5b60bfc6041635c6c13
vertical,up,col_serp,traversal,256,4,1.2006223243127148,1.0,2048,2048,6400,28672,1.5625,0.22321428571428573,cc2e4532e17a92e72853b3b77973e90f011fa33801f8e5b60bfc6041635c6c13
vertical,up,col_serp,horizontal,16,3,0.23187232431271465,1.0,2048,2048,6384,28672,1.55859375,0.22265625,d474043fdae828c6c4b03dfb262d4cc87800ae16653109dc6c658d201fb9c06b
vertical,up,col_serp,horizontal,32,3,0.23187232431271465,1.0,2048,2048,6384,28672,1.55859375,0.22265625,d474043fdae828c6c4b03dfb262d4cc87800ae16653109dc6c658d201fb9c06b
vertical,up,col_serp,horizontal,64,3,0.23187232431271465,1.0,2048,2048,6384,28672,1.55859375,0.22265625,d474043fdae828c6c4b03dfb262d4cc87800ae16653109dc6c658d201fb9c06b
vertical,up,col_serp,horizontal,128,3,0.23187232431271465,1.0,2048,2048,6384,28672,1.55859375,0.22265625,d474043fdae828c6c4b03dfb262d4cc87800ae16653109dc6c658d201fb9c06b
vertical,up,col_serp,horizontal,256,3,0.23187232431271465,1.0,2048,2048,6384,28672,1.55859375,0.22265625,d474043fdae828c6c4b03dfb262d4cc87800ae16653109dc6c658d201fb9c06b
vertical,up,col_serp,vertical,16,4,1.2006223243127148,1.0,2048,2048,6400,28672,1.5625,0.22321428571428573,75b7f1c7f63bd29eca0f289606fc81b5e5dfd78d61b93fae4b7e8f248dd255d5
vertical,up,col_serp,vertical,32,4,1.2006223243127148,1.0,2048,2048,6400,28672,1.5625,0.22321428571428573,75b7f1c7f63bd29eca0f289606fc81b5e5dfd78d61b93fae4b7e8f248dd255d5
vertical,up,col_serp,vertical,64,4,1.2006223243127148,1.0,2048,2048,6400,28672,1.5625,0.22321428571428573,75b7f1c7f63bd29eca0f289606fc81b5e5dfd78d61b93fae4b7e8f248dd255d5
vertical,up,col_serp,vertical,128,4,1.2006223243127148,1.0,2048,2048,6400,28672,1.5625,0.22321428571428573,75b7f1c7f63bd29eca0f289606fc81b5e5dfd78d61b93fae4b7e8f248dd255d5
vertical,up,col_serp,vertical,256,4,1.2006223243127148,1.0,2048,2048,6400,28672,1.5625,0.22321428571428573,75b7f1c7f63bd29eca0f289606fc81b5e5dfd78d61b93fae4b7e8f248dd255d5
vertical,previous,row,traversal,16,2,0.19819757331021473,1.0,2048,2048,4320,28672,1.0546875,0.15066964285714285,1306af9d8ffd3cdced9b4d016ab983437be155a4a3d58c3ab78c780a64d056e0
vertical,previous,row,traversal,32,2,0.19819757331021473,1.0,2048,2048,4320,28672,1.0546875,0.15066964285714285,1306af9d8ffd3cdced9b4d016ab983437be155a4a3d58c3ab78c780a64d056e0
vertical,previous,row,traversal,64,2,0.19819757331021473,1.0,2048,2048,4320,28672,1.0546875,0.15066964285714285,1306af9d8ffd3cdced9b4d016ab983437be155a4a3d58c3ab78c780a64d056e0
vertical,previous,row,traversal,128,2,0.19819757331021473,1.0,2048,2048,4320,28672,1.0546875,0.15066964285714285,1306af9d8ffd3cdced9b4d016ab983437be155a4a3d58c3ab78c780a64d056e0
vertical,previous,row,traversal,256,2,0.19819757331021473,1.0,2048,2048,4320,28672,1.0546875,0.15066964285714285,1306af9d8ffd3cdced9b4d016ab983437be155a4a3d58c3ab78c780a64d056e0
vertical,previous,row,horizontal,16,2,0.19819757331021473,1.0,2048,2048,4320,28672,1.0546875,0.15066964285714285,b847fa6367f7b4e74fa09cc7e723c6200d9f3986081eaafd4a791ff7c743e335
vertical,previous,row,horizontal,32,2,0.19819757331021473,1.0,2048,2048,4320,28672,1.0546875,0.15066964285714285,b847fa6367f7b4e74fa09cc7e723c6200d9f3986081eaafd4a791ff7c743e335
vertical,previous,row,horizontal,64,2,0.19819757331021473,1.0,2048,2048,4320,28672,1.0546875,0.15066964285714285,b847fa6367f7b4e74fa09cc7e723c6200d9f3986081eaafd4a791ff7c743e335
vertical,previous,row,horizontal,128,2,0.19819757331021473,1.0,2048,2048,4320,28672,1.0546875,0.15066964285714285,b847fa6367f7b4e74fa09cc7e723c6200d9f3986081eaafd4a791ff7c743e335
vertical,previous,row,horizontal,256,2,0.19819757331021473,1.0,2048,2048,4320,28672,1.0546875,0.15066964285714285,b847fa6367f7b4e74fa09cc7e723c6200d9f3986081eaafd4a791ff7c743e335
vertical,previous,row,vertical,16,3,0.11924979912215589,1.0,2048,2048,6384,28672,1.55859375,0.22265625,3159c753a072fcbee897d72f3915aea3c3b986431fd69339cbdc11d52b726b18
vertical,previous,row,vertical,32,3,0.11924979912215589,1.0,2048,2048,6384,28672,1.55859375,0.22265625,3159c753a072fcbee897d72f3915aea3c3b986431fd69339cbdc11d52b726b18
vertical,previous,row,vertical,64,3,0.11924979912215589,1.0,2048,2048,6384,28672,1.55859375,0.22265625,3159c753a072fcbee897d72f3915aea3c3b986431fd69339cbdc11d52b726b18
vertical,previous,row,vertical,128,3,0.11924979912215589,1.0,2048,2048,6384,28672,1.55859375,0.22265625,3159c753a072fcbee897d72f3915aea3c3b986431fd69339cbdc11d52b726b18
vertical,previous,row,vertical,256,3,0.11924979912215589,1.0,2048,2048,6384,28672,1.55859375,0.22265625,3159c753a072fcbee897d72f3915aea3c3b986431fd69339cbdc11d52b726b18
vertical,previous,serp,traversal,16,2,0.19819757331021473,1.0,2048,2048,4320,28672,1.0546875,0.15066964285714285,f868fff78c8663ae8a9c213573b7140d587f4e7166b518701c4dcc6427bba177
vertical,previous,serp,traversal,32,2,0.19819757331021473,1.0,2048,2048,4320,28672,1.0546875,0.15066964285714285,f868fff78c8663ae8a9c213573b7140d587f4e7166b518701c4dcc6427bba177
vertical,previous,serp,traversal,64,2,0.19819757331021473,1.0,2048,2048,4320,28672,1.0546875,0.15066964285714285,f868fff78c8663ae8a9c213573b7140d587f4e7166b518701c4dcc6427bba177
vertical,previous,serp,traversal,128,2,0.19819757331021473,1.0,2048,2048,4320,28672,1.0546875,0.15066964285714285,f868fff78c8663ae8a9c213573b7140d587f4e7166b518701c4dcc6427bba177
vertical,previous,serp,traversal,256,2,0.19819757331021473,1.0,2048,2048,4320,28672,1.0546875,0.15066964285714285,f868fff78c8663ae8a9c213573b7140d587f4e7166b518701c4dcc6427bba177
vertical,previous,serp,horizontal,16,3,0.22895370102432686,1.0,2048,2048,6384,28672,1.55859375,0.22265625,ebc55decdac1776f9892c129e18f1c11436a49e8f3cb7f2f4dbd1bdfefdc4b69
vertical,previous,serp,horizontal,32,3,0.22895370102432686,1.0,2048,2048,6384,28672,1.55859375,0.22265625,ebc55decdac1776f9892c129e18f1c11436a49e8f3cb7f2f4dbd1bdfefdc4b69
vertical,previous,serp,horizontal,64,3,0.22895370102432686,1.0,2048,2048,6384,28672,1.55859375,0.22265625,ebc55decdac1776f9892c129e18f1c11436a49e8f3cb7f2f4dbd1bdfefdc4b69
vertical,previous,serp,horizontal,128,3,0.22895370102432686,1.0,2048,2048,6384,28672,1.55859375,0.22265625,ebc55decdac1776f9892c129e18f1c11436a49e8f3cb7f2f4dbd1bdfefdc4b69
vertical,previous,serp,horizontal,256,3,0.22895370102432686,1.0,2048,2048,6384,28672,1.55859375,0.22265625,ebc55decdac1776f9892c129e18f1c11436a49e8f3cb7f2f4dbd1bdfefdc4b69
vertical,previous,serp,vertical,16,3,0.22895370102432686,1.0,2048,2048,6384,28672,1.55859375,0.22265625,03983689ae8dbbfb7a5fa73592721a6bfb1dcced096dbb01d5e53a2e52f05179
vertical,previous,serp,vertical,32,3,0.22895370102432686,1.0,2048,2048,6384,28672,1.55859375,0.22265625,03983689ae8dbbfb7a5fa73592721a6bfb1dcced096dbb01d5e53a2e52f05179
vertical,previous,serp,vertical,64,3,0.22895370102432686,1.0,2048,2048,6384,28672,1.55859375,0.22265625,03983689ae8dbbfb7a5fa73592721a6bfb1dcced096dbb01d5e53a2e52f05179
vertical,previous,serp,vertical,128,3,0.22895370102432686,1.0,2048,2048,6384,28672,1.55859375,0.22265625,03983689ae8dbbfb7a5fa73592721a6bfb1dcced096dbb01d5e53a2e52f05179
vertical,previous,serp,vertical,256,3,0.22895370102432686,1.0,2048,2048,6384,28672,1.55859375,0.22265625,03983689ae8dbbfb7a5fa73592721a6bfb1dcced096dbb01d5e53a2e52f05179
vertical,previous,col,traversal,16,3,0.2042509204159887,1.0,2048,2048,6384,28672,1.55859375,0.22265625,76532de38d26765f9d8cea9b63b6243f19c5b182e6c104f3d756c0207f9788b3
vertical,previous,col,traversal,32,3,0.2042509204159887,1.0,2048,2048,6384,28672,1.55859375,0.22265625,76532de38d26765f9d8cea9b63b6243f19c5b182e6c104f3d756c0207f9788b3
vertical,previous,col,traversal,64,3,0.2042509204159887,1.0,2048,2048,6384,28672,1.55859375,0.22265625,76532de38d26765f9d8cea9b63b6243f19c5b182e6c104f3d756c0207f9788b3
vertical,previous,col,traversal,128,3,0.2042509204159887,1.0,2048,2048,6384,28672,1.55859375,0.22265625,76532de38d26765f9d8cea9b63b6243f19c5b182e6c104f3d756c0207f9788b3
vertical,previous,col,traversal,256,3,0.2042509204159887,1.0,2048,2048,6384,28672,1.55859375,0.22265625,76532de38d26765f9d8cea9b63b6243f19c5b182e6c104f3d756c0207f9788b3
vertical,previous,col,horizontal,16,3,0.11924979912215589,1.0,2048,2048,6384,28672,1.55859375,0.22265625,b6a137954273773191621ce1589272485e6f2f1e3e6ca0b6afab94210868b280
vertical,previous,col,horizontal,32,3,0.11924979912215589,1.0,2048,2048,6384,28672,1.55859375,0.22265625,b6a137954273773191621ce1589272485e6f2f1e3e6ca0b6afab94210868b280
vertical,previous,col,horizontal,64,3,0.11924979912215589,1.0,2048,2048,6384,28672,1.55859375,0.22265625,b6a137954273773191621ce1589272485e6f2f1e3e6ca0b6afab94210868b280
vertical,previous,col,horizontal,128,3,0.11924979912215589,1.0,2048,2048,6384,28672,1.55859375,0.22265625,b6a137954273773191621ce1589272485e6f2f1e3e6ca0b6afab94210868b280
vertical,previous,col,horizontal,256,3,0.11924979912215589,1.0,2048,2048,6384,28672,1.55859375,0.22265625,b6a137954273773191621ce1589272485e6f2f1e3e6ca0b6afab94210868b280
vertical,previous,col,vertical,16,3,0.2042509204159887,1.0,2048,2048,6384,28672,1.55859375,0.22265625,819c37afb37995b777289e1e16bfd126c57e74021082684a820896b8e1c84315
vertical,previous,col,vertical,32,3,0.2042509204159887,1.0,2048,2048,6384,28672,1.55859375,0.22265625,819c37afb37995b777289e1e16bfd126c57e74021082684a820896b8e1c84315
vertical,previous,col,vertical,64,3,0.2042509204159887,1.0,2048,2048,6384,28672,1.55859375,0.22265625,819c37afb37995b777289e1e16bfd126c57e74021082684a820896b8e1c84315
vertical,previous,col,vertical,128,3,0.2042509204159887,1.0,2048,2048,6384,28672,1.55859375,0.22265625,819c37afb37995b777289e1e16bfd126c57e74021082684a820896b8e1c84315
vertical,previous,col,vertical,256,3,0.2042509204159887,1.0,2048,2048,6384,28672,1.55859375,0.22265625,819c37afb37995b777289e1e16bfd126c57e74021082684a820896b8e1c84315
vertical,previous,col_serp,traversal,16,4,1.2006223243127148,1.0,2048,2048,6400,28672,1.5625,0.22321428571428573,5c2cbc6679eab884d55d62cc3e8c40396dede28aedc813c5237b23e61d07aeba
vertical,previous,col_serp,traversal,32,4,1.2006223243127148,1.0,2048,2048,6400,28672,1.5625,0.22321428571428573,5c2cbc6679eab884d55d62cc3e8c40396dede28aedc813c5237b23e61d07aeba
vertical,previous,col_serp,traversal,64,4,1.2006223243127148,1.0,2048,2048,6400,28672,1.5625,0.22321428571428573,5c2cbc6679eab884d55d62cc3e8c40396dede28aedc813c5237b23e61d07aeba
vertical,previous,col_serp,traversal,128,4,1.2006223243127148,1.0,2048,2048,6400,28672,1.5625,0.22321428571428573,5c2cbc6679eab884d55d62cc3e8c40396dede28aedc813c5237b23e61d07aeba
vertical,previous,col_serp,traversal,256,4,1.2006223243127148,1.0,2048,2048,6400,28672,1.5625,0.22321428571428573,5c2cbc6679eab884d55d62cc3e8c40396dede28aedc813c5237b23e61d07aeba
vertical,previous,col_serp,horizontal,16,3,0.23187232431271465,1.0,2048,2048,6384,28672,1.55859375,0.22265625,5f14f3f86106caa035299d2084e61acfe273834d63d93c1c5f7793519b7ec2e0
vertical,previous,col_serp,horizontal,32,3,0.23187232431271465,1.0,2048,2048,6384,28672,1.55859375,0.22265625,5f14f3f86106caa035299d2084e61acfe273834d63d93c1c5f7793519b7ec2e0
vertical,previous,col_serp,horizontal,64,3,0.23187232431271465,1.0,2048,2048,6384,28672,1.55859375,0.22265625,5f14f3f86106caa035299d2084e61acfe273834d63d93c1c5f7793519b7ec2e0
vertical,previous,col_serp,horizontal,128,3,0.23187232431271465,1.0,2048,2048,6384,28672,1.55859375,0.22265625,5f14f3f86106caa035299d2084e61acfe273834d63d93c1c5f7793519b7ec2e0
vertical,previous,col_serp,horizontal,256,3,0.23187232431271465,1.0,2048,2048,6384,28672,1.55859375,0.22265625,5f14f3f86106caa035299d2084e61acfe273834d63d93c1c5f7793519b7ec2e0
vertical,previous,col_serp,vertical,16,4,1.2006223243127148,1.0,2048,2048,6400,28672,1.5625,0.22321428571428573,2fd31b1476df0ccea0c013e770c581165866c85e24b0599636ae737edfac8c09
vertical,previous,col_serp,vertical,32,4,1.2006223243127148,1.0,2048,2048,6400,28672,1.5625,0.22321428571428573,2fd31b1476df0ccea0c013e770c581165866c85e24b0599636ae737edfac8c09
vertical,previous,col_serp,vertical,64,4,1.2006223243127148,1.0,2048,2048,6400,28672,1.5625,0.22321428571428573,2fd31b1476df0ccea0c013e770c581165866c85e24b0599636ae737edfac8c09
vertical,previous,col_serp,vertical,128,4,1.2006223243127148,1.0,2048,2048,6400,28672,1.5625,0.22321428571428573,2fd31b1476df0ccea0c013e770c581165866c85e24b0599636ae737edfac8c09
vertical,previous,col_serp,vertical,256,4,1.2006223243127148,1.0,2048,2048,6400,28672,1.5625,0.22321428571428573,2fd31b1476df0ccea0c013e770c581165866c85e24b0599636ae737edfac8c09
vertical,avg,row,traversal,16,2,0.11611507530476972,1.0,2048,2048,4320,28672,1.0546875,0.15066964285714285,62f5ade2fc11d913721358a91a80de898207612d5bef7b5afa0537a30a504bcd
vertical,avg,row,traversal,32,2,0.11611507530476972,1.0,2048,2048,4320,28672,1.0546875,0.15066964285714285,62f5ade2fc11d913721358a91a80de898207612d5bef7b5afa0537a30a504bcd
vertical,avg,row,traversal,64,2,0.11611507530476972,1.0,2048,2048,4320,28672,1.0546875,0.15066964285714285,62f5ade2fc11d913721358a91a80de898207612d5bef7b5afa0537a30a504bcd
vertical,avg,row,traversal,128,2,0.11611507530476972,1.0,2048,2048,4320,28672,1.0546875,0.15066964285714285,62f5ade2fc11d913721358a91a80de898207612d5bef7b5afa0537a30a504bcd
vertical,avg,row,traversal,256,2,0.11611507530476972,1.0,2048,2048,4320,28672,1.0546875,0.15066964285714285,62f5ade2fc11d913721358a91a80de898207612d5bef7b5afa0537a30a504bcd
vertical,avg,row,horizontal,16,2,0.11611507530476972,1.0,2048,2048,4320,28672,1.0546875,0.15066964285714285,9bf9a60245a7f1b2dc25013a4a160ce4c2ac69cf59602c6b5da1e49630db2ef4
vertical,avg,row,horizontal,32,2,0.11611507530476972,1.0,2048,2048,4320,28672,1.0546875,0.15066964285714285,9bf9a60245a7f1b2dc25013a4a160ce4c2ac69cf59602c6b5da1e49630db2ef4
vertical,avg,row,horizontal,64,2,0.11611507530476972,1.0,2048,2048,4320,28672,1.0546875,0.15066964285714285,9bf9a60245a7f1b2dc25013a4a160ce4c2ac69cf59602c6b5da1e49630db2ef4
vertical,avg,row,horizontal,128,2,0.11611507530476972,1.0,2048,2048,4320,28672,1.0546875,0.15066964285714285,9bf9a60245a7f1b2dc25013a4a160ce4c2ac69cf59602c6b5da1e49630db2ef4
vertical,avg,row,horizontal,256,2,0.11611507530476972,1.0,2048,2048,4320,28672,1.0546875,0.15066964285714285,9bf9a60245a7f1b2dc25013a4a160ce4c2ac69cf59602c6b5da1e49630db2ef4
vertical,avg,row,vertical,16,2,0.20062232431271465,1.0,2048,2048,4320,28672,1.0546875,0.15066964285714285,a60137f5c768dfb9de56fd7c01f3c16744d8059897e4f2e0dbd81963dfff7e9c
vertical,avg,row,vertical,32,2,0.20062232431271465,1.0,2048,2048,4320,28672,1.0546875,0.15066964285714285,a60137f5c768dfb9de56fd7c01f3c16744d8059897e4f2e0dbd81963dfff7e9c
vertical,avg,row,vertical,64,2,0.20062232431271465,1.0,2048,2048,4320,28672,1.0546875,0.15066964285714285,a60137f5c768dfb9de56fd7c01f3c16744d8059897e4f2e0dbd81963dfff7e9c
vertical,avg,row,vertical,128,2,0.20062232431271465,1.0,2048,2048,4320,28672,1.0546875,0.15066964285714285,a60137f5c768dfb9de56fd7c01f3c16744d8059897e4f2e0dbd81963dfff7e9c
vertical,avg,row,vertical,256,2,0.20062232431271465,1.0,2048,2048,4320,28672,1.0546875,0.15066964285714285,a60137f5c768dfb9de56fd7c01f3c16744d8059897e4f2e0dbd81963dfff7e9c
vertical,avg,serp,traversal,16,2,0.11611507530476972,1.0,2048,2048,4320,28672,1.0546875,0.15066964285714285,d8bed6c3a889205dd6f9fc60f80b038efe1db2f7640a6948b3bf6b2e3f810eb1
vertical,avg,serp,traversal,32,2,0.11611507530476972,1.0,2048,2048,4320,28672,1.0546875,0.15066964285714285,d8bed6c3a889205dd6f9fc60f80b038efe1db2f7640a6948b3bf6b2e3f810eb1
vertical,avg,serp,traversal,64,2,0.11611507530476972,1.0,2048,2048,4320,28672,1.0546875,0.15066964285714285,d8bed6c3a889205dd6f9fc60f80b038efe1db2f7640a6948b3bf6b2e3f810eb1
vertical,avg,serp,traversal,128,2,0.11611507530476972,1.0,2048,2048,4320,28672,1.0546875,0.15066964285714285,d8bed6c3a889205dd6f9fc60f80b038efe1db2f7640a6948b3bf6b2e3f810eb1
vertical,avg,serp,traversal,256,2,0.11611507530476972,1.0,2048,2048,4320,28672,1.0546875,0.15066964285714285,d8bed6c3a889205dd6f9fc60f80b038efe1db2f7640a6948b3bf6b2e3f810eb1
vertical,avg,serp,horizontal,16,2,0.11611507530476972,1.0,2048,2048,4320,28672,1.0546875,0.15066964285714285,75e084d20504ce5ae7ede1f4fbfe37b7ded7ccb67ff60fcaefcb4e1bd2f74d77
vertical,avg,serp,horizontal,32,2,0.11611507530476972,1.0,2048,2048,4320,28672,1.0546875,0.15066964285714285,75e084d20504ce5ae7ede1f4fbfe37b7ded7ccb67ff60fcaefcb4e1bd2f74d77
vertical,avg,serp,horizontal,64,2,0.11611507530476972,1.0,2048,2048,4320,28672,1.0546875,0.15066964285714285,75e084d20504ce5ae7ede1f4fbfe37b7ded7ccb67ff60fcaefcb4e1bd2f74d77
vertical,avg,serp,horizontal,128,2,0.11611507530476972,1.0,2048,2048,4320,28672,1.0546875,0.15066964285714285,75e084d20504ce5ae7ede1f4fbfe37b7ded7ccb67ff60fcaefcb4e1bd2f74d77
vertical,avg,serp,horizontal,256,2,0.11611507530476972,1.0,2048,2048,4320,28672,1.0546875,0.15066964285714285,75e084d20504ce5ae7ede1f4fbfe37b7ded7ccb67ff60fcaefcb4e1bd2f74d77
vertical,avg,serp,vertical,16,2,0.20062232431271465,1.0,2048,2048,4320,28672,1.0546875,0.15066964285714285,63b1289a271673dccca385c3a1042d56b7a9e9ae8689566316ae3c9f82dc6aea
vertical,avg,serp,vertical,32,2,0.20062232431271465,1.0,2048,2048,4320,28672,1.0546875,0.15066964285714285,63b1289a271673dccca385c3a1042d56b7a9e9ae8689566316ae3c9f82dc6aea
vertical,avg,serp,vertical,64,2,0.20062232431271465,1.0,2048,2048,4320,28672,1.0546875,0.15066964285714285,63b1289a271673dccca385c3a1042d56b7a9e9ae8689566316ae3c9f82dc6aea
vertical,avg,serp,vertical,128,2,0.20062232431271465,1.0,2048,2048,4320,28672,1.0546875,0.15066964285714285,63b1289a271673dccca385c3a1042d56b7a9e9ae8689566316ae3c9f82dc6aea
vertical,avg,serp,vertical,256,2,0.20062232431271465,1.0,2048,2048,4320,28672,1.0546875,0.15066964285714285,63b1289a271673dccca385c3a1042d56b7a9e9ae8689566316ae3c9f82dc6aea
vertical,avg,col,traversal,16,2,0.20062232431271465,1.0,2048,2048,4320,28672,1.0546875,0.15066964285714285,031c98dc8e7228a3c0c5b57368ec0b49329d775874e1b68a911e8781d88109f3
vertical,avg,col,traversal,32,2,0.20062232431271465,1.0,2048,2048,4320,28672,1.0546875,0.15066964285714285,031c98dc8e7228a3c0c5b57368ec0b49329d775874e1b68a911e8781d88109f3
vertical,avg,col,traversal,64,2,0.20062232431271465,1.0,2048,2048,4320,28672,1.0546875,0.15066964285714285,031c98dc8e7228a3c0c5b57368ec0b49329d775874e1b68a911e8781d88109f3
vertical,avg,col,traversal,128,2,0.20062232431271465,1.0,2048,2048,4320,28672,1.0546875,0.15066964285714285,031c98dc8e7228a3c0c5b57368ec0b49329d775874e1b68a911e8781d88109f3
vertical,avg,col,traversal,256,2,0.20062232431271465,1.0,2048,2048,4320,28672,1.0546875,0.15066964285714285,031c98dc8e7228a3c0c5b57368ec0b49329d775874e1b68a911e8781d88109f3
vertical,avg,col,horizontal,16,2,0.11611507530476972,1.0,2048,2048,4320,28672,1.0546875,0.15066964285714285,8a55758d4929fe92b33bbbc6933feb29258fbc5ee006cbcae21e1c349a19ee3a
vertical,avg,col,horizontal,32,2,0.11611507530476972,1.0,2048,2048,4320,28672,1.0546875,0.15066964285714285,8a55758d4929fe92b33bbbc6933feb29258fbc5ee006cbcae21e1c349a19ee3a
vertical,avg,col,horizontal,64,2,0.11611507530476972,1.0,2048,2048,4320,28672,1.0546875,0.15066964285714285,8a55758d4929fe92b33bbbc6933feb29258fbc5ee006cbcae21e1c349a19ee3a
vertical,avg,col,horizontal,128,2,0.11611507530476972,1.0,2048,2048,4320,28672,1.0546875,0.15066964285714285,8a55758d4929fe92b33bbbc6933feb29258fbc5ee006cbcae21e1c349a19ee3a
vertical,avg,col,horizontal,256,2,0.11611507530476972,1.0,2048,2048,4320,28672,1.0546875,0.15066964285714285,8a55758d4929fe92b33bbbc6933feb29258fbc5ee006cbcae21e1c349a19ee3a
vertical,avg,col,vertical,16,2,0.20062232431271465,1.0,2048,2048,4320,28672,1.0546875,0.15066964285714285,997b8f59a3f93e954dc5756255e3fa76ab97d5d287934e05304a1cab906f18e1
vertical,avg,col,vertical,32,2,0.20062232431271465,1.0,2048,2048,4320,28672,1.0546875,0.15066964285714285,997b8f59a3f93e954dc5756255e3fa76ab97d5d287934e05304a1cab906f18e1
vertical,avg,col,vertical,64,2,0.20062232431271465,1.0,2048,2048,4320,28672,1.0546875,0.15066964285714285,997b8f59a3f93e954dc5756255e3fa76ab97d5d287934e05304a1cab906f18e1
vertical,avg,col,vertical,128,2,0.20062232431271465,1.0,2048,2048,4320,28672,1.0546875,0.15066964285714285,997b8f59a3f93e954dc5756255e3fa76ab97d5d287934e05304a1cab906f18e1
vertical,avg,col,vertical,256,2,0.20062232431271465,1.0,2048,2048,4320,28672,1.0546875,0.15066964285714285,997b8f59a3f93e954dc5756255e3fa76ab97d5d287934e05304a1cab906f18e1
vertical,avg,col_serp,traversal,16,3,1.1003111621563573,1.0,2048,2048,6384,28672,1.55859375,0.22265625,27291320c3879ae7943014a4a4091b071ba965100c80dff6fac74d50e93181d9
vertical,avg,col_serp,traversal,32,3,1.1003111621563573,1.0,2048,2048,6384,28672,1.55859375,0.22265625,27291320c3879ae7943014a4a4091b071ba965100c80dff6fac74d50e93181d9
vertical,avg,col_serp,traversal,64,3,1.1003111621563573,1.0,2048,2048,6384,28672,1.55859375,0.22265625,27291320c3879ae7943014a4a4091b071ba965100c80dff6fac74d50e93181d9
vertical,avg,col_serp,traversal,128,3,1.1003111621563573,1.0,2048,2048,6384,28672,1.55859375,0.22265625,27291320c3879ae7943014a4a4091b071ba965100c80dff6fac74d50e93181d9
vertical,avg,col_serp,traversal,256,3,1.1003111621563573,1.0,2048,2048,6384,28672,1.55859375,0.22265625,27291320c3879ae7943014a4a4091b071ba965100c80dff6fac74d50e93181d9
vertical,avg,col_serp,horizontal,16,2,0.11611507530476972,1.0,2048,2048,4320,28672,1.0546875,0.15066964285714285,e5bc85cafeec0b5c2c1b83b3120f1e7452e0b61be63a8b164b875be9f0611170
vertical,avg,col_serp,horizontal,32,2,0.11611507530476972,1.0,2048,2048,4320,28672,1.0546875,0.15066964285714285,e5bc85cafeec0b5c2c1b83b3120f1e7452e0b61be63a8b164b875be9f0611170
vertical,avg,col_serp,horizontal,64,2,0.11611507530476972,1.0,2048,2048,4320,28672,1.0546875,0.15066964285714285,e5bc85cafeec0b5c2c1b83b3120f1e7452e0b61be63a8b164b875be9f0611170
vertical,avg,col_serp,horizontal,128,2,0.11611507530476972,1.0,2048,2048,4320,28672,1.0546875,0.15066964285714285,e5bc85cafeec0b5c2c1b83b3120f1e7452e0b61be63a8b164b875be9f0611170
vertical,avg,col_serp,horizontal,256,2,0.11611507530476972,1.0,2048,2048,4320,28672,1.0546875,0.15066964285714285,e5bc85cafeec0b5c2c1b83b3120f1e7452e0b61be63a8b164b875be9f0611170
vertical,avg,col_serp,vertical,16,3,1.1003111621563573,1.0,2048,2048,6384,28672,1.55859375,0.22265625,7aabe60b6b3220ada5cf1b4b5a2614b0d0c902cc67cca244153d9f3f73d433f6
vertical,avg,col_serp,vertical,32,3,1.1003111621563573,1.0,2048,2048,6384,28672,1.55859375,0.22265625,7aabe60b6b3220ada5cf1b4b5a2614b0d0c902cc67cca244153d9f3f73d433f6
vertical,avg,col_serp,vertical,64,3,1.1003111621563573,1.0,2048,2048,6384,28672,1.55859375,0.22265625,7aabe60b6b3220ada5cf1b4b5a2614b0d0c902cc67cca244153d9f3f73d433f6
vertical,avg,col_serp,vertical,128,3,1.1003111621563573,1.0,2048,2048,6384,28672,1.55859375,0.22265625,7aabe60b6b3220ada5cf1b4b5a2614b0d0c902cc67cca244153d9f3f73d433f6
vertical,avg,col_serp,vertical,256,3,1.1003111621563573,1.0,2048,2048,6384,28672,1.55859375,0.22265625,7aabe60b6b3220ada5cf1b4b5a2614b0d0c902cc67cca244153d9f3f73d433f6
vertical,paeth,row,traversal,16,2,0.19819757331021473,1.0,2048,2048,4320,28672,1.0546875,0.15066964285714285,bdf2ae44faa38de6a4b5301350774d340791fcbac05af2129dd3789c156e1629
vertical,paeth,row,traversal,32,2,0.19819757331021473,1.0,2048,2048,4320,28672,1.0546875,0.15066964285714285,bdf2ae44faa38de6a4b5301350774d340791fcbac05af2129dd3789c156e1629
vertical,paeth,row,traversal,64,2,0.19819757331021473,1.0,2048,2048,4320,28672,1.0546875,0.15066964285714285,bdf2ae44faa38de6a4b5301350774d340791fcbac05af2129dd3789c156e1629
vertical,paeth,row,traversal,128,2,0.19819757331021473,1.0,2048,2048,4320,28672,1.0546875,0.15066964285714285,bdf2ae44faa38de6a4b5301350774d340791fcbac05af2129dd3789c156e1629
vertical,paeth,row,traversal,256,2,0.19819757331021473,1.0,2048,2048,4320,28672,1.0546875,0.15066964285714285,bdf2ae44faa38de6a4b5301350774d340791fcbac05af2129dd3789c156e1629
vertical,paeth,row,horizontal,16,2,0.19819757331021473,1.0,2048,2048,4320,28672,1.0546875,0.15066964285714285,b1686ddcc225f55ada9068cd008fa8aec92b655f7774614d272f1c5e08ffa6f9
vertical,paeth,row,horizontal,32,2,0.19819757331021473,1.0,2048,2048,4320,28672,1.0546875,0.15066964285714285,b1686ddcc225f55ada9068cd008fa8aec92b655f7774614d272f1c5e08ffa6f9
vertical,paeth,row,horizontal,64,2,0.19819757331021473,1.0,2048,2048,4320,28672,1.0546875,0.15066964285714285,b1686ddcc225f55ada9068cd008fa8aec92b655f7774614d272f1c5e08ffa6f9
vertical,paeth,row,horizontal,128,2,0.19819757331021473,1.0,2048,2048,4320,28672,1.0546875,0.15066964285714285,b1686ddcc225f55ada9068cd008fa8aec92b655f7774614d272f1c5e08ffa6f9
vertical,paeth,row,horizontal,256,2,0.19819757331021473,1.0,2048,2048,4320,28672,1.0546875,0.15066964285714285,b1686ddcc225f55ada9068cd008fa8aec92b655f7774614d272f1c5e08ffa6f9
vertical,paeth,row,vertical,16,3,0.11924979912215589,1.0,2048,2048,6384,28672,1.55859375,0.22265625,03e8db3d7bb62fd749f00bd4a56fe122ca4bc3367bffee10a15382b91b1c28ed
vertical,paeth,row,vertical,32,3,0.11924979912215589,1.0,2048,2048,6384,28672,1.55859375,0.22265625,03e8db3d7bb62fd749f00bd4a56fe122ca4bc3367bffee10a15382b91b1c28ed
vertical,paeth,row,vertical,64,3,0.11924979912215589,1.0,2048,2048,6384,28672,1.55859375,0.22265625,03e8db3d7bb62fd749f00bd4a56fe122ca4bc3367bffee10a15382b91b1c28ed
vertical,paeth,row,vertical,128,3,0.11924979912215589,1.0,2048,2048,6384,28672,1.55859375,0.22265625,03e8db3d7bb62fd749f00bd4a56fe122ca4bc3367bffee10a15382b91b1c28ed
vertical,paeth,row,vertical,256,3,0.11924979912215589,1.0,2048,2048,6384,28672,1.55859375,0.22265625,03e8db3d7bb62fd749f00bd4a56fe122ca4bc3367bffee10a15382b91b1c28ed
vertical,paeth,serp,traversal,16,3,1.0978806426769196,1.0,2048,2048,6384,28672,1.55859375,0.22265625,e975eb2a5f7369cbbabd132defc3a79523278d120ef4bc10c5fb5e393aebdc35
vertical,paeth,serp,traversal,32,3,1.0978806426769196,1.0,2048,2048,6384,28672,1.55859375,0.22265625,e975eb2a5f7369cbbabd132defc3a79523278d120ef4bc10c5fb5e393aebdc35
vertical,paeth,serp,traversal,64,3,1.0978806426769196,1.0,2048,2048,6384,28672,1.55859375,0.22265625,e975eb2a5f7369cbbabd132defc3a79523278d120ef4bc10c5fb5e393aebdc35
vertical,paeth,serp,traversal,128,3,1.0978806426769196,1.0,2048,2048,6384,28672,1.55859375,0.22265625,e975eb2a5f7369cbbabd132defc3a79523278d120ef4bc10c5fb5e393aebdc35
vertical,paeth,serp,traversal,256,3,1.0978806426769196,1.0,2048,2048,6384,28672,1.55859375,0.22265625,e975eb2a5f7369cbbabd132defc3a79523278d120ef4bc10c5fb5e393aebdc35
vertical,paeth,serp,horizontal,16,3,1.0978806426769196,1.0,2048,2048,6384,28672,1.55859375,0.22265625,c30b6d312e16e5a237cbd4c5eb71d733b23576ae728ba3c07956f7d7dbcc3363
vertical,paeth,serp,horizontal,32,3,1.0978806426769196,1.0,2048,2048,6384,28672,1.55859375,0.22265625,c30b6d312e16e5a237cbd4c5eb71d733b23576ae728ba3c07956f7d7dbcc3363
vertical,paeth,serp,horizontal,64,3,1.0978806426769196,1.0,2048,2048,6384,28672,1.55859375,0.22265625,c30b6d312e16e5a237cbd4c5eb71d733b23576ae728ba3c07956f7d7dbcc3363
vertical,paeth,serp,horizontal,128,3,1.0978806426769196,1.0,2048,2048,6384,28672,1.55859375,0.22265625,c30b6d312e16e5a237cbd4c5eb71d733b23576ae728ba3c07956f7d7dbcc3363
vertical,paeth,serp,horizontal,256,3,1.0978806426769196,1.0,2048,2048,6384,28672,1.55859375,0.22265625,c30b6d312e16e5a237cbd4c5eb71d733b23576ae728ba3c07956f7d7dbcc3363
vertical,paeth,serp,vertical,16,2,0.11318518353792166,1.0,2048,2048,4320,28672,1.0546875,0.15066964285714285,e082951446ebbdd71ab8b31212e11ef101e0171b82d1727d4ff65e67a1052849
vertical,paeth,serp,vertical,32,2,0.11318518353792166,1.0,2048,2048,4320,28672,1.0546875,0.15066964285714285,e082951446ebbdd71ab8b31212e11ef101e0171b82d1727d4ff65e67a1052849
vertical,paeth,serp,vertical,64,2,0.11318518353792166,1.0,2048,2048,4320,28672,1.0546875,0.15066964285714285,e082951446ebbdd71ab8b31212e11ef101e0171b82d1727d4ff65e67a1052849
vertical,paeth,serp,vertical,128,2,0.11318518353792166,1.0,2048,2048,4320,28672,1.0546875,0.15066964285714285,e082951446ebbdd71ab8b31212e11ef101e0171b82d1727d4ff65e67a1052849
vertical,paeth,serp,vertical,256,2,0.11318518353792166,1.0,2048,2048,4320,28672,1.0546875,0.15066964285714285,e082951446ebbdd71ab8b31212e11ef101e0171b82d1727d4ff65e67a1052849
vertical,paeth,col,traversal,16,3,0.11924979912215589,1.0,2048,2048,6384,28672,1.55859375,0.22265625,a2cb66d56a388be74c987e9c3b8525f6a35d0bfe226a518fffa33b6911b9c217
vertical,paeth,col,traversal,32,3,0.11924979912215589,1.0,2048,2048,6384,28672,1.55859375,0.22265625,a2cb66d56a388be74c987e9c3b8525f6a35d0bfe226a518fffa33b6911b9c217
vertical,paeth,col,traversal,64,3,0.11924979912215589,1.0,2048,2048,6384,28672,1.55859375,0.22265625,a2cb66d56a388be74c987e9c3b8525f6a35d0bfe226a518fffa33b6911b9c217
vertical,paeth,col,traversal,128,3,0.11924979912215589,1.0,2048,2048,6384,28672,1.55859375,0.22265625,a2cb66d56a388be74c987e9c3b8525f6a35d0bfe226a518fffa33b6911b9c217
vertical,paeth,col,traversal,256,3,0.11924979912215589,1.0,2048,2048,6384,28672,1.55859375,0.22265625,a2cb66d56a388be74c987e9c3b8525f6a35d0bfe226a518fffa33b6911b9c217
vertical,paeth,col,horizontal,16,2,0.19819757331021473,1.0,2048,2048,4320,28672,1.0546875,0.15066964285714285,ed2e54fb0a92d36fd3864560231819279d257bdf6fdb2ab3df8596b0a4ca34b9
vertical,paeth,col,horizontal,32,2,0.19819757331021473,1.0,2048,2048,4320,28672,1.0546875,0.15066964285714285,ed2e54fb0a92d36fd3864560231819279d257bdf6fdb2ab3df8596b0a4ca34b9
vertical,paeth,col,horizontal,64,2,0.19819757331021473,1.0,2048,2048,4320,28672,1.0546875,0.15066964285714285,ed2e54fb0a92d36fd3864560231819279d257bdf6fdb2ab3df8596b0a4ca34b9
vertical,paeth,col,horizontal,128,2,0.19819757331021473,1.0,2048,2048,4320,28672,1.0546875,0.15066964285714285,ed2e54fb0a92d36fd3864560231819279d257bdf6fdb2ab3df8596b0a4ca34b9
vertical,paeth,col,horizontal,256,2,0.19819757331021473,1.0,2048,2048,4320,28672,1.0546875,0.15066964285714285,ed2e54fb0a92d36fd3864560231819279d257bdf6fdb2ab3df8596b0a4ca34b9
vertical,paeth,col,vertical,16,3,0.11924979912215589,1.0,2048,2048,6384,28672,1.55859375,0.22265625,7b428e7bf119469f0eb9c4723a6fc126b111160e85c8696e42ccfffb4c47a194
vertical,paeth,col,vertical,32,3,0.11924979912215589,1.0,2048,2048,6384,28672,1.55859375,0.22265625,7b428e7bf119469f0eb9c4723a6fc126b111160e85c8696e42ccfffb4c47a194
vertical,paeth,col,vertical,64,3,0.11924979912215589,1.0,2048,2048,6384,28672,1.55859375,0.22265625,7b428e7bf119469f0eb9c4723a6fc126b111160e85c8696e42ccfffb4c47a194
vertical,paeth,col,vertical,128,3,0.11924979912215589,1.0,2048,2048,6384,28672,1.55859375,0.22265625,7b428e7bf119469f0eb9c4723a6fc126b111160e85c8696e42ccfffb4c47a194
vertical,paeth,col,vertical,256,3,0.11924979912215589,1.0,2048,2048,6384,28672,1.55859375,0.22265625,7b428e7bf119469f0eb9c4723a6fc126b111160e85c8696e42ccfffb4c47a194
vertical,paeth,col_serp,traversal,16,3,0.11924979912215589,1.0,2048,2048,6384,28672,1.55859375,0.22265625,befa1282ab15d602c55a496f76b839f0bd60dee07a97daec9139f10f8e80b2f3
vertical,paeth,col_serp,traversal,32,3,0.11924979912215589,1.0,2048,2048,6384,28672,1.55859375,0.22265625,befa1282ab15d602c55a496f76b839f0bd60dee07a97daec9139f10f8e80b2f3
vertical,paeth,col_serp,traversal,64,3,0.11924979912215589,1.0,2048,2048,6384,28672,1.55859375,0.22265625,befa1282ab15d602c55a496f76b839f0bd60dee07a97daec9139f10f8e80b2f3
vertical,paeth,col_serp,traversal,128,3,0.11924979912215589,1.0,2048,2048,6384,28672,1.55859375,0.22265625,befa1282ab15d602c55a496f76b839f0bd60dee07a97daec9139f10f8e80b2f3
vertical,paeth,col_serp,traversal,256,3,0.11924979912215589,1.0,2048,2048,6384,28672,1.55859375,0.22265625,befa1282ab15d602c55a496f76b839f0bd60dee07a97daec9139f10f8e80b2f3
vertical,paeth,col_serp,horizontal,16,2,0.19819757331021473,1.0,2048,2048,4320,28672,1.0546875,0.15066964285714285,4f35d199b7c65610ff6dea1c49b4d5798d48681af8512db986ccb97967958ce0
vertical,paeth,col_serp,horizontal,32,2,0.19819757331021473,1.0,2048,2048,4320,28672,1.0546875,0.15066964285714285,4f35d199b7c65610ff6dea1c49b4d5798d48681af8512db986ccb97967958ce0
vertical,paeth,col_serp,horizontal,64,2,0.19819757331021473,1.0,2048,2048,4320,28672,1.0546875,0.15066964285714285,4f35d199b7c65610ff6dea1c49b4d5798d48681af8512db986ccb97967958ce0
vertical,paeth,col_serp,horizontal,128,2,0.19819757331021473,1.0,2048,2048,4320,28672,1.0546875,0.15066964285714285,4f35d199b7c65610ff6dea1c49b4d5798d48681af8512db986ccb97967958ce0
vertical,paeth,col_serp,horizontal,256,2,0.19819757331021473,1.0,2048,2048,4320,28672,1.0546875,0.15066964285714285,4f35d199b7c65610ff6dea1c49b4d5798d48681af8512db986ccb97967958ce0
vertical,paeth,col_serp,vertical,16,3,0.11924979912215589,1.0,2048,2048,6384,28672,1.55859375,0.22265625,53932e7cd35e5dd823e16e18b8b0d9412beaf43dee4f7eefc88be72a705132c2
vertical,paeth,col_serp,vertical,32,3,0.11924979912215589,1.0,2048,2048,6384,28672,1.55859375,0.22265625,53932e7cd35e5dd823e16e18b8b0d9412beaf43dee4f7eefc88be72a705132c2
vertical,paeth,col_serp,vertical,64,3,0.11924979912215589,1.0,2048,2048,6384,28672,1.55859375,0.22265625,53932e7cd35e5dd823e16e18b8b0d9412beaf43dee4f7eefc88be72a705132c2
vertical,paeth,col_serp,vertical,128,3,0.11924979912215589,1.0,2048,2048,6384,28672,1.55859375,0.22265625,53932e7cd35e5dd823e16e18b8b0d9412beaf43dee4f7eefc88be72a705132c2
vertical,paeth,col_serp,vertical,256,3,0.11924979912215589,1.0,2048,2048,6384,28672,1.55859375,0.22265625,53932e7cd35e5dd823e16e18b8b0d9412beaf43dee4f7eefc88be72a705132c2
plane,left,row,traversal,16,3,0.2042509204159887,1.0,2048,2048,6384,28672,1.55859375,0.22265625,fb18b20d2744633dfc3d92c0dc0a990a599ec33be0b5126317bb9c8262bf36bc
plane,left,row,traversal,32,3,0.2042509204159887,1.0,2048,2048,6384,28672,1.55859375,0.22265625,fb18b20d2744633dfc3d92c0dc0a990a599ec33be0b5126317bb9c8262bf36bc
plane,left,row,traversal,64,3,0.2042509204159887,1.0,2048,2048,6384,28672,1.55859375,0.22265625,fb18b20d2744633dfc3d92c0dc0a990a599ec33be0b5126317bb9c8262bf36bc
plane,left,row,traversal,128,3,0.2042509204159887,1.0,2048,2048,6384,28672,1.55859375,0.22265625,fb18b20d2744633dfc3d92c0dc0a990a599ec33be0b5126317bb9c8262bf36bc
plane,left,row,traversal,256,3,0.2042509204159887,1.0,2048,2048,6384,28672,1.55859375,0.22265625,fb18b20d2744633dfc3d92c0dc0a990a599ec33be0b5126317bb9c8262bf36bc
plane,left,row,horizontal,16,3,0.2042509204159887,1.0,2048,2048,6384,28672,1.55859375,0.22265625,2daaaa088e303a5c31f992b4347f52fbc49093787fcc38833ed9d3da53e7dc28
plane,left,row,horizontal,32,3,0.2042509204159887,1.0,2048,2048,6384,28672,1.55859375,0.22265625,2daaaa088e303a5c31f992b4347f52fbc49093787fcc38833ed9d3da53e7dc28
plane,left,row,horizontal,64,3,0.2042509204159887,1.0,2048,2048,6384,28672,1.55859375,0.22265625,2daaaa088e303a5c31f992b4347f52fbc49093787fcc38833ed9d3da53e7dc28
plane,left,row,horizontal,128,3,0.2042509204159887,1.0,2048,2048,6384,28672,1.55859375,0.22265625,2daaaa088e303a5c31f992b4347f52fbc49093787fcc38833ed9d3da53e7dc28
plane,left,row,horizontal,256,3,0.2042509204159887,1.0,2048,2048,6384,28672,1.55859375,0.22265625,2daaaa088e303a5c31f992b4347f52fbc49093787fcc38833ed9d3da53e7dc28
plane,left,row,vertical,16,3,0.11924979912215589,1.0,2048,2048,6384,28672,1.55859375,0.22265625,9a58401e98d4d9143479736d4aa07211c1f65ee2f1ac7b6a59360696eef86406
plane,left,row,vertical,32,3,0.11924979912215589,1.0,2048,2048,6384,28672,1.55859375,0.22265625,9a58401e98d4d9143479736d4aa07211c1f65ee2f1ac7b6a59360696eef86406
plane,left,row,vertical,64,3,0.11924979912215589,1.0,2048,2048,6384,28672,1.55859375,0.22265625,9a58401e98d4d9143479736d4aa07211c1f65ee2f1ac7b6a59360696eef86406
plane,left,row,vertical,128,3,0.11924979912215589,1.0,2048,2048,6384,28672,1.55859375,0.22265625,9a58401e98d4d9143479736d4aa07211c1f65ee2f1ac7b6a59360696eef86406
plane,left,row,vertical,256,3,0.11924979912215589,1.0,2048,2048,6384,28672,1.55859375,0.22265625,9a58401e98d4d9143479736d4aa07211c1f65ee2f1ac7b6a59360696eef86406
plane,left,serp,traversal,16,5,1.203757048130101,1.0,2048,2048,8464,28672,2.06640625,0.29520089285714285,4ad590db6c860c23ae940f29f2be03dfb58b568e271715eecf222a438bb3d12a
plane,left,serp,traversal,32,5,1.203757048130101,1.0,2048,2048,8464,28672,2.06640625,0.29520089285714285,4ad590db6c860c23ae940f29f2be03dfb58b568e271715eecf222a438bb3d12a
plane,left,serp,traversal,64,5,1.203757048130101,1.0,2048,2048,8464,28672,2.06640625,0.29520089285714285,4ad590db6c860c23ae940f29f2be03dfb58b568e271715eecf222a438bb3d12a
plane,left,serp,traversal,128,5,1.203757048130101,1.0,2048,2048,8464,28672,2.06640625,0.29520089285714285,4ad590db6c860c23ae940f29f2be03dfb58b568e271715eecf222a438bb3d12a
plane,left,serp,traversal,256,5,1.203757048130101,1.0,2048,2048,8464,28672,2.06640625,0.29520089285714285,4ad590db6c860c23ae940f29f2be03dfb58b568e271715eecf222a438bb3d12a
plane,left,serp,horizontal,16,5,1.203757048130101,1.0,2048,2048,8464,28672,2.06640625,0.29520089285714285,e56e9de43f8fe7fb8bfcb025349df8763878fb70797d5c58cceb61f4ec79cbe4
plane,left,serp,horizontal,32,5,1.203757048130101,1.0,2048,2048,8464,28672,2.06640625,0.29520089285714285,e56e9de43f8fe7fb8bfcb025349df8763878fb70797d5c58cceb61f4ec79cbe4
plane,left,serp,horizontal,64,5,1.203757048130101,1.0,2048,2048,8464,28672,2.06640625,0.29520089285714285,e56e9de43f8fe7fb8bfcb025349df8763878fb70797d5c58cceb61f4ec79cbe4
plane,left,serp,horizontal,128,5,1.203757048130101,1.0,2048,2048,8464,28672,2.06640625,0.29520089285714285,e56e9de43f8fe7fb8bfcb025349df8763878fb70797d5c58cceb61f4ec79cbe4
plane,left,serp,horizontal,256,5,1.203757048130101,1.0,2048,2048,8464,28672,2.06640625,0.29520089285714285,e56e9de43f8fe7fb8bfcb025349df8763878fb70797d5c58cceb61f4ec79cbe4
plane,left,serp,vertical,16,4,0.23500704813010082,1.0,2048,2048,6400,28672,1.5625,0.22321428571428573,f86acc038840a505c1e81e97f96976a12a55cd21a184d3e8c68f4f8e68f81e70
plane,left,serp,vertical,32,4,0.23500704813010082,1.0,2048,2048,6400,28672,1.5625,0.22321428571428573,f86acc038840a505c1e81e97f96976a12a55cd21a184d3e8c68f4f8e68f81e70
plane,left,serp,vertical,64,4,0.23500704813010082,1.0,2048,2048,6400,28672,1.5625,0.22321428571428573,f86acc038840a505c1e81e97f96976a12a55cd21a184d3e8c68f4f8e68f81e70
plane,left,serp,vertical,128,4,0.23500704813010082,1.0,2048,2048,6400,28672,1.5625,0.22321428571428573,f86acc038840a505c1e81e97f96976a12a55cd21a184d3e8c68f4f8e68f81e70
plane,left,serp,vertical,256,4,0.23500704813010082,1.0,2048,2048,6400,28672,1.5625,0.22321428571428573,f86acc038840a505c1e81e97f96976a12a55cd21a184d3e8c68f4f8e68f81e70
plane,left,col,traversal,16,3,0.11924979912215589,1.0,2048,2048,6384,28672,1.55859375,0.22265625,28c3e4c20abd5a2c4a474ff1b5d3697ec08ca9107550d9a9b22bfe83b4dcec19
plane,left,col,traversal,32,3,0.11924979912215589,1.0,2048,2048,6384,28672,1.55859375,0.22265625,28c3e4c20abd5a2c4a474ff1b5d3697ec08ca9107550d9a9b22bfe83b4dcec19
plane,left,col,traversal,64,3,0.11924979912215589,1.0,2048,2048,6384,28672,1.55859375,0.22265625,28c3e4c20abd5a2c4a474ff1b5d3697ec08ca9107550d9a9b22bfe83b4dcec19
plane,left,col,traversal,128,3,0.11924979912215589,1.0,2048,2048,6384,28672,1.55859375,0.22265625,28c3e4c20abd5a2c4a474ff1b5d3697ec08ca9107550d9a9b22bfe83b4dcec19
plane,left,col,traversal,256,3,0.11924979912215589,1.0,2048,2048,6384,28672,1.55859375,0.22265625,28c3e4c20abd5a2c4a474ff1b5d3697ec08ca9107550d9a9b22bfe83b4dcec19
plane,left,col,horizontal,16,3,0.2042509204159887,1.0,2048,2048,6384,28672,1.55859375,0.22265625,95af7e1adca7f154a9a9bc51e24f08f54bfe8b5724b537182e12a8491ce0400d
plane,left,col,horizontal,32,3,0.2042509204159887,1.0,2048,2048,6384,28672,1.55859375,0.22265625,95af7e1adca7f154a9a9bc51e24f08f54bfe8b5724b537182e12a8491ce0400d
plane,left,col,horizontal,64,3,0.2042509204159887,1.0,2048,2048,6384,28672,1.55859375,0.22265625,95af7e1adca7f154a9a9bc51e24f08f54bfe8b5724b537182e12a8491ce0400d
plane,left,col,horizontal,128,3,0.2042509204159887,1.0,2048,2048,6384,28672,1.55859375,0.22265625,95af7e1adca7f154a9a9bc51e24f08f54bfe8b5724b537182e12a8491ce0400d
plane,left,col,horizontal,256,3,0.2042509204159887,1.0,2048,2048,6384,28672,1.55859375,0.22265625,95af7e1adca7f154a9a9bc51e24f08f54bfe8b5724b537182e12a8491ce0400d
plane,left,col,vertical,16,3,0.11924979912215589,1.0,2048,2048,6384,28672,1.55859375,0.22265625,e0072c271fd92c0af60bfca3eaeec0a602913eb63c539909e7fbfa6a19fccafc
plane,left,col,vertical,32,3,0.11924979912215589,1.0,2048,2048,6384,28672,1.55859375,0.22265625,e0072c271fd92c0af60bfca3eaeec0a602913eb63c539909e7fbfa6a19fccafc
plane,left,col,vertical,64,3,0.11924979912215589,1.0,2048,2048,6384,28672,1.55859375,0.22265625,e0072c271fd92c0af60bfca3eaeec0a602913eb63c539909e7fbfa6a19fccafc
plane,left,col,vertical,128,3,0.11924979912215589,1.0,2048,2048,6384,28672,1.55859375,0.22265625,e0072c271fd92c0af60bfca3eaeec0a602913eb63c539909e7fbfa6a19fccafc
plane,left,col,vertical,256,3,0.11924979912215589,1.0,2048,2048,6384,28672,1.55859375,0.22265625,e0072c271fd92c0af60bfca3eaeec0a602913eb63c539909e7fbfa6a19fccafc
plane,left,col_serp,traversal,16,3,0.11924979912215589,1.0,2048,2048,6384,28672,1.55859375,0.22265625,b5c8076d1e6efd902c93706069d62fe9cafe445e52587c1ed0e91b3dd70daa3e
plane,left,col_serp,traversal,32,3,0.11924979912215589,1.0,2048,2048,6384,28672,1.55859375,0.22265625,b5c8076d1e6efd902c93706069d62fe9cafe445e52587c1ed0e91b3dd70daa3e
plane,left,col_serp,traversal,64,3,0.11924979912215589,1.0,2048,2048,6384,28672,1.55859375,0.22265625,b5c8076d1e6efd902c93706069d62fe9cafe445e52587c1ed0e91b3dd70daa3e
plane,left,col_serp,traversal,128,3,0.11924979912215589,1.0,2048,2048,6384,28672,1.55859375,0.22265625,b5c8076d1e6efd902c93706069d62fe9cafe445e52587c1ed0e91b3dd70daa3e
plane,left,col_serp,traversal,256,3,0.11924979912215589,1.0,2048,2048,6384,28672,1.55859375,0.22265625,b5c8076d1e6efd902c93706069d62fe9cafe445e52587c1ed0e91b3dd70daa3e
plane,left,col_serp,horizontal,16,3,0.2042509204159887,1.0,2048,2048,6384,28672,1.55859375,0.22265625,7170fbb2d92d6dca99b79f8b3554261399d4c587d6b05a111c9d1f4ea17cb561
plane,left,col_serp,horizontal,32,3,0.2042509204159887,1.0,2048,2048,6384,28672,1.55859375,0.22265625,7170fbb2d92d6dca99b79f8b3554261399d4c587d6b05a111c9d1f4ea17cb561
plane,left,col_serp,horizontal,64,3,0.2042509204159887,1.0,2048,2048,6384,28672,1.55859375,0.22265625,7170fbb2d92d6dca99b79f8b3554261399d4c587d6b05a111c9d1f4ea17cb561
plane,left,col_serp,horizontal,128,3,0.2042509204159887,1.0,2048,2048,6384,28672,1.55859375,0.22265625,7170fbb2d92d6dca99b79f8b3554261399d4c587d6b05a111c9d1f4ea17cb561
plane,left,col_serp,horizontal,256,3,0.2042509204159887,1.0,2048,2048,6384,28672,1.55859375,0.22265625,7170fbb2d92d6dca99b79f8b3554261399d4c587d6b05a111c9d1f4ea17cb561
plane,left,col_serp,vertical,16,3,0.11924979912215589,1.0,2048,2048,6384,28672,1.55859375,0.22265625,e56b89158d104c6f14a932968a66b2b8e01d69c3dd34d5e4e72a614d93123336
plane,left,col_serp,vertical,32,3,0.11924979912215589,1.0,2048,2048,6384,28672,1.55859375,0.22265625,e56b89158d104c6f14a932968a66b2b8e01d69c3dd34d5e4e72a614d93123336
plane,left,col_serp,vertical,64,3,0.11924979912215589,1.0,2048,2048,6384,28672,1.55859375,0.22265625,e56b89158d104c6f14a932968a66b2b8e01d69c3dd34d5e4e72a614d93123336
plane,left,col_serp,vertical,128,3,0.11924979912215589,1.0,2048,2048,6384,28672,1.55859375,0.22265625,e56b89158d104c6f14a932968a66b2b8e01d69c3dd34d5e4e72a614d93123336
plane,left,col_serp,vertical,256,3,0.11924979912215589,1.0,2048,2048,6384,28672,1.55859375,0.22265625,e56b89158d104c6f14a932968a66b2b8e01d69c3dd34d5e4e72a614d93123336
plane,up,row,traversal,16,3,0.11924979912215589,1.0,2048,2048,6384,28672,1.55859375,0.22265625,f8277f1159ab1d713d20b7bb26c035249f38916ba06dbfdf6a7463f9342c250e
plane,up,row,traversal,32,3,0.11924979912215589,1.0,2048,2048,6384,28672,1.55859375,0.22265625,f8277f1159ab1d713d20b7bb26c035249f38916ba06dbfdf6a7463f9342c250e
plane,up,row,traversal,64,3,0.11924979912215589,1.0,2048,2048,6384,28672,1.55859375,0.22265625,f8277f1159ab1d713d20b7bb26c035249f38916ba06dbfdf6a7463f9342c250e
plane,up,row,traversal,128,3,0.11924979912215589,1.0,2048,2048,6384,28672,1.55859375,0.22265625,f8277f1159ab1d713d20b7bb26c035249f38916ba06dbfdf6a7463f9342c250e
plane,up,row,traversal,256,3,0.11924979912215589,1.0,2048,2048,6384,28672,1.55859375,0.22265625,f8277f1159ab1d713d20b7bb26c035249f38916ba06dbfdf6a7463f9342c250e
plane,up,row,horizontal,16,3,0.11924979912215589,1.0,2048,2048,6384,28672,1.55859375,0.22265625,933bdeb51e9e7e5499b7e14f17100ed8b727b705c08a696b204d62bf27710b6f
plane,up,row,horizontal,32,3,0.11924979912215589,1.0,2048,2048,6384,28672,1.55859375,0.22265625,933bdeb51e9e7e5499b7e14f17100ed8b727b705c08a696b204d62bf27710b6f
plane,up,row,horizontal,64,3,0.11924979912215589,1.0,2048,2048,6384,28672,1.55859375,0.22265625,933bdeb51e9e7e5499b7e14f17100ed8b727b705c08a696b204d62bf27710b6f
plane,up,row,horizontal,128,3,0.11924979912215589,1.0,2048,2048,6384,28672,1.55859375,0.22265625,933bdeb51e9e7e5499b7e14f17100ed8b727b705c08a696b204d62bf27710b6f
plane,up,row,horizontal,256,3,0.11924979912215589,1.0,2048,2048,6384,28672,1.55859375,0.22265625,933bdeb51e9e7e5499b7e14f17100ed8b727b705c08a696b204d62bf27710b6f
plane,up,row,vertical,16,3,0.2042509204159887,1.0,2048,2048,6384,28672,1.55859375,0.22265625,3fcb83167f4b4a0fbd496c696ef325a729b38aca23030c34d25e60989df219d5
plane,up,row,vertical,32,3,0.2042509204159887,1.0,2048,2048,6384,28672,1.55859375,0.22265625,3fcb83167f4b4a0fbd496c696ef325a729b38aca23030c34d25e60989df219d5
plane,up,row,vertical,64,3,0.2042509204159887,1.0,2048,2048,6384,28672,1.55859375,0.22265625,3fcb83167f4b4a0fbd496c696ef325a729b38aca23030c34d25e60989df219d5
plane,up,row,vertical,128,3,0.2042509204159887,1.0,2048,2048,6384,28672,1.55859375,0.22265625,3fcb83167f4b4a0fbd496c696ef325a729b38aca23030c34d25e60989df219d5
plane,up,row,vertical,256,3,0.2042509204159887,1.0,2048,2048,6384,28672,1.55859375,0.22265625,3fcb83167f4b4a0fbd496c696ef325a729b38aca23030c34d25e60989df219d5
plane,up,serp,traversal,16,3,0.11924979912215589,1.0,2048,2048,6384,28672,1.55859375,0.22265625,a6f905946002e7e8f366022fc2e73d0a2247f5e67b3daaea236e0e80053e1d49
plane,up,serp,traversal,32,3,0.11924979912215589,1.0,2048,2048,6384,28672,1.55859375,0.22265625,a6f905946002e7e8f366022fc2e73d0a2247f5e67b3daaea236e0e80053e1d49
plane,up,serp,traversal,64,3,0.11924979912215589,1.0,2048,2048,6384,28672,1.55859375,0.22265625,a6f905946002e7e8f366022fc2e73d0a2247f5e67b3daaea236e0e80053e1d49
plane,up,serp,traversal,128,3,0.11924979912215589,1.0,2048,2048,6384,28672,1.55859375,0.22265625,a6f905946002e7e8f366022fc2e73d0a2247f5e67b3daaea236e0e80053e1d49
plane,up,serp,traversal,256,3,0.11924979912215589,1.0,2048,2048,6384,28672,1.55859375,0.22265625,a6f905946002e7e8f366022fc2e73d0a2247f5e67b3daaea236e0e80053e1d49
plane,up,serp,horizontal,16,3,0.11924979912215589,1.0,2048,2048,6384,28672,1.55859375,0.22265625,05e40a31a4c9e8736971c3f7b19406ef383657af2c058a9be987d8a3b120b8cf
plane,up,serp,horizontal,32,3,0.11924979912215589,1.0,2048,2048,6384,28672,1.55859375,0.22265625,05e40a31a4c9e8736971c3f7b19406ef383657af2c058a9be987d8a3b120b8cf
plane,up,serp,horizontal,64,3,0.11924979912215589,1.0,2048,2048,6384,28672,1.55859375,0.22265625,05e40a31a4c9e8736971c3f7b19406ef383657af2c058a9be987d8a3b120b8cf
plane,up,serp,horizontal,128,3,0.11924979912215589,1.0,2048,2048,6384,28672,1.55859375,0.22265625,05e40a31a4c9e8736971c3f7b19406ef383657af2c058a9be987d8a3b120b8cf
plane,up,serp,horizontal,256,3,0.11924979912215589,1.0,2048,2048,6384,28672,1.55859375,0.22265625,05e40a31a4c9e8736971c3f7b19406ef383657af2c058a9be987d8a3b120b8cf
plane,up,serp,vertical,16,3,0.2042509204159887,1.0,2048,2048,6384,28672,1.55859375,0.22265625,267a280d50838fcff1d17886c224811e2e34f8fafde3ec2f6bac33e17fcc4ea0
plane,up,serp,vertical,32,3,0.2042509204159887,1.0,2048,2048,6384,28672,1.55859375,0.22265625,267a280d50838fcff1d17886c224811e2e34f8fafde3ec2f6bac33e17fcc4ea0
plane,up,serp,vertical,64,3,0.2042509204159887,1.0,2048,2048,6384,28672,1.55859375,0.22265625,267a280d50838fcff1d17886c224811e2e34f8fafde3ec2f6bac33e17fcc4ea0
plane,up,serp,vertical,128,3,0.2042509204159887,1.0,2048,2048,6384,28672,1.55859375,0.22265625,267a280d50838fcff1d17886c224811e2e34f8fafde3ec2f6bac33e17fcc4ea0
plane,up,serp,vertical,256,3,0.2042509204159887,1.0,2048,2048,6384,28672,1.55859375,0.22265625,267a280d50838fcff1d17886c224811e2e34f8fafde3ec2f6bac33e17fcc4ea0
plane,up,col,traversal,16,3,0.2042509204159887,1.0,2048,2048,6384,28672,1.55859375,0.22265625,3dca158e6d3e88d7d019ec2bb2d7f6f31790e59753bbe8484a6e4248c8b3a990
plane,up,col,traversal,32,3,0.2042509204159887,1.0,2048,2048,6384,28672,1.55859375,0.22265625,3dca158e6d3e88d7d019ec2bb2d7f6f31790e59753bbe8484a6e4248c8b3a990
plane,up,col,traversal,64,3,0.2042509204159887,1.0,2048,2048,6384,28672,1.55859375,0.22265625,3dca158e6d3e88d7d019ec2bb2d7f6f31790e59753bbe8484a6e4248c8b3a990
plane,up,col,traversal,128,3,0.2042509204159887,1.0,2048,2048,6384,28672,1.55859375,0.22265625,3dca158e6d3e88d7d019ec2bb2d7f6f31790e59753bbe8484a6e4248c8b3a990
plane,up,col,traversal,256,3,0.2042509204159887,1.0,2048,2048,6384,28672,1.55859375,0.22265625,3dca158e6d3e88d7d019ec2bb2d7f6f31790e59753bbe8484a6e4248c8b3a990
plane,up,col,horizontal,16,3,0.11924979912215589,1.0,2048,2048,6384,28672,1.55859375,0.22265625,9c46a055c20eab7d1eebd4c5aff81628f4a7a2135e377003468ca310ddac477e
plane,up,col,horizontal,32,3,0.11924979912215589,1.0,2048,2048,6384,28672,1.55859375,0.22265625,9c46a055c20eab7d1eebd4c5aff81628f4a7a2135e377003468ca310ddac477e
plane,up,col,horizontal,64,3,0.11924979912215589,1.0,2048,2048,6384,28672,1.55859375,0.22265625,9c46a055c20eab7d1eebd4c5aff81628f4a7a2135e377003468ca310ddac477e
plane,up,col,horizontal,128,3,0.11924979912215589,1.0,2048,2048,6384,28672,1.55859375,0.22265625,9c46a055c20eab7d1eebd4c5aff81628f4a7a2135e377003468ca310ddac477e
plane,up,col,horizontal,256,3,0.11924979912215589,1.0,2048,2048,6384,28672,1.55859375,0.22265625,9c46a055c20eab7d1eebd4c5aff81628f4a7a2135e377003468ca310ddac477e
plane,up,col,vertical,16,3,0.2042509204159887,1.0,2048,2048,6384,28672,1.55859375,0.22265625,d950971c77dd9a830c46c11efbe9af0a418b4ff91b77cd02625e083df7f09144
plane,up,col,vertical,32,3,0.2042509204159887,1.0,2048,2048,6384,28672,1.55859375,0.22265625,d950971c77dd9a830c46c11efbe9af0a418b4ff91b77cd02625e083df7f09144
plane,up,col,vertical,64,3,0.2042509204159887,1.0,2048,2048,6384,28672,1.55859375,0.22265625,d950971c77dd9a830c46c11efbe9af0a418b4ff91b77cd02625e083df7f09144
plane,up,col,vertical,128,3,0.2042509204159887,1.0,2048,2048,6384,28672,1.55859375,0.22265625,d950971c77dd9a830c46c11efbe9af0a418b4ff91b77cd02625e083df7f09144
plane,up,col,vertical,256,3,0.2042509204159887,1.0,2048,2048,6384,28672,1.55859375,0.22265625,d950971c77dd9a830c46c11efbe9af0a418b4ff91b77cd02625e083df7f09144
plane,up,col_serp,traversal,16,5,1.203757048130101,1.0,2048,2048,8464,28672,2.06640625,0.29520089285714285,897383f2c93bfd97de4a67e2c2b147a2147bd27a2363e1b1eddd93309cf5d7b4
plane,up,col_serp,traversal,32,5,1.203757048130101,1.0,2048,2048,8464,28672,2.06640625,0.29520089285714285,897383f2c93bfd97de4a67e2c2b147a2147bd27a2363e1b1eddd93309cf5d7b4
plane,up,col_serp,traversal,64,5,1.203757048130101,1.0,2048,2048,8464,28672,2.06640625,0.29520089285714285,897383f2c93bfd97de4a67e2c2b147a2147bd27a2363e1b1eddd93309cf5d7b4
plane,up,col_serp,traversal,128,5,1.203757048130101,1.0,2048,2048,8464,28672,2.06640625,0.29520089285714285,897383f2c93bfd97de4a67e2c2b147a2147bd27a2363e1b1eddd93309cf5d7b4
plane,up,col_serp,traversal,256,5,1.203757048130101,1.0,2048,2048,8464,28672,2.06640625,0.29520089285714285,897383f2c93bfd97de4a67e2c2b147a2147bd27a2363e1b1eddd93309cf5d7b4
plane,up,col_serp,horizontal,16,4,0.23500704813010082,1.0,2048,2048,6400,28672,1.5625,0.22321428571428573,0093e06b92020c458b29aae4ac1f3caa3b00ec66f529be6d81957857776afbf5
plane,up,col_serp,horizontal,32,4,0.23500704813010082,1.0,2048,2048,6400,28672,1.5625,0.22321428571428573,0093e06b92020c458b29aae4ac1f3caa3b00ec66f529be6d81957857776afbf5
plane,up,col_serp,horizontal,64,4,0.23500704813010082,1.0,2048,2048,6400,28672,1.5625,0.22321428571428573,0093e06b92020c458b29aae4ac1f3caa3b00ec66f529be6d81957857776afbf5
plane,up,col_serp,horizontal,128,4,0.23500704813010082,1.0,2048,2048,6400,28672,1.5625,0.22321428571428573,0093e06b92020c458b29aae4ac1f3caa3b00ec66f529be6d81957857776afbf5
plane,up,col_serp,horizontal,256,4,0.23500704813010082,1.0,2048,2048,6400,28672,1.5625,0.22321428571428573,0093e06b92020c458b29aae4ac1f3caa3b00ec66f529be6d81957857776afbf5
plane,up,col_serp,vertical,16,5,1.203757048130101,1.0,2048,2048,8464,28672,2.06640625,0.29520089285714285,9d549e28d197274289da58594345e1c75ab406806ccf60d694c36ac3190cd65a
plane,up,col_serp,vertical,32,5,1.203757048130101,1.0,2048,2048,8464,28672,2.06640625,0.29520089285714285,9d549e28d197274289da58594345e1c75ab406806ccf60d694c36ac3190cd65a
plane,up,col_serp,vertical,64,5,1.203757048130101,1.0,2048,2048,8464,28672,2.06640625,0.29520089285714285,9d549e28d197274289da58594345e1c75ab406806ccf60d694c36ac3190cd65a
plane,up,col_serp,vertical,128,5,1.203757048130101,1.0,2048,2048,8464,28672,2.06640625,0.29520089285714285,9d549e28d197274289da58594345e1c75ab406806ccf60d694c36ac3190cd65a
plane,up,col_serp,vertical,256,5,1.203757048130101,1.0,2048,2048,8464,28672,2.06640625,0.29520089285714285,9d549e28d197274289da58594345e1c75ab406806ccf60d694c36ac3190cd65a
plane,previous,row,traversal,16,3,0.2042509204159887,1.0,2048,2048,6384,28672,1.55859375,0.22265625,38160e2484f8b852fc29a2a60550b251e4bd38a67613078bf7dc610ab3980e08
plane,previous,row,traversal,32,3,0.2042509204159887,1.0,2048,2048,6384,28672,1.55859375,0.22265625,38160e2484f8b852fc29a2a60550b251e4bd38a67613078bf7dc610ab3980e08
plane,previous,row,traversal,64,3,0.2042509204159887,1.0,2048,2048,6384,28672,1.55859375,0.22265625,38160e2484f8b852fc29a2a60550b251e4bd38a67613078bf7dc610ab3980e08
plane,previous,row,traversal,128,3,0.2042509204159887,1.0,2048,2048,6384,28672,1.55859375,0.22265625,38160e2484f8b852fc29a2a60550b251e4bd38a67613078bf7dc610ab3980e08
plane,previous,row,traversal,256,3,0.2042509204159887,1.0,2048,2048,6384,28672,1.55859375,0.22265625,38160e2484f8b852fc29a2a60550b251e4bd38a67613078bf7dc610ab3980e08
plane,previous,row,horizontal,16,3,0.2042509204159887,1.0,2048,2048,6384,28672,1.55859375,0.22265625,06a440b1190ff21b718aa84bc3260ed8e97d32e21f52eaca519732591611d0b7
plane,previous,row,horizontal,32,3,0.2042509204159887,1.0,2048,2048,6384,28672,1.55859375,0.22265625,06a440b1190ff21b718aa84bc3260ed8e97d32e21f52eaca519732591611d0b7
plane,previous,row,horizontal,64,3,0.2042509204159887,1.0,2048,2048,6384,28672,1.55859375,0.22265625,06a440b1190ff21b718aa84bc3260ed8e97d32e21f52eaca519732591611d0b7
plane,previous,row,horizontal,128,3,0.2042509204159887,1.0,2048,2048,6384,28672,1.55859375,0.22265625,06a440b1190ff21b718aa84bc3260ed8e97d32e21f52eaca519732591611d0b7
plane,previous,row,horizontal,256,3,0.2042509204159887,1.0,2048,2048,6384,28672,1.55859375,0.22265625,06a440b1190ff21b718aa84bc3260ed8e97d32e21f52eaca519732591611d0b7
plane,previous,row,vertical,16,3,0.11924979912215589,1.0,2048,2048,6384,28672,1.55859375,0.22265625,926b471e0277bb15451fdb0711505a59e36d6f1e968cd6481a0a381d15f5e1e7
plane,previous,row,vertical,32,3,0.11924979912215589,1.0,2048,2048,6384,28672,1.55859375,0.22265625,926b471e0277bb15451fdb0711505a59e36d6f1e968cd6481a0a381d15f5e1e7
plane,previous,row,vertical,64,3,0.11924979912215589,1.0,2048,2048,6384,28672,1.55859375,0.22265625,926b471e0277bb15451fdb0711505a59e36d6f1e968cd6481a0a381d15f5e1e7
plane,previous,row,vertical,128,3,0.11924979912215589,1.0,2048,2048,6384,28672,1.55859375,0.22265625,926b471e0277bb15451fdb0711505a59e36d6f1e968cd6481a0a381d15f5e1e7
plane,previous,row,vertical,256,3,0.11924979912215589,1.0,2048,2048,6384,28672,1.55859375,0.22265625,926b471e0277bb15451fdb0711505a59e36d6f1e968cd6481a0a381d15f5e1e7
plane,previous,serp,traversal,16,5,1.203757048130101,1.0,2048,2048,8464,28672,2.06640625,0.29520089285714285,a775eed061b305d4ff7a0a204e098be7ff0a1eb023cd2b8125bfb240d187cdc7
plane,previous,serp,traversal,32,5,1.203757048130101,1.0,2048,2048,8464,28672,2.06640625,0.29520089285714285,a775eed061b305d4ff7a0a204e098be7ff0a1eb023cd2b8125bfb240d187cdc7
plane,previous,serp,traversal,64,5,1.203757048130101,1.0,2048,2048,8464,28672,2.06640625,0.29520089285714285,a775eed061b305d4ff7a0a204e098be7ff0a1eb023cd2b8125bfb240d187cdc7
plane,previous,serp,traversal,128,5,1.203757048130101,1.0,2048,2048,8464,28672,2.06640625,0.29520089285714285,a775eed061b305d4ff7a0a204e098be7ff0a1eb023cd2b8125bfb240d187cdc7
plane,previous,serp,traversal,256,5,1.203757048130101,1.0,2048,2048,8464,28672,2.06640625,0.29520089285714285,a775eed061b305d4ff7a0a204e098be7ff0a1eb023cd2b8125bfb240d187cdc7
plane,previous,serp,horizontal,16,5,1.203757048130101,1.0,2048,2048,8464,28672,2.06640625,0.29520089285714285,6d8b8247863ec2a8d362bae5653b5b6bf7f9c42b5cc915703fb2beee1ee0793d
plane,previous,serp,horizontal,32,5,1.203757048130101,1.0,2048,2048,8464,28672,2.06640625,0.29520089285714285,6d8b8247863ec2a8d362bae5653b5b6bf7f9c42b5cc915703fb2beee1ee0793d
plane,previous,serp,horizontal,64,5,1.203757048130101,1.0,2048,2048,8464,28672,2.06640625,0.29520089285714285,6d8b8247863ec2a8d362bae5653b5b6bf7f9c42b5cc915703fb2beee1ee0793d
plane,previous,serp,horizontal,128,5,1.203757048130101,1.0,2048,2048,8464,28672,2.06640625,0.29520089285714285,6d8b8247863ec2a8d362bae5653b5b6bf7f9c42b5cc915703fb2beee1ee0793d
plane,previous,serp,horizontal,256,5,1.203757048130101,1.0,2048,2048,8464,28672,2.06640625,0.29520089285714285,6d8b8247863ec2a8d362bae5653b5b6bf7f9c42b5cc915703fb2beee1ee0793d
plane,previous,serp,vertical,16,4,0.23500704813010082,1.0,2048,2048,6400,28672,1.5625,0.22321428571428573,9eec4ae38c6a845ec2ca88179f7bc735175e520aac8a8b104f3dcb2132def4c9
plane,previous,serp,vertical,32,4,0.23500704813010082,1.0,2048,2048,6400,28672,1.5625,0.22321428571428573,9eec4ae38c6a845ec2ca88179f7bc735175e520aac8a8b104f3dcb2132def4c9
plane,previous,serp,vertical,64,4,0.23500704813010082,1.0,2048,2048,6400,28672,1.5625,0.22321428571428573,9eec4ae38c6a845ec2ca88179f7bc735175e520aac8a8b104f3dcb2132def4c9
plane,previous,serp,vertical,128,4,0.23500704813010082,1.0,2048,2048,6400,28672,1.5625,0.22321428571428573,9eec4ae38c6a845ec2ca88179f7bc735175e520aac8a8b104f3dcb2132def4c9
plane,previous,serp,vertical,256,4,0.23500704813010082,1.0,2048,2048,6400,28672,1.5625,0.22321428571428573,9eec4ae38c6a845ec2ca88179f7bc735175e520aac8a8b104f3dcb2132def4c9
plane,previous,col,traversal,16,3,0.2042509204159887,1.0,2048,2048,6384,28672,1.55859375,0.22265625,1100d49ee22dc3027a1c88ee51b6435d4d6dca65ba1ab92895c6fb4071f417d5
plane,previous,col,traversal,32,3,0.2042509204159887,1.0,2048,2048,6384,28672,1.55859375,0.22265625,1100d49ee22dc3027a1c88ee51b6435d4d6dca65ba1ab92895c6fb4071f417d5
plane,previous,col,traversal,64,3,0.2042509204159887,1.0,2048,2048,6384,28672,1.55859375,0.22265625,1100d49ee22dc3027a1c88ee51b6435d4d6dca65ba1ab92895c6fb4071f417d5
plane,previous,col,traversal,128,3,0.2042509204159887,1.0,2048,2048,6384,28672,1.55859375,0.22265625,1100d49ee22dc3027a1c88ee51b6435d4d6dca65ba1ab92895c6fb4071f417d5
plane,previous,col,traversal,256,3,0.2042509204159887,1.0,2048,2048,6384,28672,1.55859375,0.22265625,1100d49ee22dc3027a1c88ee51b6435d4d6dca65ba1ab92895c6fb4071f417d5
plane,previous,col,horizontal,16,3,0.11924979912215589,1.0,2048,2048,6384,28672,1.55859375,0.22265625,0623438b46a98c6a33f1afeb6ae66c6ac4039a0bd65674512a83d5355e027a3b
plane,previous,col,horizontal,32,3,0.11924979912215589,1.0,2048,2048,6384,28672,1.55859375,0.22265625,0623438b46a98c6a33f1afeb6ae66c6ac4039a0bd65674512a83d5355e027a3b
plane,previous,col,horizontal,64,3,0.11924979912215589,1.0,2048,2048,6384,28672,1.55859375,0.22265625,0623438b46a98c6a33f1afeb6ae66c6ac4039a0bd65674512a83d5355e027a3b
plane,previous,col,horizontal,128,3,0.11924979912215589,1.0,2048,2048,6384,28672,1.55859375,0.22265625,0623438b46a98c6a33f1afeb6ae66c6ac4039a0bd65674512a83d5355e027a3b
plane,previous,col,horizontal,256,3,0.11924979912215589,1.0,2048,2048,6384,28672,1.55859375,0.22265625,0623438b46a98c6a33f1afeb6ae66c6ac4039a0bd65674512a83d5355e027a3b
plane,previous,col,vertical,16,3,0.2042509204159887,1.0,2048,2048,6384,28672,1.55859375,0.22265625,dbd71fd2927acd77eb077444083b17ba9ad1a29cd0324c791920f6805437dba6
plane,previous,col,vertical,32,3,0.2042509204159887,1.0,2048,2048,6384,28672,1.55859375,0.22265625,dbd71fd2927acd77eb077444083b17ba9ad1a29cd0324c791920f6805437dba6
plane,previous,col,vertical,64,3,0.2042509204159887,1.0,2048,2048,6384,28672,1.55859375,0.22265625,dbd71fd2927acd77eb077444083b17ba9ad1a29cd0324c791920f6805437dba6
plane,previous,col,vertical,128,3,0.2042509204159887,1.0,2048,2048,6384,28672,1.55859375,0.22265625,dbd71fd2927acd77eb077444083b17ba9ad1a29cd0324c791920f6805437dba6
plane,previous,col,vertical,256,3,0.2042509204159887,1.0,2048,2048,6384,28672,1.55859375,0.22265625,dbd71fd2927acd77eb077444083b17ba9ad1a29cd0324c791920f6805437dba6
plane,previous,col_serp,traversal,16,5,1.203757048130101,1.0,2048,2048,8464,28672,2.06640625,0.29520089285714285,9996cc02c447e2e25337e8ee0d463776c654e101b59eb5d116cbc9ebf6b4e16e
plane,previous,col_serp,traversal,32,5,1.203757048130101,1.0,2048,2048,8464,28672,2.06640625,0.29520089285714285,9996cc02c447e2e25337e8ee0d463776c654e101b59eb5d116cbc9ebf6b4e16e
plane,previous,col_serp,traversal,64,5,1.203757048130101,1.0,2048,2048,8464,28672,2.06640625,0.29520089285714285,9996cc02c447e2e25337e8ee0d463776c654e101b59eb5d116cbc9ebf6b4e16e
plane,previous,col_serp,traversal,128,5,1.203757048130101,1.0,2048,2048,8464,28672,2.06640625,0.29520089285714285,9996cc02c447e2e25337e8ee0d463776c654e101b59eb5d116cbc9ebf6b4e16e
plane,previous,col_serp,traversal,256,5,1.203757048130101,1.0,2048,2048,8464,28672,2.06640625,0.29520089285714285,9996cc02c447e2e25337e8ee0d463776c654e101b59eb5d116cbc9ebf6b4e16e
plane,previous,col_serp,horizontal,16,4,0.23500704813010082,1.0,2048,2048,6400,28672,1.5625,0.22321428571428573,73037f98cadafaa78d8c8076efa7d5c3606cded09c669889183cd9d52e8b4d6c
plane,previous,col_serp,horizontal,32,4,0.23500704813010082,1.0,2048,2048,6400,28672,1.5625,0.22321428571428573,73037f98cadafaa78d8c8076efa7d5c3606cded09c669889183cd9d52e8b4d6c
plane,previous,col_serp,horizontal,64,4,0.23500704813010082,1.0,2048,2048,6400,28672,1.5625,0.22321428571428573,73037f98cadafaa78d8c8076efa7d5c3606cded09c669889183cd9d52e8b4d6c
plane,previous,col_serp,horizontal,128,4,0.23500704813010082,1.0,2048,2048,6400,28672,1.5625,0.22321428571428573,73037f98cadafaa78d8c8076efa7d5c3606cded09c669889183cd9d52e8b4d6c
plane,previous,col_serp,horizontal,256,4,0.23500704813010082,1.0,2048,2048,6400,28672,1.5625,0.22321428571428573,73037f98cadafaa78d8c8076efa7d5c3606cded09c669889183cd9d52e8b4d6c
plane,previous,col_serp,vertical,16,5,1.203757048130101,1.0,2048,2048,8464,28672,2.06640625,0.29520089285714285,4cee7280ba5c30430fb67fb5f7e19863cff4fcd6aa5a0f05c5a282794d62d939
plane,previous,col_serp,vertical,32,5,1.203757048130101,1.0,2048,2048,8464,28672,2.06640625,0.29520089285714285,4cee7280ba5c30430fb67fb5f7e19863cff4fcd6aa5a0f05c5a282794d62d939
plane,previous,col_serp,vertical,64,5,1.203757048130101,1.0,2048,2048,8464,28672,2.06640625,0.29520089285714285,4cee7280ba5c30430fb67fb5f7e19863cff4fcd6aa5a0f05c5a282794d62d939
plane,previous,col_serp,vertical,128,5,1.203757048130101,1.0,2048,2048,8464,28672,2.06640625,0.29520089285714285,4cee7280ba5c30430fb67fb5f7e19863cff4fcd6aa5a0f05c5a282794d62d939
plane,previous,col_serp,vertical,256,5,1.203757048130101,1.0,2048,2048,8464,28672,2.06640625,0.29520089285714285,4cee7280ba5c30430fb67fb5f7e19863cff4fcd6aa5a0f05c5a282794d62d939
plane,avg,row,traversal,16,6,0.528985468424972,1.0,2048,2048,8480,28672,2.0703125,0.29575892857142855,6973550050737afa122d50ad6299c0e19b3e1dec80c4fdb5ccf05271a7c56926
plane,avg,row,traversal,32,6,0.528985468424972,1.0,2048,2048,8480,28672,2.0703125,0.29575892857142855,6973550050737afa122d50ad6299c0e19b3e1dec80c4fdb5ccf05271a7c56926
plane,avg,row,traversal,64,6,0.528985468424972,1.0,2048,2048,8480,28672,2.0703125,0.29575892857142855,6973550050737afa122d50ad6299c0e19b3e1dec80c4fdb5ccf05271a7c56926
plane,avg,row,traversal,128,6,0.528985468424972,1.0,2048,2048,8480,28672,2.0703125,0.29575892857142855,6973550050737afa122d50ad6299c0e19b3e1dec80c4fdb5ccf05271a7c56926
plane,avg,row,traversal,256,6,0.528985468424972,1.0,2048,2048,8480,28672,2.0703125,0.29575892857142855,6973550050737afa122d50ad6299c0e19b3e1dec80c4fdb5ccf05271a7c56926
plane,avg,row,horizontal,16,6,0.528985468424972,1.0,2048,2048,8480,28672,2.0703125,0.29575892857142855,ec0777e662931c00ed5e32407536e1e8843802aa033f185cd4bd737af2afc7c5
plane,avg,row,horizontal,32,6,0.528985468424972,1.0,2048,2048,8480,28672,2.0703125,0.29575892857142855,ec0777e662931c00ed5e32407536e1e8843802aa033f185cd4bd737af2afc7c5
plane,avg,row,horizontal,64,6,0.528985468424972,1.0,2048,2048,8480,28672,2.0703125,0.29575892857142855,ec0777e662931c00ed5e32407536e1e8843802aa033f185cd4bd737af2afc7c5
plane,avg,row,horizontal,128,6,0.528985468424972,1.0,2048,2048,8480,28672,2.0703125,0.29575892857142855,ec0777e662931c00ed5e32407536e1e8843802aa033f185cd4bd737af2afc7c5
plane,avg,row,horizontal,256,6,0.528985468424972,1.0,2048,2048,8480,28672,2.0703125,0.29575892857142855,ec0777e662931c00ed5e32407536e1e8843802aa033f185cd4bd737af2afc7c5
plane,avg,row,vertical,16,7,0.5296460725325238,1.0,2048,2048,8496,28672,2.07421875,0.2963169642857143,4ef4399aa0b1eda15a20cb88be315219b603da26768ffc7b80f21e8518a29323
plane,avg,row,vertical,32,7,0.5296460725325238,1.0,2048,2048,8496,28672,2.07421875,0.2963169642857143,4ef4399aa0b1eda15a20cb88be315219b603da26768ffc7b80f21e8518a29323
plane,avg,row,vertical,64,7,0.5296460725325238,1.0,2048,2048,8496,28672,2.07421875,0.2963169642857143,4ef4399aa0b1eda15a20cb88be315219b603da26768ffc7b80f21e8518a29323
plane,avg,row,vertical,128,7,0.5296460725325238,1.0,2048,2048,8496,28672,2.07421875,0.2963169642857143,4ef4399aa0b1eda15a20cb88be315219b603da26768ffc7b80f21e8518a29323
plane,avg,row,vertical,256,7,0.5296460725325238,1.0,2048,2048,8496,28672,2.07421875,0.2963169642857143,4ef4399aa0b1eda15a20cb88be315219b603da26768ffc7b80f21e8518a29323
plane,avg,serp,traversal,16,7,1.306402350632466,1.0,2048,2048,8496,28672,2.07421875,0.2963169642857143,5f1c6dd4c176e29f96c7fded03a941cbb2534444ce243873d43abd2b80f17e3c
plane,avg,serp,traversal,32,7,1.306402350632466,1.0,2048,2048,8496,28672,2.07421875,0.2963169642857143,5f1c6dd4c176e29f96c7fded03a941cbb2534444ce243873d43abd2b80f17e3c
plane,avg,serp,traversal,64,7,1.306402350632466,1.0,2048,2048,8496,28672,2.07421875,0.2963169642857143,5f1c6dd4c176e29f96c7fded03a941cbb2534444ce243873d43abd2b80f17e3c
plane,avg,serp,traversal,128,7,1.306402350632466,1.0,2048,2048,8496,28672,2.07421875,0.2963169642857143,5f1c6dd4c176e29f96c7fded03a941cbb2534444ce243873d43abd2b80f17e3c
plane,avg,serp,traversal,256,7,1.306402350632466,1.0,2048,2048,8496,28672,2.07421875,0.2963169642857143,5f1c6dd4c176e29f96c7fded03a941cbb2534444ce243873d43abd2b80f17e3c
plane,avg,serp,horizontal,16,7,1.306402350632466,1.0,2048,2048,8496,28672,2.07421875,0.2963169642857143,d669dcc5d65e984610b51cb24a82b8f0c18d5ac470617da5bb5ba6d0f9260e2c
plane,avg,serp,horizontal,32,7,1.306402350632466,1.0,2048,2048,8496,28672,2.07421875,0.2963169642857143,d669dcc5d65e984610b51cb24a82b8f0c18d5ac470617da5bb5ba6d0f9260e2c
plane,avg,serp,horizontal,64,7,1.306402350632466,1.0,2048,2048,8496,28672,2.07421875,0.2963169642857143,d669dcc5d65e984610b51cb24a82b8f0c18d5ac470617da5bb5ba6d0f9260e2c
plane,avg,serp,horizontal,128,7,1.306402350632466,1.0,2048,2048,8496,28672,2.07421875,0.2963169642857143,d669dcc5d65e984610b51cb24a82b8f0c18d5ac470617da5bb5ba6d0f9260e2c
plane,avg,serp,horizontal,256,7,1.306402350632466,1.0,2048,2048,8496,28672,2.07421875,0.2963169642857143,d669dcc5d65e984610b51cb24a82b8f0c18d5ac470617da5bb5ba6d0f9260e2c
plane,avg,serp,vertical,16,5,0.4230153990064706,1.0,2048,2048,8464,28672,2.06640625,0.29520089285714285,ac0c891d6805dc350db8b716e417f4e93c2496cdc110ed54a03f276e3b11e2e6
plane,avg,serp,vertical,32,5,0.4230153990064706,1.0,2048,2048,8464,28672,2.06640625,0.29520089285714285,ac0c891d6805dc350db8b716e417f4e93c2496cdc110ed54a03f276e3b11e2e6
plane,avg,serp,vertical,64,5,0.4230153990064706,1.0,2048,2048,8464,28672,2.06640625,0.29520089285714285,ac0c891d6805dc350db8b716e417f4e93c2496cdc110ed54a03f276e3b11e2e6
plane,avg,serp,vertical,128,5,0.4230153990064706,1.0,2048,2048,8464,28672,2.06640625,0.29520089285714285,ac0c891d6805dc350db8b716e417f4e93c2496cdc110ed54a03f276e3b11e2e6
plane,avg,serp,vertical,256,5,0.4230153990064706,1.0,2048,2048,8464,28672,2.06640625,0.29520089285714285,ac0c891d6805dc350db8b716e417f4e93c2496cdc110ed54a03f276e3b11e2e6
plane,avg,col,traversal,16,7,0.5296460725325238,1.0,2048,2048,8496,28672,2.07421875,0.2963169642857143,241885d5dbd4796b3068c5669ad03ad5f0e290adc0b3e435ebac538bb9a47599
plane,avg,col,traversal,32,7,0.5296460725325238,1.0,2048,2048,8496,28672,2.07421875,0.2963169642857143,241885d5dbd4796b3068c5669ad03ad5f0e290adc0b3e435ebac538bb9a47599
plane,avg,col,traversal,64,7,0.5296460725325238,1.0,2048,2048,8496,28672,2.07421875,0.2963169642857143,241885d5dbd4796b3068c5669ad03ad5f0e290adc0b3e435ebac538bb9a47599
plane,avg,col,traversal,128,7,0.5296460725325238,1.0,2048,2048,8496,28672,2.07421875,0.2963169642857143,241885d5dbd4796b3068c5669ad03ad5f0e290adc0b3e435ebac538bb9a47599
plane,avg,col,traversal,256,7,0.5296460725325238,1.0,2048,2048,8496,28672,2.07421875,0.2963169642857143,241885d5dbd4796b3068c5669ad03ad5f0e290adc0b3e435ebac538bb9a47599
plane,avg,col,horizontal,16,6,0.528985468424972,1.0,2048,2048,8480,28672,2.0703125,0.29575892857142855,940837dc76dcc96bef26a7a306ddd9a1ac213a8f32792108dead0de72575efe9
plane,avg,col,horizontal,32,6,0.528985468424972,1.0,2048,2048,8480,28672,2.0703125,0.29575892857142855,940837dc76dcc96bef26a7a306ddd9a1ac213a8f32792108dead0de72575efe9
plane,avg,col,horizontal,64,6,0.528985468424972,1.0,2048,2048,8480,28672,2.0703125,0.29575892857142855,940837dc76dcc96bef26a7a306ddd9a1ac213a8f32792108dead0de72575efe9
plane,avg,col,horizontal,128,6,0.528985468424972,1.0,2048,2048,8480,28672,2.0703125,0.29575892857142855,940837dc76dcc96bef26a7a306ddd9a1ac213a8f32792108dead0de72575efe9
plane,avg,col,horizontal,256,6,0.528985468424972,1.0,2048,2048,8480,28672,2.0703125,0.29575892857142855,940837dc76dcc96bef26a7a306ddd9a1ac213a8f32792108dead0de72575efe9
plane,avg,col,vertical,16,7,0.5296460725325238,1.0,2048,2048,8496,28672,2.07421875,0.2963169642857143,42364180a9589687727df5885f14d5864f59849472f2d9efd9b388295a3c7804
plane,avg,col,vertical,32,7,0.5296460725325238,1.0,2048,2048,8496,28672,2.07421875,0.2963169642857143,42364180a9589687727df5885f14d5864f59849472f2d9efd9b388295a3c7804
plane,avg,col,vertical,64,7,0.5296460725325238,1.0,2048,2048,8496,28672,2.07421875,0.2963169642857143,42364180a9589687727df5885f14d5864f59849472f2d9efd9b388295a3c7804
plane,avg,col,vertical,128,7,0.5296460725325238,1.0,2048,2048,8496,28672,2.07421875,0.2963169642857143,42364180a9589687727df5885f14d5864f59849472f2d9efd9b388295a3c7804
plane,avg,col,vertical,256,7,0.5296460725325238,1.0,2048,2048,8496,28672,2.07421875,0.2963169642857143,42364180a9589687727df5885f14d5864f59849472f2d9efd9b388295a3c7804
plane,avg,col_serp,traversal,16,8,1.306581111810277,1.0,2048,2048,8512,28672,2.078125,0.296875,749b16e5c74e3179b308316cf008881bf6880de353413df0b9bf21405253cc3e
plane,avg,col_serp,traversal,32,8,1.306581111810277,1.0,2048,2048,8512,28672,2.078125,0.296875,749b16e5c74e3179b308316cf008881bf6880de353413df0b9bf21405253cc3e
plane,avg,col_serp,traversal,64,8,1.306581111810277,1.0,2048,2048,8512,28672,2.078125,0.296875,749b16e5c74e3179b308316cf008881bf6880de353413df0b9bf21405253cc3e
plane,avg,col_serp,traversal,128,8,1.306581111810277,1.0,2048,2048,8512,28672,2.078125,0.296875,749b16e5c74e3179b308316cf008881bf6880de353413df0b9bf21405253cc3e
plane,avg,col_serp,traversal,256,8,1.306581111810277,1.0,2048,2048,8512,28672,2.078125,0.296875,749b16e5c74e3179b308316cf008881bf6880de353413df0b9bf21405253cc3e
plane,avg,col_serp,horizontal,16,5,0.4230153990064706,1.0,2048,2048,8464,28672,2.06640625,0.29520089285714285,92f6bd0e7d3c9cb64a476429643643fc0e8e768212c614ac537a28ee69cdef6d
plane,avg,col_serp,horizontal,32,5,0.4230153990064706,1.0,2048,2048,8464,28672,2.06640625,0.29520089285714285,92f6bd0e7d3c9cb64a476429643643fc0e8e768212c614ac537a28ee69cdef6d
plane,avg,col_serp,horizontal,64,5,0.4230153990064706,1.0,2048,2048,8464,28672,2.06640625,0.29520089285714285,92f6bd0e7d3c9cb64a476429643643fc0e8e768212c614ac537a28ee69cdef6d
plane,avg,col_serp,horizontal,128,5,0.4230153990064706,1.0,2048,2048,8464,28672,2.06640625,0.29520089285714285,92f6bd0e7d3c9cb64a476429643643fc0e8e768212c614ac537a28ee69cdef6d
plane,avg,col_serp,horizontal,256,5,0.4230153990064706,1.0,2048,2048,8464,28672,2.06640625,0.29520089285714285,92f6bd0e7d3c9cb64a476429643643fc0e8e768212c614ac537a28ee69cdef6d
plane,avg,col_serp,vertical,16,8,1.306581111810277,1.0,2048,2048,8512,28672,2.078125,0.296875,0f152076df1828d4251d742b371b7fffc99ab79390eaeab3869c8cbb616f7987
plane,avg,col_serp,vertical,32,8,1.306581111810277,1.0,2048,2048,8512,28672,2.078125,0.296875,0f152076df1828d4251d742b371b7fffc99ab79390eaeab3869c8cbb616f7987
plane,avg,col_serp,vertical,64,8,1.306581111810277,1.0,2048,2048,8512,28672,2.078125,0.296875,0f152076df1828d4251d742b371b7fffc99ab79390eaeab3869c8cbb616f7987
plane,avg,col_serp,vertical,128,8,1.306581111810277,1.0,2048,2048,8512,28672,2.078125,0.296875,0f152076df1828d4251d742b371b7fffc99ab79390eaeab3869c8cbb616f7987
plane,avg,col_serp,vertical,256,8,1.306581111810277,1.0,2048,2048,8512,28672,2.078125,0.296875,0f152076df1828d4251d742b371b7fffc99ab79390eaeab3869c8cbb616f7987
plane,paeth,row,traversal,16,5,0.45219887064212433,1.0,2048,2048,8464,28672,2.06640625,0.29520089285714285,893371bf0489f79779bc867c9920c2b320a0fd1dc5705f2ecde599285a847dfd
plane,paeth,row,traversal,32,5,0.45219887064212433,1.0,2048,2048,8464,28672,2.06640625,0.29520089285714285,893371bf0489f79779bc867c9920c2b320a0fd1dc5705f2ecde599285a847dfd
plane,paeth,row,traversal,64,5,0.45219887064212433,1.0,2048,2048,8464,28672,2.06640625,0.29520089285714285,893371bf0489f79779bc867c9920c2b320a0fd1dc5705f2ecde599285a847dfd
plane,paeth,row,traversal,128,5,0.45219887064212433,1.0,2048,2048,8464,28672,2.06640625,0.29520089285714285,893371bf0489f79779bc867c9920c2b320a0fd1dc5705f2ecde599285a847dfd
plane,paeth,row,traversal,256,5,0.45219887064212433,1.0,2048,2048,8464,28672,2.06640625,0.29520089285714285,893371bf0489f79779bc867c9920c2b320a0fd1dc5705f2ecde599285a847dfd
plane,paeth,row,horizontal,16,5,0.45219887064212433,1.0,2048,2048,8464,28672,2.06640625,0.29520089285714285,dfc2c54dc379c4ec4222deccbd11a06da8177a324e902e505a11cae0c70c62ed
plane,paeth,row,horizontal,32,5,0.45219887064212433,1.0,2048,2048,8464,28672,2.06640625,0.29520089285714285,dfc2c54dc379c4ec4222deccbd11a06da8177a324e902e505a11cae0c70c62ed
plane,paeth,row,horizontal,64,5,0.45219887064212433,1.0,2048,2048,8464,28672,2.06640625,0.29520089285714285,dfc2c54dc379c4ec4222deccbd11a06da8177a324e902e505a11cae0c70c62ed
plane,paeth,row,horizontal,128,5,0.45219887064212433,1.0,2048,2048,8464,28672,2.06640625,0.29520089285714285,dfc2c54dc379c4ec4222deccbd11a06da8177a324e902e505a11cae0c70c62ed
plane,paeth,row,horizontal,256,5,0.45219887064212433,1.0,2048,2048,8464,28672,2.06640625,0.29520089285714285,dfc2c54dc379c4ec4222deccbd11a06da8177a324e902e505a11cae0c70c62ed
plane,paeth,row,vertical,16,5,0.4169625447688275,1.0,2048,2048,8464,28672,2.06640625,0.29520089285714285,696b05c4a65ce884efce61dd0440e969aa4c9db358072d847433793187021fba
plane,paeth,row,vertical,32,5,0.4169625447688275,1.0,2048,2048,8464,28672,2.06640625,0.29520089285714285,696b05c4a65ce884efce61dd0440e969aa4c9db358072d847433793187021fba
plane,paeth,row,vertical,64,5,0.4169625447688275,1.0,2048,2048,8464,28672,2.06640625,0.29520089285714285,696b05c4a65ce884efce61dd0440e969aa4c9db358072d847433793187021fba
plane,paeth,row,vertical,128,5,0.4169625447688275,1.0,2048,2048,8464,28672,2.06640625,0.29520089285714285,696b05c4a65ce884efce61dd0440e969aa4c9db358072d847433793187021fba
plane,paeth,row,vertical,256,5,0.4169625447688275,1.0,2048,2048,8464,28672,2.06640625,0.29520089285714285,696b05c4a65ce884efce61dd0440e969aa4c9db358072d847433793187021fba
plane,paeth,serp,traversal,16,5,1.2206943133105297,1.0,2048,2048,8464,28672,2.06640625,0.29520089285714285,571b986325b10f3a116d38f7c2157a04724dc725a7905a39a70029db6f714198
plane,paeth,serp,traversal,32,5,1.2206943133105297,1.0,2048,2048,8464,28672,2.06640625,0.29520089285714285,571b986325b10f3a116d38f7c2157a04724dc725a7905a39a70029db6f714198
plane,paeth,serp,traversal,64,5,1.2206943133105297,1.0,2048,2048,8464,28672,2.06640625,0.29520089285714285,571b986325b10f3a116d38f7c2157a04724dc725a7905a39a70029db6f714198
plane,paeth,serp,traversal,128,5,1.2206943133105297,1.0,2048,2048,8464,28672,2.06640625,0.29520089285714285,571b986325b10f3a116d38f7c2157a04724dc725a7905a39a70029db6f714198
plane,paeth,serp,traversal,256,5,1.2206943133105297,1.0,2048,2048,8464,28672,2.06640625,0.29520089285714285,571b986325b10f3a116d38f7c2157a04724dc725a7905a39a70029db6f714198
plane,paeth,serp,horizontal,16,5,1.2206943133105297,1.0,2048,2048,8464,28672,2.06640625,0.29520089285714285,023a714a0955df28710880dfff1708f13c6d3e1cba9e2d4b19261519ffeb9b5f
plane,paeth,serp,horizontal,32,5,1.2206943133105297,1.0,2048,2048,8464,28672,2.06640625,0.29520089285714285,023a714a0955df28710880dfff1708f13c6d3e1cba9e2d4b19261519ffeb9b5f
plane,paeth,serp,horizontal,64,5,1.2206943133105297,1.0,2048,2048,8464,28672,2.06640625,0.29520089285714285,023a714a0955df28710880dfff1708f13c6d3e1cba9e2d4b19261519ffeb9b5f
plane,paeth,serp,horizontal,128,5,1.2206943133105297,1.0,2048,2048,8464,28672,2.06640625,0.29520089285714285,023a714a0955df28710880dfff1708f13c6d3e1cba9e2d4b19261519ffeb9b5f
plane,paeth,serp,horizontal,256,5,1.2206943133105297,1.0,2048,2048,8464,28672,2.06640625,0.29520089285714285,023a714a0955df28710880dfff1708f13c6d3e1cba9e2d4b19261519ffeb9b5f
plane,paeth,serp,vertical,16,3,0.23262859027127314,1.0,2048,2048,6384,28672,1.55859375,0.22265625,508b230f117b10ad5a22c281f18e0f29e37ec7194066ff1cf1557efc3a1cc4e0
plane,paeth,serp,vertical,32,3,0.23262859027127314,1.0,2048,2048,6384,28672,1.55859375,0.22265625,508b230f117b10ad5a22c281f18e0f29e37ec7194066ff1cf1557efc3a1cc4e0
plane,paeth,serp,vertical,64,3,0.23262859027127314,1.0,2048,2048,6384,28672,1.55859375,0.22265625,508b230f117b10ad5a22c281f18e0f29e37ec7194066ff1cf1557efc3a1cc4e0
plane,paeth,serp,vertical,128,3,0.23262859027127314,1.0,2048,2048,6384,28672,1.55859375,0.22265625,508b230f117b10ad5a22c281f18e0f29e37ec7194066ff1cf1557efc3a1cc4e0
plane,paeth,serp,vertical,256,3,0.23262859027127314,1.0,2048,2048,6384,28672,1.55859375,0.22265625,508b230f117b10ad5a22c281f18e0f29e37ec7194066ff1cf1557efc3a1cc4e0
plane,paeth,col,traversal,16,5,0.4169625447688275,1.0,2048,2048,8464,28672,2.06640625,0.29520089285714285,5e7cc003e63d26c3ca2744fd8400ab830c68462a70277a5829d1b572946a9c4d
plane,paeth,col,traversal,32,5,0.4169625447688275,1.0,2048,2048,8464,28672,2.06640625,0.29520089285714285,5e7cc003e63d26c3ca2744fd8400ab830c68462a70277a5829d1b572946a9c4d
plane,paeth,col,traversal,64,5,0.4169625447688275,1.0,2048,2048,8464,28672,2.06640625,0.29520089285714285,5e7cc003e63d26c3ca2744fd8400ab830c68462a70277a5829d1b572946a9c4d
plane,paeth,col,traversal,128,5,0.4169625447688275,1.0,2048,2048,8464,28672,2.06640625,0.29520089285714285,5e7cc003e63d26c3ca2744fd8400ab830c68462a70277a5829d1b572946a9c4d
plane,paeth,col,traversal,256,5,0.4169625447688275,1.0,2048,2048,8464,28672,2.06640625,0.29520089285714285,5e7cc003e63d26c3ca2744fd8400ab830c68462a70277a5829d1b572946a9c4d
plane,paeth,col,horizontal,16,5,0.45219887064212433,1.0,2048,2048,8464,28672,2.06640625,0.29520089285714285,21bfb8d87cfa9828d75520bffc2e26fe3622511496236ea489ab284770d80dac
plane,paeth,col,horizontal,32,5,0.45219887064212433,1.0,2048,2048,8464,28672,2.06640625,0.29520089285714285,21bfb8d87cfa9828d75520bffc2e26fe3622511496236ea489ab284770d80dac
plane,paeth,col,horizontal,64,5,0.45219887064212433,1.0,2048,2048,8464,28672,2.06640625,0.29520089285714285,21bfb8d87cfa9828d75520bffc2e26fe3622511496236ea489ab284770d80dac
plane,paeth,col,horizontal,128,5,0.45219887064212433,1.0,2048,2048,8464,28672,2.06640625,0.29520089285714285,21bfb8d87cfa9828d75520bffc2e26fe3622511496236ea489ab284770d80dac
plane,paeth,col,horizontal,256,5,0.45219887064212433,1.0,2048,2048,8464,28672,2.06640625,0.29520089285714285,21bfb8d87cfa9828d75520bffc2e26fe3622511496236ea489ab284770d80dac
plane,paeth,col,vertical,16,5,0.4169625447688275,1.0,2048,2048,8464,28672,2.06640625,0.29520089285714285,af1c17fde69a1a66603e73b13db018124736e7d39c90c655e16dca54084ae015
plane,paeth,col,vertical,32,5,0.4169625447688275,1.0,2048,2048,8464,28672,2.06640625,0.29520089285714285,af1c17fde69a1a66603e73b13db018124736e7d39c90c655e16dca54084ae015
plane,paeth,col,vertical,64,5,0.4169625447688275,1.0,2048,2048,8464,28672,2.06640625,0.29520089285714285,af1c17fde69a1a66603e73b13db018124736e7d39c90c655e16dca54084ae015
plane,paeth,col,vertical,128,5,0.4169625447688275,1.0,2048,2048,8464,28672,2.06640625,0.29520089285714285,af1c17fde69a1a66603e73b13db018124736e7d39c90c655e16dca54084ae015
plane,paeth,col,vertical,256,5,0.4169625447688275,1.0,2048,2048,8464,28672,2.06640625,0.29520089285714285,af1c17fde69a1a66603e73b13db018124736e7d39c90c655e16dca54084ae015
plane,paeth,col_serp,traversal,16,5,0.2848787825502537,1.0,2048,2048,8464,28672,2.06640625,0.29520089285714285,6cc93b85023cecb7ed4c95db4e22893e0ecf98de2b96dee5c81b613885e4cd9d
plane,paeth,col_serp,traversal,32,5,0.2848787825502537,1.0,2048,2048,8464,28672,2.06640625,0.29520089285714285,6cc93b85023cecb7ed4c95db4e22893e0ecf98de2b96dee5c81b613885e4cd9d
plane,paeth,col_serp,traversal,64,5,0.2848787825502537,1.0,2048,2048,8464,28672,2.06640625,0.29520089285714285,6cc93b85023cecb7ed4c95db4e22893e0ecf98de2b96dee5c81b613885e4cd9d
plane,paeth,col_serp,traversal,128,5,0.2848787825502537,1.0,2048,2048,8464,28672,2.06640625,0.29520089285714285,6cc93b85023cecb7ed4c95db4e22893e0ecf98de2b96dee5c81b613885e4cd9d
plane,paeth,col_serp,traversal,256,5,0.2848787825502537,1.0,2048,2048,8464,28672,2.06640625,0.29520089285714285,6cc93b85023cecb7ed4c95db4e22893e0ecf98de2b96dee5c81b613885e4cd9d
plane,paeth,col_serp,horizontal,16,3,0.2998555205806053,1.0,2048,2048,6384,28672,1.55859375,0.22265625,b196c45a84b633f7fd1d3a91c6fe4aea718005ee3c9626400155d045c705c156
plane,paeth,col_serp,horizontal,32,3,0.2998555205806053,1.0,2048,2048,6384,28672,1.55859375,0.22265625,b196c45a84b633f7fd1d3a91c6fe4aea718005ee3c9626400155d045c705c156
plane,paeth,col_serp,horizontal,64,3,0.2998555205806053,1.0,2048,2048,6384,28672,1.55859375,0.22265625,b196c45a84b633f7fd1d3a91c6fe4aea718005ee3c9626400155d045c705c156
plane,paeth,col_serp,horizontal,128,3,0.2998555205806053,1.0,2048,2048,6384,28672,1.55859375,0.22265625,b196c45a84b633f7fd1d3a91c6fe4aea718005ee3c9626400155d045c705c156
plane,paeth,col_serp,horizontal,256,3,0.2998555205806053,1.0,2048,2048,6384,28672,1.55859375,0.22265625,b196c45a84b633f7fd1d3a91c6fe4aea718005ee3c9626400155d045c705c156
plane,paeth,col_serp,vertical,16,5,0.2848787825502537,1.0,2048,2048,8464,28672,2.06640625,0.29520089285714285,601467d9d70902ea3269a24a7af0a5fda9792d52ee2ca2b363c2d84e4a56d906
plane,paeth,col_serp,vertical,32,5,0.2848787825502537,1.0,2048,2048,8464,28672,2.06640625,0.29520089285714285,601467d9d70902ea3269a24a7af0a5fda9792d52ee2ca2b363c2d84e4a56d906
plane,paeth,col_serp,vertical,64,5,0.2848787825502537,1.0,2048,2048,8464,28672,2.06640625,0.29520089285714285,601467d9d70902ea3269a24a7af0a5fda9792d52ee2ca2b363c2d84e4a56d906
plane,paeth,col_serp,vertical,128,5,0.2848787825502537,1.0,2048,2048,8464,28672,2.06640625,0.29520089285714285,601467d9d70902ea3269a24a7af0a5fda9792d52ee2ca2b363c2d84e4a56d906
plane,paeth,col_serp,vertical,256,5,0.2848787825502537,1.0,2048,2048,8464,28672,2.06640625,0.29520089285714285,601467d9d70902ea3269a24a7af0a5fda9792d52ee2ca2b363c2d84e4a56d906
near,left,row,traversal,16,16,4.298670763231631,0.86328125,1768,2048,13768,28672,3.361328125,0.48018973214285715,f1f741a42595fc771f60313fb24127eac3c6c18b2cca4d561309da05416adea7
near,left,row,traversal,32,32,4.298670763231631,0.9921875,2032,2048,13152,28672,3.2109375,0.45870535714285715,06b23f1d6316560e4f3a10f315fc44594ba8e733484e159e773e17c17be2ad0d
near,left,row,traversal,64,36,4.298670763231631,0.99951171875,2047,2048,15113,28672,3.689697265625,0.527099609375,216aacc0640562a78da6fb1e4f753aeddd58b697ab80e11a9efc6a79107ee32b
near,left,row,traversal,128,36,4.298670763231631,0.99951171875,2047,2048,15113,28672,3.689697265625,0.527099609375,216aacc0640562a78da6fb1e4f753aeddd58b697ab80e11a9efc6a79107ee32b
near,left,row,traversal,256,36,4.298670763231631,0.99951171875,2047,2048,15113,28672,3.689697265625,0.527099609375,216aacc0640562a78da6fb1e4f753aeddd58b697ab80e11a9efc6a79107ee32b
near,left,row,horizontal,16,16,4.298670763231631,0.86328125,1768,2048,13768,28672,3.361328125,0.48018973214285715,98d6fedcc1d1eca9ac7ec0358e222723efd22a2dc9ab8f3196813d63d6c4af86
near,left,row,horizontal,32,32,4.298670763231631,0.9921875,2032,2048,13152,28672,3.2109375,0.45870535714285715,d6d3cc0640efc010c02c1b3203a557f7d3c66dadf4d1f6ed859c557dc6c15e51
near,left,row,horizontal,64,36,4.298670763231631,0.99951171875,2047,2048,15113,28672,3.689697265625,0.527099609375,decd3ec24da75b1105c52c06baec3c8b79517c199ceb8c5e10afe2fcb14b21d7
near,left,row,horizontal,128,36,4.298670763231631,0.99951171875,2047,2048,15113,28672,3.689697265625,0.527099609375,decd3ec24da75b1105c52c06baec3c8b79517c199ceb8c5e10afe2fcb14b21d7
near,left,row,horizontal,256,36,4.298670763231631,0.99951171875,2047,2048,15113,28672,3.689697265625,0.527099609375,decd3ec24da75b1105c52c06baec3c8b79517c199ceb8c5e10afe2fcb14b21d7
near,left,row,vertical,16,16,4.455400552162855,0.830078125,1700,2048,14516,28672,3.5439453125,0.5062779017857143,f6b5121971bcb39c1c9fb4b596d6e35d4f7a105ea2b39233ac0fb5c29eea47be
near,left,row,vertical,32,32,4.455400552162855,0.990234375,2028,2048,13192,28672,3.220703125,0.46010044642857145,26ba6492eb4e8125c4e70b8c93f8d5b30788aeb2bbebdf378433ecd044ec6948
near,left,row,vertical,64,41,4.455400552162855,0.99560546875,2039,2048,15265,28672,3.726806640625,0.5324009486607143,6e20a4ed7fc669722d68eae6e33196445d3f5a94747dc4e1ef57ad6de4c5bf94
near,left,row,vertical,128,41,4.455400552162855,0.99560546875,2039,2048,15265,28672,3.726806640625,0.5324009486607143,6e20a4ed7fc669722d68eae6e33196445d3f5a94747dc4e1ef57ad6de4c5bf94
near,left,row,vertical,256,41,4.455400552162855,0.99560546875,2039,2048,15265,28672,3.726806640625,0.5324009486607143,6e20a4ed7fc669722d68eae6e33196445d3f5a94747dc4e1ef57ad6de4c5bf94
near,left,serp,traversal,16,16,5.044706725022444,0.642578125,1316,2048,18740,28672,4.5751953125,0.6535993303571429,e874f500e2d2ba99ab77b53211df01c78ee5fbe34b708939f416670a4f2a57fa
near,left,serp,traversal,32,32,5.044706725022444,0.93115234375,1907,2048,14402,28672,3.51611328125,0.5023018973214286,d345bee07602e00f3179c97fe8de4ef8df22e26b16a5278d715b901e805af3e2
near,left,serp,traversal,64,45,5.044706725022444,1.0,2048,2048,15248,28672,3.72265625,0.5318080357142857,577dbe0d830dc2e5d15bc8defb7f29ee81f1f80e1a34eabbf0378fc5d54c378f
near,left,serp,traversal,128,45,5.044706725022444,1.0,2048,2048,15248,28672,3.72265625,0.5318080357142857,577dbe0d830dc2e5d15bc8defb7f29ee81f1f80e1a34eabbf0378fc5d54c378f
near,left,serp,traversal,256,45,5.044706725022444,1.0,2048,2048,15248,28672,3.72265625,0.5318080357142857,577dbe0d830dc2e5d15bc8defb7f29ee81f1f80e1a34eabbf0378fc5d54c378f
near,left,serp,horizontal,16,16,5.046723395531277,0.6435546875,1318,2048,18718,28672,4.56982421875,0.65283203125,1795dfcb1993f971769b1deea1fc185a19afdd1a3aab789ca0f69c357d74a6e4
near,left,serp,horizontal,32,32,5.046723395531277,0.9287109375,1902,2048,14452,28672,3.5283203125,0.5040457589285714,90f4b10410fb286c3aed5cc0ed80e60d85be282aade007141e99bb385765a3d8
near,left,serp,horizontal,64,46,5.046723395531277,1.0,2048,2048,15264,28672,3.7265625,0.5323660714285714,f9b95748f63f066525e6e0b72c2044b70d99947aeeb567674bac7802bead0e65
near,left,serp,horizontal,128,46,5.046723395531277,1.0,2048,2048,15264,28672,3.7265625,0.5323660714285714,f9b95748f63f066525e6e0b72c2044b70d99947aeeb567674bac7802bead0e65
near,left,serp,horizontal,256,46,5.046723395531277,1.0,2048,2048,15264,28672,3.7265625,0.5323660714285714,f9b95748f63f066525e6e0b72c2044b70d99947aeeb567674bac7802bead0e65
near,left,serp,vertical,16,16,4.437828569593609,0.81787109375,1675,2048,14791,28672,3.611083984375,0.515869140625,49ef1a73bfa05e0515f9df0b94f29d2fd61936a71c0d533a5517f21061e7dfd1
near,left,serp,vertical,32,32,4.437828569593609,0.9951171875,2038,2048,13092,28672,3.1962890625,0.4566127232142857,3d0c9584b8bbb53eb20ea0af91a876cb8478b74525e7984ce7b52d750b64eae4
near,left,serp,vertical,64,39,4.437828569593609,0.99951171875,2047,2048,15161,28672,3.701416015625,0.5287737165178571,19b3947ed6e12ae9db3167d6b784984e1e04130abf6440e3ffc187275ffa1ebf
near,left,serp,vertical,128,39,4.437828569593609,0.99951171875,2047,2048,15161,28672,3.701416015625,0.5287737165178571,19b3947ed6e12ae9db3167d6b784984e1e04130abf6440e3ffc187275ffa1ebf
near,left,serp,vertical,256,39,4.437828569593609,0.99951171875,2047,2048,15161,28672,3.701416015625,0.5287737165178571,19b3947ed6e12ae9db3167d6b784984e1e04130abf6440e3ffc187275ffa1ebf
near,left,col,traversal,16,16,4.377956029300797,0.83837890625,1717,2048,14329,28672,3.498291015625,0.499755859375,805598e4910bfec4a3146ebd60f5fb45bf6b0889e68402540b0dbae340ff1109
near,left,col,traversal,32,28,4.377956029300797,0.9990234375,2046,2048,12948,28672,3.1611328125,0.4515904017857143,5ac96d3c462d3a7a24c2f8c0a35f003c3ab2fd6590827ed5e9544fcad118c3ee
near,left,col,traversal,64,28,4.377956029300797,0.9990234375,2046,2048,12948,28672,3.1611328125,0.4515904017857143,5ac96d3c462d3a7a24c2f8c0a35f003c3ab2fd6590827ed5e9544fcad118c3ee
near,left,col,traversal,128,28,4.377956029300797,0.9990234375,2046,2048,12948,28672,3.1611328125,0.4515904017857143,5ac96d3c462d3a7a24c2f8c0a35f003c3ab2fd6590827ed5e9544fcad118c3ee
near,left,col,traversal,256,28,4.377956029300797,0.9990234375,2046,2048,12948,28672,3.1611328125,0.4515904017857143,5ac96d3c462d3a7a24c2f8c0a35f003c3ab2fd6590827ed5e9544fcad118c3ee
near,left,col,horizontal,16,16,4.130905367648788,0.900390625,1844,2048,12932,28672,3.1572265625,0.45103236607142855,1d3b8f3af5c74e797e505f2983a660f8a358223229c97d5e8736cf3dad0b7ee2
near,left,col,horizontal,32,23,4.130905367648788,1.0,2048,2048,12848,28672,3.13671875,0.44810267857142855,3c58984a92e0bb2c1b33361061d262b2c97cfbe5a092c1ed8ab49576f163b402
near,left,col,horizontal,64,23,4.130905367648788,1.0,2048,2048,12848,28672,3.13671875,0.44810267857142855,3c58984a92e0bb2c1b33361061d262b2c97cfbe5a092c1ed8ab49576f163b402
near,left,col,horizontal,128,23,4.130905367648788,1.0,2048,2048,12848,28672,3.13671875,0.44810267857142855,3c58984a92e0bb2c1b33361061d262b2c97cfbe5a092c1ed8ab49576f163b402
near,left,col,horizontal,256,23,4.130905367648788,1.0,2048,2048,12848,28672,3.13671875,0.44810267857142855,3c58984a92e0bb2c1b33361061d262b2c97cfbe5a092c1ed8ab49576f163b402
near,left,col,vertical,16,16,4.377956029300797,0.83837890625,1717,2048,14329,28672,3.498291015625,0.499755859375,4f609bcb80f5d6c962e951c23c25f10571d868000ab1b74eacc8437bb3001491
near,left,col,vertical,32,28,4.377956029300797,0.9990234375,2046,2048,12948,28672,3.1611328125,0.4515904017857143,d3b7826b537180416ac193bb07d29786e48c1b49fc240d86db5b024d55a34435
near,left,col,vertical,64,28,4.377956029300797,0.9990234375,2046,2048,12948,28672,3.1611328125,0.4515904017857143,d3b7826b537180416ac193bb07d29786e48c1b49fc240d86db5b024d55a34435
near,left,col,vertical,128,28,4.377956029300797,0.9990234375,2046,2048,12948,28672,3.1611328125,0.4515904017857143,d3b7826b537180416ac193bb07d29786e48c1b49fc240d86db5b024d55a34435
near,left,col,vertical,256,28,4.377956029300797,0.9990234375,2046,2048,12948,28672,3.1611328125,0.4515904017857143,d3b7826b537180416ac193bb07d29786e48c1b49fc240d86db5b024d55a34435
near,left,col_serp,traversal,16,16,4.377201621374547,0.83935546875,1719,2048,14307,28672,3.492919921875,0.49898856026785715,4516c348f3b50e6912a333bcdbdfa902f644e9c4170288160a716bf0302b1de4
near,left,col_serp,traversal,32,28,4.377201621374547,0.9990234375,2046,2048,12948,28672,3.1611328125,0.4515904017857143,f0f191966c65a45fbf2dc05c92a4c914cb60c7944e95f68b302667056a64e61b
near,left,col_serp,traversal,64,28,4.377201621374547,0.9990234375,2046,2048,12948,28672,3.1611328125,0.4515904017857143,f0f191966c65a45fbf2dc05c92a4c914cb60c7944e95f68b302667056a64e61b
near,left,col_serp,traversal,128,28,4.377201621374547,0.9990234375,2046,2048,12948,28672,3.1611328125,0.4515904017857143,f0f191966c65a45fbf2dc05c92a4c914cb60c7944e95f68b302667056a64e61b
near,left,col_serp,traversal,256,28,4.377201621374547,0.9990234375,2046,2048,12948,28672,3.1611328125,0.4515904017857143,f0f191966c65a45fbf2dc05c92a4c914cb60c7944e95f68b302667056a64e61b
near,left,col_serp,horizontal,16,16,4.130905367648788,0.900390625,1844,2048,12932,28672,3.1572265625,0.45103236607142855,7c39eb6d15f63b6e22b0dd462cea240ca585b315c74d3e207f37b3f5592d9eb1
near,left,col_serp,horizontal,32,23,4.130905367648788,1.0,2048,2048,12848,28672,3.13671875,0.44810267857142855,41323848fec4bf72ebd1accebc52e311259a5472eac8a377d31efe37b1f9bf85
near,left,col_serp,horizontal,64,23,4.130905367648788,1.0,2048,2048,12848,28672,3.13671875,0.44810267857142855,41323848fec4bf72ebd1accebc52e311259a5472eac8a377d31efe37b1f9bf85
near,left,col_serp,horizontal,128,23,4.130905367648788,1.0,2048,2048,12848,28672,3.13671875,0.44810267857142855,41323848fec4bf72ebd1accebc52e311259a5472eac8a377d31efe37b1f9bf85
near,left,col_serp,horizontal,256,23,4.130905367648788,1.0,2048,2048,12848,28672,3.13671875,0.44810267857142855,41323848fec4bf72ebd1accebc52e311259a5472eac8a377d31efe37b1f9bf85
near,left,col_serp,vertical,16,16,4.377956029300797,0.83837890625,1717,2048,14329,28672,3.498291015625,0.499755859375,90d5f5835f7ba1fb1711a81f947e910ae35e2ed31575c981c29df4dc2c863982
near,left,col_serp,vertical,32,28,4.377956029300797,0.9990234375,2046,2048,12948,28672,3.1611328125,0.4515904017857143,2b0474e3f5f0a0bd5bdaa19a6a540af933c2956595d89fb7858a548ac82d7cc3
near,left,col_serp,vertical,64,28,4.377956029300797,0.9990234375,2046,2048,12948,28672,3.1611328125,0.4515904017857143,2b0474e3f5f0a0bd5bdaa19a6a540af933c2956595d89fb7858a548ac82d7cc3
near,left,col_serp,vertical,128,28,4.377956029300797,0.9990234375,2046,2048,12948,28672,3.1611328125,0.4515904017857143,2b0474e3f5f0a0bd5bdaa19a6a540af933c2956595d89fb7858a548ac82d7cc3
near,left,col_serp,vertical,256,28,4.377956029300797,0.9990234375,2046,2048,12948,28672,3.1611328125,0.4515904017857143,2b0474e3f5f0a0bd5bdaa19a6a540af933c2956595d89fb7858a548ac82d7cc3
near,up,row,traversal,16,16,4.397976300246034,0.83544921875,1711,2048,14395,28672,3.514404296875,0.5020577566964286,840bf368688861d9b8c7725d3bfdafa6526f90865ec9abb31aa02b60af1542fe
near,up,row,traversal,32,30,4.397976300246034,0.9990234375,2046,2048,12980,28672,3.1689453125,0.4527064732142857,a364ac472b9ac24f9fe8749185c092f8f9f89e7d91d8c435de0f2bd79b83ad03
near,up,row,traversal,64,30,4.397976300246034,0.9990234375,2046,2048,12980,28672,3.1689453125,0.4527064732142857,a364ac472b9ac24f9fe8749185c092f8f9f89e7d91d8c435de0f2bd79b83ad03
near,up,row,traversal,128,30,4.397976300246034,0.9990234375,2046,2048,12980,28672,3.1689453125,0.4527064732142857,a364ac472b9ac24f9fe8749185c092f8f9f89e7d91d8c435de0f2bd79b83ad03
near,up,row,traversal,256,30,4.397976300246034,0.9990234375,2046,2048,12980,28672,3.1689453125,0.4527064732142857,a364ac472b9ac24f9fe8749185c092f8f9f89e7d91d8c435de0f2bd79b83ad03
near,up,row,horizontal,16,16,4.397976300246034,0.83544921875,1711,2048,14395,28672,3.514404296875,0.5020577566964286,2c45430e031b1d2270706bdf34951665333a1959acde3d1ba1c97fe362a3bea3
near,up,row,horizontal,32,30,4.397976300246034,0.9990234375,2046,2048,12980,28672,3.1689453125,0.4527064732142857,825970d659b99ab06299ef3aeebeef623cb4dfb97073f2db374b0cf07b1044ec
near,up,row,horizontal,64,30,4.397976300246034,0.9990234375,2046,2048,12980,28672,3.1689453125,0.4527064732142857,825970d659b99ab06299ef3aeebeef623cb4dfb97073f2db374b0cf07b1044ec
near,up,row,horizontal,128,30,4.397976300246034,0.9990234375,2046,2048,12980,28672,3.1689453125,0.4527064732142857,825970d659b99ab06299ef3aeebeef623cb4dfb97073f2db374b0cf07b1044ec
near,up,row,horizontal,256,30,4.397976300246034,0.9990234375,2046,2048,12980,28672,3.1689453125,0.4527064732142857,825970d659b99ab06299ef3aeebeef623cb4dfb97073f2db374b0cf07b1044ec
near,up,row,vertical,16,16,4.153541142628354,0.8955078125,1834,2048,13042,28672,3.18408203125,0.45486886160714285,944b995c43bfbf0a59b3489b203a7b7c0a88daeb60162b9b00678248e54fcc69
near,up,row,vertical,32,24,4.153541142628354,1.0,2048,2048,12864,28672,3.140625,0.4486607142857143,3f33a19ea0529dd8feacb1c1cf92690853123dd7a422cac64e1e71630a950f91
near,up,row,vertical,64,24,4.153541142628354,1.0,2048,2048,12864,28672,3.140625,0.4486607142857143,3f33a19ea0529dd8feacb1c1cf92690853123dd7a422cac64e1e71630a950f91
near,up,row,vertical,128,24,4.153541142628354,1.0,2048,2048,12864,28672,3.140625,0.4486607142857143,3f33a19ea0529dd8feacb1c1cf92690853123dd7a422cac64e1e71630a950f91
near,up,row,vertical,256,24,4.153541142628354,1.0,2048,2048,12864,28672,3.140625,0.4486607142857143,3f33a19ea0529dd8feacb1c1cf92690853123dd7a422cac64e1e71630a950f91
near,up,serp,traversal,16,16,4.396453098270738,0.83203125,1704,2048,14472,28672,3.533203125,0.5047433035714286,fafc5145d93f04d9b8a3add837cd8bab120c29531b90f0548ffe26feb4ec5b29
near,up,serp,traversal,32,30,4.396453098270738,0.9990234375,2046,2048,12980,28672,3.1689453125,0.4527064732142857,e08182ad95a6e74c711186a31203e2570c3a47031ada1a78d5729c40e3bf35b0
near,up,serp,traversal,64,30,4.396453098270738,0.9990234375,2046,2048,12980,28672,3.1689453125,0.4527064732142857,e08182ad95a6e74c711186a31203e2570c3a47031ada1a78d5729c40e3bf35b0
near,up,serp,traversal,128,30,4.396453098270738,0.9990234375,2046,2048,12980,28672,3.1689453125,0.4527064732142857,e08182ad95a6e74c711186a31203e2570c3a47031ada1a78d5729c40e3bf35b0
near,up,serp,traversal,256,30,4.396453098270738,0.9990234375,2046,2048,12980,28672,3.1689453125,0.4527064732142857,e08182ad95a6e74c711186a31203e2570c3a47031ada1a78d5729c40e3bf35b0
near,up,serp,horizontal,16,16,4.397976300246034,0.83544921875,1711,2048,14395,28672,3.514404296875,0.5020577566964286,7c97c50542bc1ddeb88e03e01c076a4f01c41dd340b3e2d58c246e374168ace6
near,up,serp,horizontal,32,30,4.397976300246034,0.9990234375,2046,2048,12980,28672,3.1689453125,0.4527064732142857,607087ff9db949c083ce318e42ea059d125286e1e1e447cc4bfd34279d37c6c6
near,up,serp,horizontal,64,30,4.397976300246034,0.9990234375,2046,2048,12980,28672,3.1689453125,0.4527064732142857,607087ff9db949c083ce318e42ea059d125286e1e1e447cc4bfd34279d37c6c6
near,up,serp,horizontal,128,30,4.397976300246034,0.9990234375,2046,2048,12980,28672,3.1689453125,0.4527064732142857,607087ff9db949c083ce318e42ea059d125286e1e1e447cc4bfd34279d37c6c6
near,up,serp,horizontal,256,30,4.397976300246034,0.9990234375,2046,2048,12980,28672,3.1689453125,0.4527064732142857,607087ff9db949c083ce318e42ea059d125286e1e1e447cc4bfd34279d37c6c6
near,up,serp,vertical,16,16,4.153541142628354,0.8955078125,1834,2048,13042,28672,3.18408203125,0.45486886160714285,58c4402ba0270c4fd1118eb3f6c391c3690683ed0858efbc42522db950bbd259
near,up,serp,vertical,32,24,4.153541142628354,1.0,2048,2048,12864,28672,3.140625,0.4486607142857143,34f6da8c14b2409652d0ecc5f8c15a305d9a86bbbd596efe435025e92a9bb3a1
near,up,serp,vertical,64,24,4.153541142628354,1.0,2048,2048,12864,28672,3.140625,0.4486607142857143,34f6da8c14b2409652d0ecc5f8c15a305d9a86bbbd596efe435025e92a9bb3a1
near,up,serp,vertical,128,24,4.153541142628354,1.0,2048,2048,12864,28672,3.140625,0.4486607142857143,34f6da8c14b2409652d0ecc5f8c15a305d9a86bbbd596efe435025e92a9bb3a1
near,up,serp,vertical,256,24,4.153541142628354,1.0,2048,2048,12864,28672,3.140625,0.4486607142857143,34f6da8c14b2409652d0ecc5f8c15a305d9a86bbbd596efe435025e92a9bb3a1
near,up,col,traversal,16,16,4.1598973554492344,0.892578125,1828,2048,13108,28672,3.2001953125,0.45717075892857145,d5664d58db0253ff716523397b6342cc97b9a8b8e848d2d10ee1bf580068aeab
near,up,col,traversal,32,24,4.1598973554492344,0.99853515625,2045,2048,12894,28672,3.14794921875,0.44970703125,a9e0c640ee4dd7a9ee355e4b2b5c17d7afd155b102326c5fdd2b70a002f19455
near,up,col,traversal,64,24,4.1598973554492344,0.99853515625,2045,2048,12894,28672,3.14794921875,0.44970703125,a9e0c640ee4dd7a9ee355e4b2b5c17d7afd155b102326c5fdd2b70a002f19455
near,up,col,traversal,128,24,4.1598973554492344,0.99853515625,2045,2048,12894,28672,3.14794921875,0.44970703125,a9e0c640ee4dd7a9ee355e4b2b5c17d7afd155b102326c5fdd2b70a002f19455
near,up,col,traversal,256,24,4.1598973554492344,0.99853515625,2045,2048,12894,28672,3.14794921875,0.44970703125,a9e0c640ee4dd7a9ee355e4b2b5c17d7afd155b102326c5fdd2b70a002f19455
near,up,col,horizontal,16,16,4.392998253544659,0.8330078125,1706,2048,14450,28672,3.52783203125,0.5039760044642857,355d3982dc5aae643694d0f54e6d6b6e2fa1699f9c2dddf3c3a6d0c9c2f7fbc8
near,up,col,horizontal,32,31,4.392998253544659,0.9990234375,2046,2048,12996,28672,3.1728515625,0.45326450892857145,e97b72b8834bea47f90e38177dd2f5dad28fa9c4839108b913448a75cd34ea73
near,up,col,horizontal,64,31,4.392998253544659,0.9990234375,2046,2048,12996,28672,3.1728515625,0.45326450892857145,e97b72b8834bea47f90e38177dd2f5dad28fa9c4839108b913448a75cd34ea73
near,up,col,horizontal,128,31,4.392998253544659,0.9990234375,2046,2048,12996,28672,3.1728515625,0.45326450892857145,e97b72b8834bea47f90e38177dd2f5dad28fa9c4839108b913448a75cd34ea73
near,up,col,horizontal,256,31,4.392998253544659,0.9990234375,2046,2048,12996,28672,3.1728515625,0.45326450892857145,e97b72b8834bea47f90e38177dd2f5dad28fa9c4839108b913448a75cd34ea73
near,up,col,vertical,16,16,4.1598973554492344,0.892578125,1828,2048,13108,28672,3.2001953125,0.45717075892857145,ed857e4c204ec1e2de33ffea502e125ea69db00277291ef7bc18be07960512be
near,up,col,vertical,32,24,4.1598973554492344,0.99853515625,2045,2048,12894,28672,3.14794921875,0.44970703125,accaf5c6b9f26be47c0dfe7658c1c9149d0428506a704a49314c46042ea48c57
near,up,col,vertical,64,24,4.1598973554492344,0.99853515625,2045,2048,12894,28672,3.14794921875,0.44970703125,accaf5c6b9f26be47c0dfe7658c1c9149d0428506a704a49314c46042ea48c57
near,up,col,vertical,128,24,4.1598973554492344,0.99853515625,2045,2048,12894,28672,3.14794921875,0.44970703125,accaf5c6b9f26be47c0dfe7658c1c9149d0428506a704a49314c46042ea48c57
near,up,col,vertical,256,24,4.1598973554492344,0.99853515625,2045,2048,12894,28672,3.14794921875,0.44970703125,accaf5c6b9f26be47c0dfe7658c1c9149d0428506a704a49314c46042ea48c57
near,up,col_serp,traversal,16,16,5.205404366998473,0.59716796875,1223,2048,19763,28672,4.824951171875,0.6892787388392857,f863cce64faa729cdc4609698e2992db454746c3358b2b00a642c73f1d025db9
near,up,col_serp,traversal,32,32,5.205404366998473,0.88818359375,1819,2048,15282,28672,3.73095703125,0.5329938616071429,a85c99b550453292ff73666ee1478c0c383d6725f0b4b49b86c151539cfd4cee
near,up,col_serp,traversal,64,51,5.205404366998473,0.99365234375,2035,2048,15461,28672,3.774658203125,0.5392368861607143,bbd366e182296b4ff1146324cf840755b5505e555371fb1e3de75f813e9812c4
near,up,col_serp,traversal,128,51,5.205404366998473,0.99365234375,2035,2048,15461,28672,3.774658203125,0.5392368861607143,bbd366e182296b4ff1146324cf840755b5505e555371fb1e3de75f813e9812c4
near,up,col_serp,traversal,256,51,5.205404366998473,0.99365234375,2035,2048,15461,28672,3.774658203125,0.5392368861607143,bbd366e182296b4ff1146324cf840755b5505e555371fb1e3de75f813e9812c4
near,up,col_serp,horizontal,16,16,4.458046516242324,0.81884765625,1677,2048,14769,28672,3.605712890625,0.5151018415178571,4507def6d39a146c71ca764dfacb4eb59a8d78dff5f3bce7db07f6edb8e3b438
near,up,col_serp,horizontal,32,32,4.458046516242324,0.9951171875,2038,2048,13092,28672,3.1962890625,0.4566127232142857,81c124959a4ca3dd40d8479c4c958065660fecd6bd045f1c4996bb5feec33af6
near,up,col_serp,horizontal,64,35,4.458046516242324,0.99658203125,2041,2048,15151,28672,3.698974609375,0.5284249441964286,b59e7be159b4f1d1526f82a498cb72c4926b0b735463c246f1d73a272371a995
near,up,col_serp,horizontal,128,35,4.458046516242324,0.99658203125,2041,2048,15151,28672,3.698974609375,0.5284249441964286,b59e7be159b4f1d1526f82a498cb72c4926b0b735463c246f1d73a272371a995
near,up,col_serp,horizontal,256,35,4.458046516242324,0.99658203125,2041,2048,15151,28672,3.698974609375,0.5284249441964286,b59e7be159b4f1d1526f82a498cb72c4926b0b735463c246f1d73a272371a995
near,up,col_serp,vertical,16,16,5.205404366998473,0.59716796875,1223,2048,19763,28672,4.824951171875,0.6892787388392857,3d06890fb529577fca0cfd60d3360a1b775821fb1153cd6433e5867e466411e7
near,up,col_serp,vertical,32,32,5.205404366998473,0.88818359375,1819,2048,15282,28672,3.73095703125,0.5329938616071429,71c53f44c7b6d44897f59d8747ab28544d264286f75532fa1176aad534c3d32c
near,up,col_serp,vertical,64,51,5.205404366998473,0.99462890625,2037,2048,15443,28672,3.770263671875,0.5386090959821429,295c1400bc916e6e0e9d0f75a2b0526137d4b12561d7a563bf0752882360185f
near,up,col_serp,vertical,128,51,5.205404366998473,0.99462890625,2037,2048,15443,28672,3.770263671875,0.5386090959821429,295c1400bc916e6e0e9d0f75a2b0526137d4b12561d7a563bf0752882360185f
near,up,col_serp,vertical,256,51,5.205404366998473,0.99462890625,2037,2048,15443,28672,3.770263671875,0.5386090959821429,295c1400bc916e6e0e9d0f75a2b0526137d4b12561d7a563bf0752882360185f
near,previous,row,traversal,16,16,4.298670763231631,0.86328125,1768,2048,13768,28672,3.361328125,0.48018973214285715,2c900fdfb093dbe677fa23183c26af035e0a5ffdf9eed4c87174421c9af80ed4
near,previous,row,traversal,32,32,4.298670763231631,0.9921875,2032,2048,13152,28672,3.2109375,0.45870535714285715,bd73c21d420c106bd941e56932ca78973c9a702d220eaaed5cc2bb753c3dcd60
near,previous,row,traversal,64,36,4.298670763231631,0.99951171875,2047,2048,15113,28672,3.689697265625,0.527099609375,10b8d8c5d1a5f50ce5c192cdd0dbc5065e7c69c408d995d7e07cc304a0e59372
near,previous,row,traversal,128,36,4.298670763231631,0.99951171875,2047,2048,15113,28672,3.689697265625,0.527099609375,10b8d8c5d1a5f50ce5c192cdd0dbc5065e7c69c408d995d7e07cc304a0e59372
near,previous,row,traversal,256,36,4.298670763231631,0.99951171875,2047,2048,15113,28672,3.689697265625,0.527099609375,10b8d8c5d1a5f50ce5c192cdd0dbc5065e7c69c408d995d7e07cc304a0e59372
near,previous,row,horizontal,16,16,4.298670763231631,0.86328125,1768,2048,13768,28672,3.361328125,0.48018973214285715,f153d710b7499cf55625245847b0e4a206920c3f9892749f0002b911daf18b53
near,previous,row,horizontal,32,32,4.298670763231631,0.9921875,2032,2048,13152,28672,3.2109375,0.45870535714285715,14e76a9019fafc2478e9dcd1cb05678c1e9e5201e13215f72a47a584ec0cbea7
near,previous,row,horizontal,64,36,4.298670763231631,0.99951171875,2047,2048,15113,28672,3.689697265625,0.527099609375,117d95853fe298a65452dc6ecbfb940d8af993d619c2efda54cde7f34f4a3754
near,previous,row,horizontal,128,36,4.298670763231631,0.99951171875,2047,2048,15113,28672,3.689697265625,0.527099609375,117d95853fe298a65452dc6ecbfb940d8af993d619c2efda54cde7f34f4a3754
near,previous,row,horizontal,256,36,4.298670763231631,0.99951171875,2047,2048,15113,28672,3.689697265625,0.527099609375,117d95853fe298a65452dc6ecbfb940d8af993d619c2efda54cde7f34f4a3754
near,previous,row,vertical,16,16,4.455400552162855,0.830078125,1700,2048,14516,28672,3.5439453125,0.5062779017857143,94444126cde98077baecd7a53f675f07f24ba5dbef388b1bf9d6f81d46a3e4fe
near,previous,row,vertical,32,32,4.455400552162855,0.990234375,2028,2048,13192,28672,3.220703125,0.46010044642857145,a72aa2f618298900fef32103001a724656fc099136376d396b17fa87eed64f1d
near,previous,row,vertical,64,41,4.455400552162855,0.99560546875,2039,2048,15265,28672,3.726806640625,0.5324009486607143,046ef8d90a9ab6164c487d01a105afb9c8ec191de9aa17df2d5d422e5de7c5d0
near,previous,row,vertical,128,41,4.455400552162855,0.99560546875,2039,2048,15265,28672,3.726806640625,0.5324009486607143,046ef8d90a9ab6164c487d01a105afb9c8ec191de9aa17df2d5d422e5de7c5d0
near,previous,row,vertical,256,41,4.455400552162855,0.99560546875,2039,2048,15265,28672,3.726806640625,0.5324009486607143,046ef8d90a9ab6164c487d01a105afb9c8ec191de9aa17df2d5d422e5de7c5d0
near,previous,serp,traversal,16,16,5.044706725022444,0.642578125,1316,2048,18740,28672,4.5751953125,0.6535993303571429,f1c5358cbcc342407d9ae1f1c963b047b282a48db0ff124d522c75f741d2d678
near,previous,serp,traversal,32,32,5.044706725022444,0.93115234375,1907,2048,14402,28672,3.51611328125,0.5023018973214286,68bdf8c2ead72087895d04ca8a2caecf0604cca37cf24527f460c52cafd3dcfa
near,previous,serp,traversal,64,45,5.044706725022444,1.0,2048,2048,15248,28672,3.72265625,0.5318080357142857,acd08c6ca84107d306a93cef28f07ff1f97173c5f90f9a41c8775f935b66dd06
near,previous,serp,traversal,128,45,5.044706725022444,1.0,2048,2048,15248,28672,3.72265625,0.5318080357142857,acd08c6ca84107d306a93cef28f07ff1f97173c5f90f9a41c8775f935b66dd06
near,previous,serp,traversal,256,45,5.044706725022444,1.0,2048,2048,15248,28672,3.72265625,0.5318080357142857,acd08c6ca84107d306a93cef28f07ff1f97173c5f90f9a41c8775f935b66dd06
near,previous,serp,horizontal,16,16,5.046723395531277,0.6435546875,1318,2048,18718,28672,4.56982421875,0.65283203125,74e961adf6662bd8ce6988a873cac0c01a0782171afe1b3adc254ad73ededa86
near,previous,serp,horizontal,32,32,5.046723395531277,0.9287109375,1902,2048,14452,28672,3.5283203125,0.5040457589285714,f98b422d5a5a9cdad8724fc30da496cb445d030204706924e353f4716039e427
near,previous,serp,horizontal,64,46,5.046723395531277,1.0,2048,2048,15264,28672,3.7265625,0.5323660714285714,52a01f68f24551c45eac9cc64caaa290b8d4f8313f8777fe1f63451b394cc7df
near,previous,serp,horizontal,128,46,5.046723395531277,1.0,2048,2048,15264,28672,3.7265625,0.5323660714285714,52a01f68f24551c45eac9cc64caaa290b8d4f8313f8777fe1f63451b394cc7df
near,previous,serp,horizontal,256,46,5.046723395531277,1.0,2048,2048,15264,28672,3.7265625,0.5323660714285714,52a01f68f24551c45eac9cc64caaa290b8d4f8313f8777fe1f63451b394cc7df
near,previous,serp,vertical,16,16,4.437828569593609,0.81787109375,1675,2048,14791,28672,3.611083984375,0.515869140625,8e8b8341b6e4de06ab5d9dfe485ee06a7266f6817e09a1db0d8aa33b0452752c
near,previous,serp,vertical,32,32,4.437828569593609,0.9951171875,2038,2048,13092,28672,3.1962890625,0.4566127232142857,c339102f9eb96d067a284172a21f8d30edd34a5dadcd2e2b496bf9049d06aafc
near,previous,serp,vertical,64,39,4.437828569593609,0.99951171875,2047,2048,15161,28672,3.701416015625,0.5287737165178571,5f45ed9777448a654a253f82499463e8c6a3182546238d2b5983806a6262d24c
near,previous,serp,vertical,128,39,4.437828569593609,0.99951171875,2047,2048,15161,28672,3.701416015625,0.5287737165178571,5f45ed9777448a654a253f82499463e8c6a3182546238d2b5983806a6262d24c
near,previous,serp,vertical,256,39,4.437828569593609,0.99951171875,2047,2048,15161,28672,3.701416015625,0.5287737165178571,5f45ed9777448a654a253f82499463e8c6a3182546238d2b5983806a6262d24c
near,previous,col,traversal,16,16,4.1598973554492344,0.892578125,1828,2048,13108,28672,3.2001953125,0.45717075892857145,b96040eace2c94b5dcc2d06f2ef210d54faff277d37c6ee50fa98270bc9996f7
near,previous,col,traversal,32,24,4.1598973554492344,0.99853515625,2045,2048,12894,28672,3.14794921875,0.44970703125,bfa74a539ad99feedb6735530edfcf6ec91b7eabb0c906d0cfd57f06b688a018
near,previous,col,traversal,64,24,4.1598973554492344,0.99853515625,2045,2048,12894,28672,3.14794921875,0.44970703125,bfa74a539ad99feedb6735530edfcf6ec91b7eabb0c906d0cfd57f06b688a018
near,previous,col,traversal,128,24,4.1598973554492344,0.99853515625,2045,2048,12894,28672,3.14794921875,0.44970703125,bfa74a539ad99feedb6735530edfcf6ec91b7eabb0c906d0cfd57f06b688a018
near,previous,col,traversal,256,24,4.1598973554492344,0.99853515625,2045,2048,12894,28672,3.14794921875,0.44970703125,bfa74a539ad99feedb6735530edfcf6ec91b7eabb0c906d0cfd57f06b688a018
near,previous,col,horizontal,16,16,4.392998253544659,0.8330078125,1706,2048,14450,28672,3.52783203125,0.5039760044642857,19cd3f4fa04ce5e784753a22f0f7719ba966bf59d62734ff6e042d0238cb73e5
near,previous,col,horizontal,32,31,4.392998253544659,0.9990234375,2046,2048,12996,28672,3.1728515625,0.45326450892857145,903b5f66141b13b7fd0c3e3ad53307509096ff1473a3c770d5624ddf7caed042
near,previous,col,horizontal,64,31,4.392998253544659,0.9990234375,2046,2048,12996,28672,3.1728515625,0.45326450892857145,903b5f66141b13b7fd0c3e3ad53307509096ff1473a3c770d5624ddf7caed042
near,previous,col,horizontal,128,31,4.392998253544659,0.9990234375,2046,2048,12996,28672,3.1728515625,0.45326450892857145,903b5f66141b13b7fd0c3e3ad53307509096ff1473a3c770d5624ddf7caed042
near,previous,col,horizontal,256,31,4.392998253544659,0.9990234375,2046,2048,12996,28672,3.1728515625,0.45326450892857145,903b5f66141b13b7fd0c3e3ad53307509096ff1473a3c770d5624ddf7caed042
near,previous,col,vertical,16,16,4.1598973554492344,0.892578125,1828,2048,13108,28672,3.2001953125,0.45717075892857145,c841cc5b0658ed5883667f4b72d0a9245e80762d3970459b30647ad016cfae23
near,previous,col,vertical,32,24,4.1598973554492344,0.99853515625,2045,2048,12894,28672,3.14794921875,0.44970703125,94263c9999a4466eca15d96404a61f10bc204dc52303dce0461e39047dc1a78e
near,previous,col,vertical,64,24,4.1598973554492344,0.99853515625,2045,2048,12894,28672,3.14794921875,0.44970703125,94263c9999a4466eca15d96404a61f10bc204dc52303dce0461e39047dc1a78e
near,previous,col,vertical,128,24,4.1598973554492344,0.99853515625,2045,2048,12894,28672,3.14794921875,0.44970703125,94263c9999a4466eca15d96404a61f10bc204dc52303dce0461e39047dc1a78e
near,previous,col,vertical,256,24,4.1598973554492344,0.99853515625,2045,2048,12894,28672,3.14794921875,0.44970703125,94263c9999a4466eca15d96404a61f10bc204dc52303dce0461e39047dc1a78e
near,previous,col_serp,traversal,16,16,5.205404366998473,0.59716796875,1223,2048,19763,28672,4.824951171875,0.6892787388392857,07ee87305feffc30079ce23f51ed19cb0052e9274fa99ccdd9a66e3a199713c9
near,previous,col_serp,traversal,32,32,5.205404366998473,0.88818359375,1819,2048,15282,28672,3.73095703125,0.5329938616071429,540dc1b6767ed713deb8c61407a441c70421530d958432b244c3cd8727464020
near,previous,col_serp,traversal,64,51,5.205404366998473,0.99365234375,2035,2048,15461,28672,3.774658203125,0.5392368861607143,049ddd0e5fdfd8a594953d76c1ddf510abdf95c7439a0115bd080192f2013090
near,previous,col_serp,traversal,128,51,5.205404366998473,0.99365234375,2035,2048,15461,28672,3.774658203125,0.5392368861607143,049ddd0e5fdfd8a594953d76c1ddf510abdf95c7439a0115bd080192f2013090
near,previous,col_serp,traversal,256,51,5.205404366998473,0.99365234375,2035,2048,15461,28672,3.774658203125,0.5392368861607143,049ddd0e5fdfd8a594953d76c1ddf510abdf95c7439a0115bd080192f2013090
near,previous,col_serp,horizontal,16,16,4.458046516242324,0.81884765625,1677,2048,14769,28672,3.605712890625,0.5151018415178571,10f1b4763cf980679031a6187a04ec990e44776f252b145586029e214f49237f
near,previous,col_serp,horizontal,32,32,4.458046516242324,0.9951171875,2038,2048,13092,28672,3.1962890625,0.4566127232142857,d5ad15447a6af41e8cf8b677ccb16b8fa036a0e756efb21ca578e9d3f6ca838b
near,previous,col_serp,horizontal,64,35,4.458046516242324,0.99658203125,2041,2048,15151,28672,3.698974609375,0.5284249441964286,a2eeb5c5aaf23ea37a7a59c3ae53b4db9c2681f3bbb685a380656ae200db1395
near,previous,col_serp,horizontal,128,35,4.458046516242324,0.99658203125,2041,2048,15151,28672,3.698974609375,0.5284249441964286,a2eeb5c5aaf23ea37a7a59c3ae53b4db9c2681f3bbb685a380656ae200db1395
near,previous,col_serp,horizontal,256,35,4.458046516242324,0.99658203125,2041,2048,15151,28672,3.698974609375,0.5284249441964286,a2eeb5c5aaf23ea37a7a59c3ae53b4db9c2681f3bbb685a380656ae200db1395
near,previous,col_serp,vertical,16,16,5.205404366998473,0.59716796875,1223,2048,19763,28672,4.824951171875,0.6892787388392857,838623f587aaf6b66e9c844eb39fbcff6eef93d15e4d3d4d443a46d6bf5ae61c
near,previous,col_serp,vertical,32,32,5.205404366998473,0.88818359375,1819,2048,15282,28672,3.73095703125,0.5329938616071429,0644072330b8839b9c035db96ba6e196e595957da9e9a279057edb18fd77f8b1
near,previous,col_serp,vertical,64,51,5.205404366998473,0.99462890625,2037,2048,15443,28672,3.770263671875,0.5386090959821429,e45cd0730fed9dcc90873f1bf5d402d5667b1b66ea22642c91198864a4c9e85c
near,previous,col_serp,vertical,128,51,5.205404366998473,0.99462890625,2037,2048,15443,28672,3.770263671875,0.5386090959821429,e45cd0730fed9dcc90873f1bf5d402d5667b1b66ea22642c91198864a4c9e85c
near,previous,col_serp,vertical,256,51,5.205404366998473,0.99462890625,2037,2048,15443,28672,3.770263671875,0.5386090959821429,e45cd0730fed9dcc90873f1bf5d402d5667b1b66ea22642c91198864a4c9e85c
near,avg,row,traversal,16,16,4.174651289511339,0.92333984375,1891,2048,12415,28672,3.031005859375,0.43300083705357145,662d7cd1218b51676c32fc1699c22810c26033b0e29a599e91023765932736b4
near,avg,row,traversal,32,32,4.174651289511339,0.98583984375,2019,2048,13282,28672,3.24267578125,0.46323939732142855,3931eb11e186fa04cf4f30fc23b26457d43390cb6787323e0e7e0338334c3de1
near,avg,row,traversal,64,48,4.174651289511339,0.99365234375,2035,2048,15413,28672,3.762939453125,0.5375627790178571,7d93c3c7223331254c5eb36c1cee94e532296692da4c88b61e23eefa9bc11d7e
near,avg,row,traversal,128,48,4.174651289511339,0.99365234375,2035,2048,15413,28672,3.762939453125,0.5375627790178571,7d93c3c7223331254c5eb36c1cee94e532296692da4c88b61e23eefa9bc11d7e
near,avg,row,traversal,256,48,4.174651289511339,0.99365234375,2035,2048,15413,28672,3.762939453125,0.5375627790178571,7d93c3c7223331254c5eb36c1cee94e532296692da4c88b61e23eefa9bc11d7e
near,avg,row,horizontal,16,16,4.174651289511339,0.92333984375,1891,2048,12415,28672,3.031005859375,0.43300083705357145,f6e2a5727a126c205041485049011dec10bc81018f59ea12e4524c0d45e9a5c2
near,avg,row,horizontal,32,32,4.174651289511339,0.98583984375,2019,2048,13282,28672,3.24267578125,0.46323939732142855,bfccc0a0812174293b9b3fa67d3a0612f7b6caaccdfed00b3affd3dc51241a28
near,avg,row,horizontal,64,48,4.174651289511339,0.99365234375,2035,2048,15413,28672,3.762939453125,0.5375627790178571,13a2af425713a912095ff38ed350fb6da040ff222568bb123d018a36a8cfab23
near,avg,row,horizontal,128,48,4.174651289511339,0.99365234375,2035,2048,15413,28672,3.762939453125,0.5375627790178571,13a2af425713a912095ff38ed350fb6da040ff222568bb123d018a36a8cfab23
near,avg,row,horizontal,256,48,4.174651289511339,0.99365234375,2035,2048,15413,28672,3.762939453125,0.5375627790178571,13a2af425713a912095ff38ed350fb6da040ff222568bb123d018a36a8cfab23
near,avg,row,vertical,16,16,4.172228260051906,0.92626953125,1897,2048,12349,28672,3.014892578125,0.43069893973214285,efbfa87ab9f1a4330e98f85973901cdf20348941adf4754d5faf50919a628926
near,avg,row,vertical,32,32,4.172228260051906,0.98828125,2024,2048,13232,28672,3.23046875,0.4614955357142857,01efc046ecafd5f73114db74c4085cbe4a2df0594ee6ff7d788a6d3c43b96458
near,avg,row,vertical,64,46,4.172228260051906,0.99365234375,2035,2048,15381,28672,3.755126953125,0.5364467075892857,e23661e67456a8bc8001d141c367d778874d7a4adf84ea8cc1c2fe0412572b12
near,avg,row,vertical,128,46,4.172228260051906,0.99365234375,2035,2048,15381,28672,3.755126953125,0.5364467075892857,e23661e67456a8bc8001d141c367d778874d7a4adf84ea8cc1c2fe0412572b12
near,avg,row,vertical,256,46,4.172228260051906,0.99365234375,2035,2048,15381,28672,3.755126953125,0.5364467075892857,e23661e67456a8bc8001d141c367d778874d7a4adf84ea8cc1c2fe0412572b12
near,avg,serp,traversal,16,16,4.348092848946632,0.8701171875,1782,2048,13614,28672,3.32373046875,0.47481863839285715,e2f1e64fed6817ffd5096f71ddbedeec5187e59b52459575f8fccdc8e3ca8e9b
near,avg,serp,traversal,32,32,4.348092848946632,0.9912109375,2030,2048,13172,28672,3.2158203125,0.4594029017857143,f3af28e057a4bc5ef4f646cce83962a32076e867f2c4bb95540ddfad919b31ae
near,avg,serp,traversal,64,41,4.348092848946632,0.99462890625,2037,2048,15283,28672,3.731201171875,0.5330287388392857,d3f983e1738bcd7260cf5f3591118522ac319b4d766940cd6a451545d366f0c5
near,avg,serp,traversal,128,41,4.348092848946632,0.99462890625,2037,2048,15283,28672,3.731201171875,0.5330287388392857,d3f983e1738bcd7260cf5f3591118522ac319b4d766940cd6a451545d366f0c5
near,avg,serp,traversal,256,41,4.348092848946632,0.99462890625,2037,2048,15283,28672,3.731201171875,0.5330287388392857,d3f983e1738bcd7260cf5f3591118522ac319b4d766940cd6a451545d366f0c5
near,avg,serp,horizontal,16,16,4.346816517316941,0.87158203125,1785,2048,13581,28672,3.315673828125,0.47366768973214285,d32aa089af85b65e104aa1008f43df207aeca29e3f78aa57acdc7fc74afa2bc3
near,avg,serp,horizontal,32,32,4.346816517316941,0.9912109375,2030,2048,13172,28672,3.2158203125,0.4594029017857143,0eda26f7c876aae9ff2c48dd6b2b3accd9a5196204035d737e2c881118bad576
near,avg,serp,horizontal,64,41,4.346816517316941,0.99462890625,2037,2048,15283,28672,3.731201171875,0.5330287388392857,fbfb358f174e9552fe9a65d9137a03065d5766d8055a51832c125628baf57e21
near,avg,serp,horizontal,128,41,4.346816517316941,0.99462890625,2037,2048,15283,28672,3.731201171875,0.5330287388392857,fbfb358f174e9552fe9a65d9137a03065d5766d8055a51832c125628baf57e21
near,avg,serp,horizontal,256,41,4.346816517316941,0.99462890625,2037,2048,15283,28672,3.731201171875,0.5330287388392857,fbfb358f174e9552fe9a65d9137a03065d5766d8055a51832c125628baf57e21
near,avg,serp,vertical,16,16,4.0429697900629975,0.951171875,1948,2048,11788,28672,2.8779296875,0.4111328125,7a9db21cd9c129512d1f0059587349e8183e219745d138c8b19cf338528d6bb2
near,avg,serp,vertical,32,32,4.0429697900629975,0.9951171875,2038,2048,13092,28672,3.1962890625,0.4566127232142857,fa56f15400fa3dcc34afdcdc0584b391e8e67418fc539c20cc58d44a1987ce63
near,avg,serp,vertical,64,34,4.0429697900629975,0.9970703125,2042,2048,15126,28672,3.69287109375,0.5275530133928571,104c2d3674018de0a15f61d094d76774f8c4af12288e9b9e317f792074c9b2fa
near,avg,serp,vertical,128,34,4.0429697900629975,0.9970703125,2042,2048,15126,28672,3.69287109375,0.5275530133928571,104c2d3674018de0a15f61d094d76774f8c4af12288e9b9e317f792074c9b2fa
near,avg,serp,vertical,256,34,4.0429697900629975,0.9970703125,2042,2048,15126,28672,3.69287109375,0.5275530133928571,104c2d3674018de0a15f61d094d76774f8c4af12288e9b9e317f792074c9b2fa
near,avg,col,traversal,16,16,4.172228260051906,0.92626953125,1897,2048,12349,28672,3.014892578125,0.43069893973214285,1633af120b9d10d7dd7f52cce84eb773afb8e7f3e88d35dc75ead67f41f97b99
near,avg,col,traversal,32,32,4.172228260051906,0.98828125,2024,2048,13232,28672,3.23046875,0.4614955357142857,4e839c1f8ec24ce5568970e0c30d97b4098b81930bc861cbea6dedba0a2079e2
near,avg,col,traversal,64,46,4.172228260051906,0.99365234375,2035,2048,15381,28672,3.755126953125,0.5364467075892857,d3af8a3bf11e9c693580fffb21d6e65eb1bd5bf00984966e7b019cc8a20160cc
near,avg,col,traversal,128,46,4.172228260051906,0.99365234375,2035,2048,15381,28672,3.755126953125,0.5364467075892857,d3af8a3bf11e9c693580fffb21d6e65eb1bd5bf00984966e7b019cc8a20160cc
near,avg,col,traversal,256,46,4.172228260051906,0.99365234375,2035,2048,15381,28672,3.755126953125,0.5364467075892857,d3af8a3bf11e9c693580fffb21d6e65eb1bd5bf00984966e7b019cc8a20160cc
near,avg,col,horizontal,16,16,4.174651289511339,0.92333984375,1891,2048,12415,28672,3.031005859375,0.43300083705357145,78932d37bdf8240d5f98b9ee06b9b46423c0e5b1e466d143b7d142952d728e8b
near,avg,col,horizontal,32,32,4.174651289511339,0.98583984375,2019,2048,13282,28672,3.24267578125,0.46323939732142855,45837da16f5bf539a2b0976d8f7409d0ae63756d155b89268afc5983b0960818
near,avg,col,horizontal,64,48,4.174651289511339,0.99365234375,2035,2048,15413,28672,3.762939453125,0.5375627790178571,872733d3d297b057854ddb9120178e2b1d749eb986dfb70ec5a212bef75468d7
near,avg,col,horizontal,128,48,4.174651289511339,0.99365234375,2035,2048,15413,28672,3.762939453125,0.5375627790178571,872733d3d297b057854ddb9120178e2b1d749eb986dfb70ec5a212bef75468d7
near,avg,col,horizontal,256,48,4.174651289511339,0.99365234375,2035,2048,15413,28672,3.762939453125,0.5375627790178571,872733d3d297b057854ddb9120178e2b1d749eb986dfb70ec5a212bef75468d7
near,avg,col,vertical,16,16,4.172228260051906,0.92626953125,1897,2048,12349,28672,3.014892578125,0.43069893973214285,b0b12840fa6f269f74c3dcc60cc8d52b4e2e2a3b21a881f9f3a2bae629f27be6
near,avg,col,vertical,32,32,4.172228260051906,0.98828125,2024,2048,13232,28672,3.23046875,0.4614955357142857,59c7089a45807afc7a6b71b0ea80da2264e0fb1739e9386158ffb5798b90fca4
near,avg,col,vertical,64,46,4.172228260051906,0.99365234375,2035,2048,15381,28672,3.755126953125,0.5364467075892857,3e6a17ba60fea5366e61d03925e786506918f01601a13fb4022bd7dcac01b6a8
near,avg,col,vertical,128,46,4.172228260051906,0.99365234375,2035,2048,15381,28672,3.755126953125,0.5364467075892857,3e6a17ba60fea5366e61d03925e786506918f01601a13fb4022bd7dcac01b6a8
near,avg,col,vertical,256,46,4.172228260051906,0.99365234375,2035,2048,15381,28672,3.755126953125,0.5364467075892857,3e6a17ba60fea5366e61d03925e786506918f01601a13fb4022bd7dcac01b6a8
near,avg,col_serp,traversal,16,16,4.515103548977972,0.841796875,1724,2048,14252,28672,3.4794921875,0.4970703125,fe5a46dbb1e4cac530d79bb3294906145fd1d9a564d55c0736c3609914c8f95b
near,avg,col_serp,traversal,32,32,4.515103548977972,0.990234375,2028,2048,13192,28672,3.220703125,0.46010044642857145,f8d23fe3a5f8495742921e6ca479bd7efba7c1e73ad4a28e242fcaa15c5a3489
near,avg,col_serp,traversal,64,45,4.515103548977972,0.99560546875,2039,2048,15329,28672,3.742431640625,0.5346330915178571,b4a62fdc2794144299e21e69233c8e948c61de2f2e0c4eaa2c0ccfc864199882
near,avg,col_serp,traversal,128,45,4.515103548977972,0.99560546875,2039,2048,15329,28672,3.742431640625,0.5346330915178571,b4a62fdc2794144299e21e69233c8e948c61de2f2e0c4eaa2c0ccfc864199882
near,avg,col_serp,traversal,256,45,4.515103548977972,0.99560546875,2039,2048,15329,28672,3.742431640625,0.5346330915178571,b4a62fdc2794144299e21e69233c8e948c61de2f2e0c4eaa2c0ccfc864199882
near,avg,col_serp,horizontal,16,16,4.026409354848021,0.9462890625,1938,2048,11898,28672,2.90478515625,0.4149693080357143,54f1d8e110c800f5562e73108458c0f759ceaccf77cd61b4ae4abee8d26474ec
near,avg,col_serp,horizontal,32,32,4.026409354848021,0.9951171875,2038,2048,13092,28672,3.1962890625,0.4566127232142857,877590c70a1e8ff96522eb5d7b2dc5995d47f791cd68a98ed69098b868a6f70c
near,avg,col_serp,horizontal,64,35,4.026409354848021,0.99609375,2040,2048,15160,28672,3.701171875,0.5287388392857143,b37c7ec41d98e5ef09c46a49a8cc8be7df3fc31df6fccb449d7ffbbe257db3df
near,avg,col_serp,horizontal,128,35,4.026409354848021,0.99609375,2040,2048,15160,28672,3.701171875,0.5287388392857143,b37c7ec41d98e5ef09c46a49a8cc8be7df3fc31df6fccb449d7ffbbe257db3df
near,avg,col_serp,horizontal,256,35,4.026409354848021,0.99609375,2040,2048,15160,28672,3.701171875,0.5287388392857143,b37c7ec41d98e5ef09c46a49a8cc8be7df3fc31df6fccb449d7ffbbe257db3df
near,avg,col_serp,vertical,16,16,4.515204280592935,0.841796875,1724,2048,14252,28672,3.4794921875,0.4970703125,bac670a50af7d753cfb6710b914565016b4c54e999ba4f02b70b66031d9e3074
near,avg,col_serp,vertical,32,32,4.515204280592935,0.990234375,2028,2048,13192,28672,3.220703125,0.46010044642857145,4bc2c524c051d564cd0889d2ccfd306a3344b8d9f96387fb2e2543bff17c8ea3
near,avg,col_serp,vertical,64,45,4.515204280592935,0.99560546875,2039,2048,15329,28672,3.742431640625,0.5346330915178571,4a4bf08d8b5f52dbe85e594a21b93f03dad2912caa9836819c9e62804900504e
near,avg,col_serp,vertical,128,45,4.515204280592935,0.99560546875,2039,2048,15329,28672,3.742431640625,0.5346330915178571,4a4bf08d8b5f52dbe85e594a21b93f03dad2912caa9836819c9e62804900504e
near,avg,col_serp,vertical,256,45,4.515204280592935,0.99560546875,2039,2048,15329,28672,3.742431640625,0.5346330915178571,4a4bf08d8b5f52dbe85e594a21b93f03dad2912caa9836819c9e62804900504e
near,paeth,row,traversal,16,16,4.271761467033158,0.880859375,1804,2048,13372,28672,3.2646484375,0.4663783482142857,82742c851bf072016f8161c91a169ea35aeef128b210a9b20ec2a17a6a158b97
near,paeth,row,traversal,32,29,4.271761467033158,1.0,2048,2048,12944,28672,3.16015625,0.45145089285714285,911a974f9af36815954b0a0f85f1b258eea78935a7a6777a4bd917d553332743
near,paeth,row,traversal,64,29,4.271761467033158,1.0,2048,2048,12944,28672,3.16015625,0.45145089285714285,911a974f9af36815954b0a0f85f1b258eea78935a7a6777a4bd917d553332743
near,paeth,row,traversal,128,29,4.271761467033158,1.0,2048,2048,12944,28672,3.16015625,0.45145089285714285,911a974f9af36815954b0a0f85f1b258eea78935a7a6777a4bd917d553332743
near,paeth,row,traversal,256,29,4.271761467033158,1.0,2048,2048,12944,28672,3.16015625,0.45145089285714285,911a974f9af36815954b0a0f85f1b258eea78935a7a6777a4bd917d553332743
near,paeth,row,horizontal,16,16,4.271761467033158,0.880859375,1804,2048,13372,28672,3.2646484375,0.4663783482142857,80c7b2bc2fb558bc73c7cbc7ddf974827cadc715c17d119b491f6bf8f76ed930
near,paeth,row,horizontal,32,29,4.271761467033158,1.0,2048,2048,12944,28672,3.16015625,0.45145089285714285,dfcfea1006e26298e047c8a81667d4fd13d4a15b4e456ac5e77055823befca99
near,paeth,row,horizontal,64,29,4.271761467033158,1.0,2048,2048,12944,28672,3.16015625,0.45145089285714285,dfcfea1006e26298e047c8a81667d4fd13d4a15b4e456ac5e77055823befca99
near,paeth,row,horizontal,128,29,4.271761467033158,1.0,2048,2048,12944,28672,3.16015625,0.45145089285714285,dfcfea1006e26298e047c8a81667d4fd13d4a15b4e456ac5e77055823befca99
near,paeth,row,horizontal,256,29,4.271761467033158,1.0,2048,2048,12944,28672,3.16015625,0.45145089285714285,dfcfea1006e26298e047c8a81667d4fd13d4a15b4e456ac5e77055823befca99
near,paeth,row,vertical,16,16,4.3839128786925174,0.84326171875,1727,2048,14219,28672,3.471435546875,0.4959193638392857,355c4453ee89be2f61f74c4e206269e302dcdc8fce6c26a6e1d5527fd4e65fb3
near,paeth,row,vertical,32,32,4.3839128786925174,0.99951171875,2047,2048,13002,28672,3.17431640625,0.45347377232142855,3b99a13ed5c981cab7cb29801f565a13808711ded931a20b97fb91807db899fa
near,paeth,row,vertical,64,32,4.3839128786925174,0.99951171875,2047,2048,13002,28672,3.17431640625,0.45347377232142855,3b99a13ed5c981cab7cb29801f565a13808711ded931a20b97fb91807db899fa
near,paeth,row,vertical,128,32,4.3839128786925174,0.99951171875,2047,2048,13002,28672,3.17431640625,0.45347377232142855,3b99a13ed5c981cab7cb29801f565a13808711ded931a20b97fb91807db899fa
near,paeth,row,vertical,256,32,4.3839128786925174,0.99951171875,2047,2048,13002,28672,3.17431640625,0.45347377232142855,3b99a13ed5c981cab7cb29801f565a13808711ded931a20b97fb91807db899fa
near,paeth,serp,traversal,16,16,4.655651118343073,0.78173828125,1601,2048,15605,28672,3.809814453125,0.5442592075892857,78001193d62081412242e87597dac34c943c6510576b8ca48092ff0d23bc2793
near,paeth,serp,traversal,32,32,4.655651118343073,0.99462890625,2037,2048,13102,28672,3.19873046875,0.4569614955357143,39a2242f5915b62a863f2b62b6ca8189d66f8510e55b6482cffe7c56525a7b28
near,paeth,serp,traversal,64,34,4.655651118343073,1.0,2048,2048,15072,28672,3.6796875,0.5256696428571429,26530082e5bb918585ca207a2c00af352917f812277f779af25762c54a0098d0
near,paeth,serp,traversal,128,34,4.655651118343073,1.0,2048,2048,15072,28672,3.6796875,0.5256696428571429,26530082e5bb918585ca207a2c00af352917f812277f779af25762c54a0098d0
near,paeth,serp,traversal,256,34,4.655651118343073,1.0,2048,2048,15072,28672,3.6796875,0.5256696428571429,26530082e5bb918585ca207a2c00af352917f812277f779af25762c54a0098d0
near,paeth,serp,horizontal,16,16,4.656967672338762,0.78173828125,1601,2048,15605,28672,3.809814453125,0.5442592075892857,64c00cd5f7893323653819020395ed34e4bf33bf70c03ca64a52ee9237f3b38b
near,paeth,serp,horizontal,32,32,4.656967672338762,0.99462890625,2037,2048,13102,28672,3.19873046875,0.4569614955357143,75e69c108b52b8f413efe56cc44682b1c76224322dea742df100eaae33d7bbe5
near,paeth,serp,horizontal,64,34,4.656967672338762,1.0,2048,2048,15072,28672,3.6796875,0.5256696428571429,660b2d77ce8fe1c894668e6c2fecef794973511f12f8198d00f1d89228e32dcd
near,paeth,serp,horizontal,128,34,4.656967672338762,1.0,2048,2048,15072,28672,3.6796875,0.5256696428571429,660b2d77ce8fe1c894668e6c2fecef794973511f12f8198d00f1d89228e32dcd
near,paeth,serp,horizontal,256,34,4.656967672338762,1.0,2048,2048,15072,28672,3.6796875,0.5256696428571429,660b2d77ce8fe1c894668e6c2fecef794973511f12f8198d00f1d89228e32dcd
near,paeth,serp,vertical,16,16,4.190464254163539,0.904296875,1852,2048,12844,28672,3.1357421875,0.44796316964285715,c9baad576b66614c6dc301b2c1311a1ac5c5889c0069d0a49b28f50faf590527
near,paeth,serp,vertical,32,24,4.190464254163539,1.0,2048,2048,12864,28672,3.140625,0.4486607142857143,83969a65fc93540e00cf97d240b886ce06f68bb3a896ae5d33dd5059b1fed58e
near,paeth,serp,vertical,64,24,4.190464254163539,1.0,2048,2048,12864,28672,3.140625,0.4486607142857143,83969a65fc93540e00cf97d240b886ce06f68bb3a896ae5d33dd5059b1fed58e
near,paeth,serp,vertical,128,24,4.190464254163539,1.0,2048,2048,12864,28672,3.140625,0.4486607142857143,83969a65fc93540e00cf97d240b886ce06f68bb3a896ae5d33dd5059b1fed58e
near,paeth,serp,vertical,256,24,4.190464254163539,1.0,2048,2048,12864,28672,3.140625,0.4486607142857143,83969a65fc93540e00cf97d240b886ce06f68bb3a896ae5d33dd5059b1fed58e
near,paeth,col,traversal,16,16,4.3839128786925174,0.84326171875,1727,2048,14219,28672,3.471435546875,0.4959193638392857,6ea4a4ecde572e2c302c48020ff9cc272d72c070c622bda59c2505b5a1e41ea2
near,paeth,col,traversal,32,32,4.3839128786925174,0.99951171875,2047,2048,13002,28672,3.17431640625,0.45347377232142855,2046bbf8b6cd2fa83ef9f01d6e5b0e728c246ffed604c78a70d33c881669df9c
near,paeth,col,traversal,64,32,4.3839128786925174,0.99951171875,2047,2048,13002,28672,3.17431640625,0.45347377232142855,2046bbf8b6cd2fa83ef9f01d6e5b0e728c246ffed604c78a70d33c881669df9c
near,paeth,col,traversal,128,32,4.3839128786925174,0.99951171875,2047,2048,13002,28672,3.17431640625,0.45347377232142855,2046bbf8b6cd2fa83ef9f01d6e5b0e728c246ffed604c78a70d33c881669df9c
near,paeth,col,traversal,256,32,4.3839128786925174,0.99951171875,2047,2048,13002,28672,3.17431640625,0.45347377232142855,2046bbf8b6cd2fa83ef9f01d6e5b0e728c246ffed604c78a70d33c881669df9c
near,paeth,col,horizontal,16,16,4.271761467033158,0.880859375,1804,2048,13372,28672,3.2646484375,0.4663783482142857,f2de4062365988089446ada0eb97c973616825414c9e19f86b38812b478d4f48
near,paeth,col,horizontal,32,29,4.271761467033158,1.0,2048,2048,12944,28672,3.16015625,0.45145089285714285,3c84bf81425034a6ebfabfa0ec46c517e7ca714011cd8fce87ece39ef0778c70
near,paeth,col,horizontal,64,29,4.271761467033158,1.0,2048,2048,12944,28672,3.16015625,0.45145089285714285,3c84bf81425034a6ebfabfa0ec46c517e7ca714011cd8fce87ece39ef0778c70
near,paeth,col,horizontal,128,29,4.271761467033158,1.0,2048,2048,12944,28672,3.16015625,0.45145089285714285,3c84bf81425034a6ebfabfa0ec46c517e7ca714011cd8fce87ece39ef0778c70
near,paeth,col,horizontal,256,29,4.271761467033158,1.0,2048,2048,12944,28672,3.16015625,0.45145089285714285,3c84bf81425034a6ebfabfa0ec46c517e7ca714011cd8fce87ece39ef0778c70
near,paeth,col,vertical,16,16,4.3839128786925174,0.84326171875,1727,2048,14219,28672,3.471435546875,0.4959193638392857,9ec5f44dd2d5bb93da1584eab4b39f6ea001eb0ece84c980a04efe1f8b2a41c5
near,paeth,col,vertical,32,32,4.3839128786925174,0.99951171875,2047,2048,13002,28672,3.17431640625,0.45347377232142855,96bacaba8272e0581a4a1a86f6df5f0ff91e0a23f661aa1c8d2c09cadd4796de
near,paeth,col,vertical,64,32,4.3839128786925174,0.99951171875,2047,2048,13002,28672,3.17431640625,0.45347377232142855,96bacaba8272e0581a4a1a86f6df5f0ff91e0a23f661aa1c8d2c09cadd4796de
near,paeth,col,vertical,128,32,4.3839128786925174,0.99951171875,2047,2048,13002,28672,3.17431640625,0.45347377232142855,96bacaba8272e0581a4a1a86f6df5f0ff91e0a23f661aa1c8d2c09cadd4796de
near,paeth,col,vertical,256,32,4.3839128786925174,0.99951171875,2047,2048,13002,28672,3.17431640625,0.45347377232142855,96bacaba8272e0581a4a1a86f6df5f0ff91e0a23f661aa1c8d2c09cadd4796de
near,paeth,col_serp,traversal,16,16,4.406678605239957,0.84130859375,1723,2048,14263,28672,3.482177734375,0.49745396205357145,dfc80cb78b2e0e9357f1a567b373d327ff31a4ec6726d3a4662d8d65a0136f26
near,paeth,col_serp,traversal,32,31,4.406678605239957,0.99951171875,2047,2048,12986,28672,3.17041015625,0.45291573660714285,7c4f45ea87653093ed82c0575cd3cd482945a1ad0141520d9b14c5a777a5e4e8
near,paeth,col_serp,traversal,64,31,4.406678605239957,0.99951171875,2047,2048,12986,28672,3.17041015625,0.45291573660714285,7c4f45ea87653093ed82c0575cd3cd482945a1ad0141520d9b14c5a777a5e4e8
near,paeth,col_serp,traversal,128,31,4.406678605239957,0.99951171875,2047,2048,12986,28672,3.17041015625,0.45291573660714285,7c4f45ea87653093ed82c0575cd3cd482945a1ad0141520d9b14c5a777a5e4e8
near,paeth,col_serp,traversal,256,31,4.406678605239957,0.99951171875,2047,2048,12986,28672,3.17041015625,0.45291573660714285,7c4f45ea87653093ed82c0575cd3cd482945a1ad0141520d9b14c5a777a5e4e8
near,paeth,col_serp,horizontal,16,16,4.189205006838929,0.900390625,1844,2048,12932,28672,3.1572265625,0.45103236607142855,b99d5916765816ce3e0b6c649574ee76accf55d47c33f3f813ffb2511a5b3eab
near,paeth,col_serp,horizontal,32,24,4.189205006838929,1.0,2048,2048,12864,28672,3.140625,0.4486607142857143,39cdbe5851b16e1714a5f1fa4169fa51480427421b168dd5d481962667147c21
near,paeth,col_serp,horizontal,64,24,4.189205006838929,1.0,2048,2048,12864,28672,3.140625,0.4486607142857143,39cdbe5851b16e1714a5f1fa4169fa51480427421b168dd5d481962667147c21
near,paeth,col_serp,horizontal,128,24,4.189205006838929,1.0,2048,2048,12864,28672,3.140625,0.4486607142857143,39cdbe5851b16e1714a5f1fa4169fa51480427421b168dd5d481962667147c21
near,paeth,col_serp,horizontal,256,24,4.189205006838929,1.0,2048,2048,12864,28672,3.140625,0.4486607142857143,39cdbe5851b16e1714a5f1fa4169fa51480427421b168dd5d481962667147c21
near,paeth,col_serp,vertical,16,16,4.4093074369287315,0.83837890625,1717,2048,14329,28672,3.498291015625,0.499755859375,ecc78a4761942f67abf32b5a64b2159085c2ec88ff6a385623785a39b0e50188
near,paeth,col_serp,vertical,32,31,4.4093074369287315,0.99951171875,2047,2048,12986,28672,3.17041015625,0.45291573660714285,21bed1739469b1012f3c48450ef3665c868e372c795554ab6552e47e425dd965
near,paeth,col_serp,vertical,64,31,4.4093074369287315,0.99951171875,2047,2048,12986,28672,3.17041015625,0.45291573660714285,21bed1739469b1012f3c48450ef3665c868e372c795554ab6552e47e425dd965
near,paeth,col_serp,vertical,128,31,4.4093074369287315,0.99951171875,2047,2048,12986,28672,3.17041015625,0.45291573660714285,21bed1739469b1012f3c48450ef3665c868e372c795554ab6552e47e425dd965
near,paeth,col_serp,vertical,256,31,4.4093074369287315,0.99951171875,2047,2048,12986,28672,3.17041015625,0.45291573660714285,21bed1739469b1012f3c48450ef3665c868e372c795554ab6552e47e425dd965
